Date,TotalReturnsIndex
2005-04-01,1000.0
2005-04-04,994.18
2005-04-05,980.92
2005-04-06,1001.34
2005-04-07,1001.88
2005-04-08,996.57
2005-04-11,990.16
2005-04-12,996.6
2005-04-13,997.5
2005-04-15,971.11
2005-04-18,965.13
2005-04-19,955.63
2005-04-20,960.54
2005-04-21,973.16
2005-04-22,975.25
2005-04-25,984.12
2005-04-26,988.22
2005-04-27,974.97
2005-04-28,962.25
2005-04-29,944.49
2005-05-02,947.29
2005-05-03,948.69
2005-05-04,961.85
2005-05-05,982.48
2005-05-06,987.03
2005-05-09,998.1
2005-05-10,992.36
2005-05-11,991.31
2005-05-12,1004.97
2005-05-13,1009.38
2005-05-16,1026.83
2005-05-17,1015.46
2005-05-18,1017.82
2005-05-19,1028.03
2005-05-20,1031.82
2005-05-23,1041.49
2005-05-24,1045.71
2005-05-25,1049.45
2005-05-26,1039.06
2005-05-27,1041.57
2005-05-30,1036.78
2005-05-31,1042.24
2005-06-01,1044.68
2005-06-02,1040.18
2005-06-03,1049.38
2005-06-04,1057.71
2005-06-06,1057.27
2005-06-07,1074.48
2005-06-08,1085.24
2005-06-09,1088.67
2005-06-10,1076.71
2005-06-13,1074.81
2005-06-14,1075.7
2005-06-15,1075.05
2005-06-16,1054.33
2005-06-17,1040.76
2005-06-20,1032.43
2005-06-21,1031.08
2005-06-22,1026.54
2005-06-23,1035.19
2005-06-24,1036.94
2005-06-27,1038.1
2005-06-28,1020.33
2005-06-29,1027.12
2005-06-30,1019.75
2005-07-01,1035.91
2005-07-04,1050.41
2005-07-05,1044.38
2005-07-06,1064.18
2005-07-07,1045.99
2005-07-08,1061.63
2005-07-11,1075.66
2005-07-12,1082.11
2005-07-13,1093.83
2005-07-14,1089.92
2005-07-15,1103.22
2005-07-18,1129.73
2005-07-19,1139.74
2005-07-20,1148.32
2005-07-21,1140.14
2005-07-22,1157.08
2005-07-25,1154.2
2005-07-26,1150.01
2005-07-27,1149.0
2005-07-29,1138.5
2005-08-01,1144.52
2005-08-02,1172.82
2005-08-03,1170.31
2005-08-04,1172.22
2005-08-05,1180.07
2005-08-08,1159.53
2005-08-09,1148.74
2005-08-10,1173.83
2005-08-11,1182.44
2005-08-12,1178.21
2005-08-16,1186.58
2005-08-17,1199.59
2005-08-18,1192.17
2005-08-19,1189.37
2005-08-22,1195.99
2005-08-23,1166.14
2005-08-24,1149.9
2005-08-25,1159.51
2005-08-26,1177.86
2005-08-29,1173.11
2005-08-30,1187.09
2005-08-31,1203.82
2005-09-01,1211.48
2005-09-02,1221.51
2005-09-05,1222.09
2005-09-06,1231.17
2005-09-08,1246.5
2005-09-09,1245.34
2005-09-12,1266.29
2005-09-13,1278.37
2005-09-14,1265.14
2005-09-15,1285.13
2005-09-16,1302.69
2005-09-19,1317.29
2005-09-20,1300.42
2005-09-21,1268.43
2005-09-22,1195.05
2005-09-23,1211.2
2005-09-26,1250.11
2005-09-27,1260.37
2005-09-28,1271.23
2005-09-29,1259.52
2005-09-30,1256.31
2005-10-03,1272.31
2005-10-04,1297.27
2005-10-05,1291.38
2005-10-06,1276.61
2005-10-07,1265.42
2005-10-10,1247.98
2005-10-11,1252.82
2005-10-13,1231.19
2005-10-14,1205.59
2005-10-17,1197.26
2005-10-18,1192.27
2005-10-19,1155.49
2005-10-20,1136.16
2005-10-21,1149.4
2005-10-24,1152.47
2005-10-25,1161.62
2005-10-26,1156.28
2005-10-27,1128.55
2005-10-28,1109.03
2005-10-31,1122.67
2005-11-01,1138.65
2005-11-02,1150.38
2005-11-07,1165.6
2005-11-08,1182.93
2005-11-09,1178.51
2005-11-10,1186.72
2005-11-11,1212.29
2005-11-14,1220.87
2005-11-16,1228.94
2005-11-17,1233.06
2005-11-18,1229.27
2005-11-21,1214.28
2005-11-22,1201.85
2005-11-23,1200.32
2005-11-24,1205.67
2005-11-25,1218.66
2005-11-26,1225.92
2005-11-28,1233.25
2005-11-29,1226.18
2005-11-30,1218.04
2005-12-01,1232.39
2005-12-02,1232.29
2005-12-05,1223.35
2005-12-06,1214.01
2005-12-07,1217.04
2005-12-08,1221.12
2005-12-09,1229.22
2005-12-12,1238.03
2005-12-13,1244.66
2005-12-14,1254.33
2005-12-15,1234.37
2005-12-16,1249.44
2005-12-19,1262.2
2005-12-20,1258.53
2005-12-21,1254.41
2005-12-22,1251.5
2005-12-23,1244.92
2005-12-26,1214.25
2005-12-27,1234.66
2005-12-28,1237.29
2005-12-29,1244.88
2005-12-30,1262.97
2006-01-02,1280.69
2006-01-03,1300.69
2006-01-04,1316.87
2006-01-05,1328.48
2006-01-06,1334.28
2006-01-09,1339.4
2006-01-10,1326.06
2006-01-12,1317.9
2006-01-13,1307.24
2006-01-16,1292.78
2006-01-17,1266.53
2006-01-18,1260.67
2006-01-19,1282.57
2006-01-20,1287.94
2006-01-23,1278.37
2006-01-24,1284.23
2006-01-25,1266.09
2006-01-27,1296.37
2006-01-30,1276.46
2006-01-31,1270.3
2006-02-01,1242.85
2006-02-02,1240.77
2006-02-03,1240.07
2006-02-06,1250.45
2006-02-07,1264.57
2006-02-08,1261.83
2006-02-10,1278.63
2006-02-13,1297.5
2006-02-14,1292.82
2006-02-15,1291.54
2006-02-16,1313.83
2006-02-17,1294.19
2006-02-20,1286.16
2006-02-21,1293.22
2006-02-22,1299.38
2006-02-23,1296.22
2006-02-24,1313.8
2006-02-27,1316.36
2006-02-28,1291.38
2006-03-01,1295.96
2006-03-02,1306.3
2006-03-03,1305.07
2006-03-06,1323.34
2006-03-07,1328.57
2006-03-08,1299.63
2006-03-09,1303.39
2006-03-10,1317.47
2006-03-13,1320.21
2006-03-14,1311.37
2006-03-16,1313.53
2006-03-17,1304.59
2006-03-20,1316.26
2006-03-21,1316.35
2006-03-22,1314.0
2006-03-23,1325.69
2006-03-24,1344.22
2006-03-27,1366.49
2006-03-28,1355.32
2006-03-29,1348.16
2006-03-30,1360.85
2006-03-31,1373.57
2006-04-03,1415.71
2006-04-04,1435.73
2006-04-05,1450.29
2006-04-07,1420.61
2006-04-10,1449.94
2006-04-12,1426.32
2006-04-13,1401.49
2006-04-17,1429.69
2006-04-18,1438.87
2006-04-19,1434.19
2006-04-20,1443.17
2006-04-21,1436.29
2006-04-24,1434.75
2006-04-25,1409.0
2006-04-26,1441.77
2006-04-27,1433.07
2006-04-28,1428.15
2006-04-29,1456.53
2006-05-02,1490.37
2006-05-03,1514.98
2006-05-04,1532.13
2006-05-05,1549.16
2006-05-08,1565.5
2006-05-09,1570.12
2006-05-10,1593.1
2006-05-11,1568.57
2006-05-12,1546.0
2006-05-15,1478.28
2006-05-16,1476.42
2006-05-17,1535.0
2006-05-18,1421.28
2006-05-19,1358.12
2006-05-22,1262.86
2006-05-23,1331.11
2006-05-24,1321.6
2006-05-25,1319.91
2006-05-26,1374.38
2006-05-29,1387.76
2006-05-30,1382.33
2006-05-31,1337.96
2006-06-01,1306.12
2006-06-02,1313.51
2006-06-05,1284.8
2006-06-06,1247.4
2006-06-07,1168.8
2006-06-08,1078.48
2006-06-09,1145.9
2006-06-12,1109.08
2006-06-13,1046.0
2006-06-14,1033.63
2006-06-15,1096.06
2006-06-16,1122.84
2006-06-19,1144.47
2006-06-20,1143.67
2006-06-21,1168.43
2006-06-22,1194.86
2006-06-23,1206.88
2006-06-25,1217.69
2006-06-26,1165.7
2006-06-27,1164.72
2006-06-28,1156.15
2006-06-29,1153.18
2006-06-30,1188.03
2006-07-03,1186.27
2006-07-04,1187.99
2006-07-05,1205.95
2006-07-06,1200.74
2006-07-07,1165.15
2006-07-10,1168.16
2006-07-11,1168.77
2006-07-12,1168.54
2006-07-13,1162.5
2006-07-14,1145.39
2006-07-17,1115.32
2006-07-18,1093.07
2006-07-19,1069.16
2006-07-20,1095.81
2006-07-21,1073.4
2006-07-24,1082.95
2006-07-25,1107.63
2006-07-26,1124.2
2006-07-27,1127.99
2006-07-28,1141.2
2006-07-31,1152.54
2006-08-01,1148.99
2006-08-02,1166.19
2006-08-03,1176.07
2006-08-04,1166.81
2006-08-07,1167.62
2006-08-08,1186.0
2006-08-09,1205.21
2006-08-10,1223.41
2006-08-11,1238.04
2006-08-14,1261.37
2006-08-16,1302.15
2006-08-17,1284.19
2006-08-18,1293.31
2006-08-21,1312.37
2006-08-22,1303.92
2006-08-23,1291.22
2006-08-24,1297.91
2006-08-25,1308.94
2006-08-28,1324.89
2006-08-29,1324.88
2006-08-30,1329.86
2006-08-31,1313.15
2006-09-01,1327.76
2006-09-04,1355.24
2006-09-05,1362.27
2006-09-06,1375.67
2006-09-07,1366.25
2006-09-08,1382.29
2006-09-11,1337.26
2006-09-12,1352.45
2006-09-13,1385.23
2006-09-14,1397.86
2006-09-15,1395.05
2006-09-18,1403.88
2006-09-19,1383.61
2006-09-20,1391.03
2006-09-21,1403.48
2006-09-22,1394.58
2006-09-25,1397.54
2006-09-26,1406.09
2006-09-27,1419.46
2006-09-28,1433.78
2006-09-29,1438.95
2006-10-03,1443.65
2006-10-04,1437.21
2006-10-05,1468.17
2006-10-06,1492.36
2006-10-09,1487.78
2006-10-10,1485.42
2006-10-11,1461.31
2006-10-12,1491.13
2006-10-13,1487.39
2006-10-16,1483.52
2006-10-17,1473.54
2006-10-18,1476.83
2006-10-19,1469.46
2006-10-20,1469.05
2006-10-21,1478.38
2006-10-23,1474.45
2006-10-26,1478.55
2006-10-27,1499.93
2006-10-30,1495.05
2006-10-31,1482.99
2006-11-01,1492.74
2006-11-02,1491.45
2006-11-03,1484.37
2006-11-06,1483.98
2006-11-07,1472.3
2006-11-08,1454.86
2006-11-09,1457.39
2006-11-10,1462.27
2006-11-13,1461.94
2006-11-14,1460.26
2006-11-15,1471.31
2006-11-16,1461.02
2006-11-17,1453.14
2006-11-20,1430.86
2006-11-21,1455.55
2006-11-22,1452.41
2006-11-23,1467.59
2006-11-24,1471.96
2006-11-27,1467.7
2006-11-28,1445.23
2006-11-29,1449.5
2006-11-30,1427.85
2006-12-01,1444.8
2006-12-04,1453.44
2006-12-05,1458.96
2006-12-06,1443.8
2006-12-07,1444.92
2006-12-08,1435.22
2006-12-11,1382.99
2006-12-12,1321.76
2006-12-13,1347.24
2006-12-14,1379.31
2006-12-15,1399.04
2006-12-18,1400.14
2006-12-19,1378.59
2006-12-20,1378.73
2006-12-21,1381.49
2006-12-22,1403.1
2006-12-26,1411.75
2006-12-27,1433.18
2006-12-28,1432.23
2006-12-29,1440.98
2007-01-02,1454.73
2007-01-03,1481.3
2007-01-04,1485.21
2007-01-05,1491.88
2007-01-08,1491.9
2007-01-09,1479.92
2007-01-10,1459.48
2007-01-11,1491.55
2007-01-12,1528.6
2007-01-15,1536.58
2007-01-16,1535.38
2007-01-17,1554.03
2007-01-18,1561.08
2007-01-19,1555.95
2007-01-22,1549.77
2007-01-23,1530.62
2007-01-24,1546.91
2007-01-25,1568.17
2007-01-29,1570.86
2007-01-31,1559.51
2007-02-01,1576.72
2007-02-02,1573.79
2007-02-05,1576.96
2007-02-06,1571.67
2007-02-07,1569.14
2007-02-08,1574.95
2007-02-09,1542.56
2007-02-12,1477.83
2007-02-13,1476.46
2007-02-14,1474.85
2007-02-15,1508.8
2007-02-19,1512.43
2007-02-20,1495.34
2007-02-21,1492.44
2007-02-22,1472.45
2007-02-23,1447.02
2007-02-26,1459.61
2007-02-27,1465.44
2007-02-28,1420.91
2007-03-01,1427.09
2007-03-02,1407.44
2007-03-05,1325.1
2007-03-06,1337.87
2007-03-07,1307.03
2007-03-08,1364.35
2007-03-09,1363.37
2007-03-12,1370.84
2007-03-13,1387.65
2007-03-14,1351.65
2007-03-15,1357.75
2007-03-16,1350.97
2007-03-19,1365.67
2007-03-20,1383.56
2007-03-21,1397.0
2007-03-22,1423.75
2007-03-23,1414.61
2007-03-26,1410.73
2007-03-28,1392.0
2007-03-29,1397.75
2007-03-30,1415.1
2007-04-02,1365.18
2007-04-03,1377.44
2007-04-04,1385.58
2007-04-05,1407.4
2007-04-09,1440.86
2007-04-10,1456.64
2007-04-11,1457.77
2007-04-12,1448.19
2007-04-13,1466.71
2007-04-16,1498.18
2007-04-17,1508.01
2007-04-18,1511.95
2007-04-19,1508.72
2007-04-20,1518.02
2007-04-23,1511.78
2007-04-24,1536.25
2007-04-25,1567.85
2007-04-26,1573.22
2007-04-27,1565.5
2007-04-30,1569.29
2007-05-03,1609.35
2007-05-04,1610.68
2007-05-07,1604.25
2007-05-08,1579.49
2007-05-09,1598.04
2007-05-10,1599.33
2007-05-11,1605.01
2007-05-14,1639.99
2007-05-15,1660.88
2007-05-16,1678.03
2007-05-17,1696.3
2007-05-18,1684.98
2007-05-21,1722.29
2007-05-22,1726.04
2007-05-23,1707.35
2007-05-24,1683.96
2007-05-25,1687.55
2007-05-28,1705.52
2007-05-29,1708.01
2007-05-30,1690.29
2007-05-31,1691.34
2007-06-01,1713.68
2007-06-04,1706.37
2007-06-05,1710.45
2007-06-06,1665.48
2007-06-07,1660.53
2007-06-08,1638.75
2007-06-11,1637.33
2007-06-12,1624.12
2007-06-13,1615.88
2007-06-14,1641.66
2007-06-15,1647.28
2007-06-18,1629.19
2007-06-19,1654.44
2007-06-20,1679.65
2007-06-21,1696.11
2007-06-22,1685.16
2007-06-25,1690.11
2007-06-26,1681.58
2007-06-27,1676.05
2007-06-28,1677.0
2007-06-29,1716.28
2007-07-02,1719.24
2007-07-03,1728.9
2007-07-04,1731.79
2007-07-05,1719.36
2007-07-06,1721.55
2007-07-09,1749.06
2007-07-10,1751.87
2007-07-11,1764.78
2007-07-12,1791.84
2007-07-13,1801.97
2007-07-16,1843.3
2007-07-17,1828.39
2007-07-18,1820.04
2007-07-19,1835.41
2007-07-20,1824.13
2007-07-23,1827.56
2007-07-24,1827.75
2007-07-25,1813.96
2007-07-26,1829.08
2007-07-27,1769.86
2007-07-30,1767.21
2007-07-31,1794.83
2007-08-01,1707.22
2007-08-02,1715.64
2007-08-03,1733.6
2007-08-06,1717.52
2007-08-07,1739.86
2007-08-08,1777.64
2007-08-09,1743.32
2007-08-10,1716.96
2007-08-13,1737.28
2007-08-14,1741.43
2007-08-16,1665.67
2007-08-17,1635.45
2007-08-20,1684.69
2007-08-21,1616.85
2007-08-22,1627.08
2007-08-23,1597.27
2007-08-24,1627.9
2007-08-27,1678.01
2007-08-28,1687.38
2007-08-29,1700.56
2007-08-30,1713.6
2007-08-31,1762.87
2007-09-03,1789.88
2007-09-04,1810.61
2007-09-05,1815.93
2007-09-06,1843.54
2007-09-07,1845.43
2007-09-10,1855.95
2007-09-11,1859.22
2007-09-12,1867.64
2007-09-13,1885.16
2007-09-14,1857.96
2007-09-17,1855.2
2007-09-18,1884.9
2007-09-19,1926.89
2007-09-20,1933.3
2007-09-21,1958.16
2007-09-24,1987.38
2007-09-25,2004.49
2007-09-26,2061.65
2007-09-27,2036.99
2007-09-28,2079.55
2007-10-01,2115.88
2007-10-03,2118.47
2007-10-04,2132.65
2007-10-05,2089.26
2007-10-08,1982.16
2007-10-09,2038.89
2007-10-10,2050.85
2007-10-11,2061.34
2007-10-12,2040.29
2007-10-15,2107.04
2007-10-16,2123.07
2007-10-17,2047.97
2007-10-18,2005.86
2007-10-19,1942.97
2007-10-22,1954.82
2007-10-23,2060.32
2007-10-24,2110.13
2007-10-25,2124.01
2007-10-26,2164.85
2007-10-29,2181.55
2007-10-30,2200.24
2007-10-31,2221.38
2007-11-01,2186.41
2007-11-02,2233.26
2007-11-05,2250.73
2007-11-06,2240.36
2007-11-07,2244.46
2007-11-08,2234.64
2007-11-09,2246.04
2007-11-12,2241.44
2007-11-13,2309.52
2007-11-14,2393.69
2007-11-15,2491.66
2007-11-16,2566.72
2007-11-19,2609.89
2007-11-20,2547.99
2007-11-21,2382.4
2007-11-22,2333.5
2007-11-23,2366.99
2007-11-26,2418.19
2007-11-27,2456.23
2007-11-28,2432.79
2007-11-29,2406.12
2007-11-30,2494.61
2007-12-03,2564.12
2007-12-04,2634.67
2007-12-05,2690.48
2007-12-06,2683.91
2007-12-07,2680.51
2007-12-10,2728.82
2007-12-11,2745.22
2007-12-12,2791.5
2007-12-13,2802.28
2007-12-14,2814.18
2007-12-17,2665.8
2007-12-18,2678.12
2007-12-19,2669.23
2007-12-20,2670.79
2007-12-24,2748.53
2007-12-26,2841.88
2007-12-27,2888.8
2007-12-28,2932.9
2007-12-31,3011.84
2008-01-01,3061.25
2008-01-02,3114.36
2008-01-03,3126.93
2008-01-04,3114.85
2008-01-07,3092.55
2008-01-08,2982.85
2008-01-09,2938.45
2008-01-10,2819.58
2008-01-11,2813.26
2008-01-14,2894.73
2008-01-15,2844.0
2008-01-16,2779.5
2008-01-17,2808.92
2008-01-18,2645.09
2008-01-21,2283.65
2008-01-22,2049.13
2008-01-23,2226.88
2008-01-24,2140.46
2008-01-25,2318.38
2008-01-28,2311.34
2008-01-29,2290.65
2008-01-30,2234.9
2008-01-31,2204.19
2008-02-01,2250.41
2008-02-04,2364.27
2008-02-05,2400.79
2008-02-06,2386.13
2008-02-07,2313.65
2008-02-08,2272.85
2008-02-11,2167.07
2008-02-12,2122.31
2008-02-13,2123.35
2008-02-14,2260.26
2008-02-15,2309.92
2008-02-18,2335.14
2008-02-19,2329.93
2008-02-20,2284.71
2008-02-21,2282.44
2008-02-22,2261.35
2008-02-25,2271.52
2008-02-26,2303.65
2008-02-27,2305.85
2008-02-28,2310.66
2008-02-29,2294.89
2008-03-03,2197.27
2008-03-04,2136.85
2008-03-05,2105.74
2008-03-07,2009.52
2008-03-10,2006.78
2008-03-11,2077.14
2008-03-12,2047.87
2008-03-13,1920.66
2008-03-14,1939.97
2008-03-17,1811.03
2008-03-18,1803.99
2008-03-19,1785.07
2008-03-24,1753.05
2008-03-25,1871.59
2008-03-26,1881.98
2008-03-27,1863.29
2008-03-28,1939.66
2008-03-31,1906.04
2008-04-01,1903.2
2008-04-02,1916.69
2008-04-03,1914.3
2008-04-04,1881.45
2008-04-07,1907.49
2008-04-08,1917.06
2008-04-09,1944.55
2008-04-10,1940.59
2008-04-11,1961.79
2008-04-15,1984.31
2008-04-16,2001.07
2008-04-17,2067.63
2008-04-21,2128.18
2008-04-22,2125.17
2008-04-23,2129.63
2008-04-24,2093.44
2008-04-25,2123.56
2008-04-28,2127.45
2008-04-29,2168.67
2008-04-30,2160.52
2008-05-02,2198.92
2008-05-05,2210.15
2008-05-06,2195.01
2008-05-07,2173.15
2008-05-08,2154.97
2008-05-09,2100.86
2008-05-12,2081.5
2008-05-13,2076.59
2008-05-14,2092.57
2008-05-15,2120.83
2008-05-16,2158.74
2008-05-20,2158.03
2008-05-21,2166.53
2008-05-22,2128.39
2008-05-23,2105.92
2008-05-26,2054.51
2008-05-27,2035.44
2008-05-28,2084.91
2008-05-29,2058.82
2008-05-30,2047.26
2008-06-02,1994.66
2008-06-03,1982.83
2008-06-04,1911.88
2008-06-05,1902.77
2008-06-06,1879.96
2008-06-09,1817.19
2008-06-10,1805.84
2008-06-11,1835.58
2008-06-12,1846.59
2008-06-13,1850.19
2008-06-16,1876.03
2008-06-17,1919.19
2008-06-18,1906.52
2008-06-19,1871.72
2008-06-20,1808.02
2008-06-23,1744.72
2008-06-24,1719.28
2008-06-25,1730.3
2008-06-26,1740.34
2008-06-27,1688.22
2008-06-30,1629.95
2008-07-01,1542.2
2008-07-02,1602.77
2008-07-03,1578.44
2008-07-04,1607.76
2008-07-07,1625.4
2008-07-08,1641.35
2008-07-09,1686.56
2008-07-10,1695.4
2008-07-11,1653.95
2008-07-14,1648.43
2008-07-15,1590.06
2008-07-16,1577.19
2008-07-17,1611.82
2008-07-18,1646.07
2008-07-21,1651.63
2008-07-22,1678.86
2008-07-23,1768.21
2008-07-24,1777.2
2008-07-25,1775.01
2008-07-28,1803.51
2008-07-29,1746.72
2008-07-30,1798.63
2008-07-31,1789.31
2008-08-01,1832.52
2008-08-04,1858.98
2008-08-05,1899.16
2008-08-06,1885.22
2008-08-07,1886.38
2008-08-08,1894.78
2008-08-11,1923.1
2008-08-12,1904.26
2008-08-13,1893.7
2008-08-14,1849.11
2008-08-18,1824.68
2008-08-19,1825.41
2008-08-20,1843.59
2008-08-21,1788.97
2008-08-22,1781.49
2008-08-25,1792.71
2008-08-26,1794.11
2008-08-27,1775.51
2008-08-28,1736.18
2008-08-29,1797.75
2008-09-01,1799.03
2008-09-02,1852.06
2008-09-04,1846.98
2008-09-05,1837.29
2008-09-08,1837.14
2008-09-09,1833.07
2008-09-10,1817.77
2008-09-11,1798.61
2008-09-12,1775.68
2008-09-15,1707.62
2008-09-16,1718.61
2008-09-17,1682.95
2008-09-18,1681.84
2008-09-19,1713.3
2008-09-22,1699.55
2008-09-23,1681.29
2008-09-24,1689.41
2008-09-25,1665.59
2008-09-26,1626.55
2008-09-29,1569.58
2008-09-30,1591.78
2008-10-01,1613.34
2008-10-03,1581.89
2008-10-06,1509.28
2008-10-07,1491.78
2008-10-08,1405.59
2008-10-10,1314.72
2008-10-13,1375.24
2008-10-14,1388.61
2008-10-15,1349.34
2008-10-16,1355.4
2008-10-17,1330.45
2008-10-20,1332.87
2008-10-21,1347.14
2008-10-22,1292.46
2008-10-23,1244.09
2008-10-24,1140.24
2008-10-27,1084.42
2008-10-28,1152.37
2008-10-29,1149.83
2008-10-31,1176.95
2008-11-03,1234.49
2008-11-04,1289.6
2008-11-05,1269.16
2008-11-06,1230.42
2008-11-07,1261.46
2008-11-10,1294.63
2008-11-11,1245.72
2008-11-12,1231.85
2008-11-14,1218.84
2008-11-17,1197.43
2008-11-18,1166.91
2008-11-19,1152.94
2008-11-20,1122.37
2008-11-21,1141.75
2008-11-24,1146.9
2008-11-25,1143.0
2008-11-26,1158.0
2008-11-28,1162.06
2008-12-01,1151.88
2008-12-02,1141.77
2008-12-03,1157.1
2008-12-04,1183.58
2008-12-05,1155.96
2008-12-08,1145.64
2008-12-10,1172.27
2008-12-11,1190.61
2008-12-12,1210.48
2008-12-15,1250.81
2008-12-16,1263.89
2008-12-17,1242.88
2008-12-18,1286.33
2008-12-19,1317.96
2008-12-22,1307.18
2008-12-23,1279.58
2008-12-24,1279.01
2008-12-26,1264.57
2008-12-29,1277.2
2008-12-30,1303.51
2008-12-31,1304.75
2009-01-01,1322.38
2009-01-02,1351.88
2009-01-05,1382.85
2009-01-06,1378.34
2009-01-07,1310.03
2009-01-09,1293.56
2009-01-12,1259.46
2009-01-13,1263.88
2009-01-14,1281.16
2009-01-15,1255.39
2009-01-16,1271.72
2009-01-19,1281.12
2009-01-20,1272.84
2009-01-21,1251.91
2009-01-22,1236.38
2009-01-23,1200.23
2009-01-27,1210.67
2009-01-28,1226.22
2009-01-29,1244.33
2009-01-30,1259.38
2009-02-02,1237.27
2009-02-03,1231.64
2009-02-04,1233.83
2009-02-05,1228.64
2009-02-06,1245.74
2009-02-09,1261.49
2009-02-10,1269.6
2009-02-11,1269.32
2009-02-12,1266.23
2009-02-13,1269.77
2009-02-16,1241.88
2009-02-17,1214.98
2009-02-18,1214.92
2009-02-19,1207.94
2009-02-20,1195.94
2009-02-24,1169.95
2009-02-25,1174.82
2009-02-26,1156.91
2009-02-27,1164.25
2009-03-02,1139.23
2009-03-03,1126.97
2009-03-04,1124.49
2009-03-05,1103.02
2009-03-06,1095.35
2009-03-09,1061.19
2009-03-12,1069.06
2009-03-13,1088.29
2009-03-16,1115.45
2009-03-17,1106.61
2009-03-18,1107.89
2009-03-19,1110.14
2009-03-20,1102.29
2009-03-23,1137.47
2009-03-24,1141.97
2009-03-25,1149.68
2009-03-26,1169.77
2009-03-27,1210.76
2009-03-30,1165.35
2009-03-31,1190.74
2009-04-01,1213.72
2009-04-02,1271.67
2009-04-06,1316.42
2009-04-08,1350.38
2009-04-09,1396.04
2009-04-13,1449.17
2009-04-15,1516.76
2009-04-16,1439.89
2009-04-17,1450.28
2009-04-20,1462.0
2009-04-21,1452.13
2009-04-22,1416.21
2009-04-23,1450.02
2009-04-24,1477.44
2009-04-27,1456.41
2009-04-28,1396.62
2009-04-29,1417.23
2009-05-04,1488.01
2009-05-05,1519.4
2009-05-06,1493.89
2009-05-07,1550.05
2009-05-08,1543.3
2009-05-11,1515.65
2009-05-12,1544.43
2009-05-13,1544.21
2009-05-14,1558.0
2009-05-15,1577.1
2009-05-18,1810.15
2009-05-19,1841.2
2009-05-20,1981.95
2009-05-21,2000.47
2009-05-22,2031.17
2009-05-25,2098.61
2009-05-26,2034.25
2009-05-27,2114.51
2009-05-28,2142.69
2009-05-29,2220.85
2009-06-01,2291.29
2009-06-02,2305.34
2009-06-03,2348.01
2009-06-04,2366.37
2009-06-05,2360.67
2009-06-08,2192.22
2009-06-09,2244.54
2009-06-10,2260.21
2009-06-11,2273.48
2009-06-12,2238.39
2009-06-15,2194.64
2009-06-16,2252.57
2009-06-17,2141.52
2009-06-18,2051.98
2009-06-19,2100.0
2009-06-22,2079.78
2009-06-23,2074.29
2009-06-24,2119.01
2009-06-25,2094.57
2009-06-26,2140.63
2009-06-29,2171.26
2009-06-30,2106.23
2009-07-01,2125.54
2009-07-02,2152.98
2009-07-03,2171.03
2009-07-06,2047.58
2009-07-07,2046.92
2009-07-08,1967.4
2009-07-09,1969.61
2009-07-10,1931.99
2009-07-13,1865.3
2009-07-14,1947.14
2009-07-15,2056.87
2009-07-16,2060.01
2009-07-17,2110.07
2009-07-20,2162.72
2009-07-21,2172.09
2009-07-22,2148.94
2009-07-23,2206.2
2009-07-24,2263.22
2009-07-27,2297.62
2009-07-28,2323.47
2009-07-29,2294.33
2009-07-30,2316.48
2009-07-31,2341.7
2009-08-03,2397.99
2009-08-04,2409.11
2009-08-05,2408.99
2009-08-06,2353.3
2009-08-07,2305.16
2009-08-10,2263.75
2009-08-11,2287.44
2009-08-12,2282.39
2009-08-13,2389.27
2009-08-14,2404.36
2009-08-17,2290.14
2009-08-18,2351.23
2009-08-19,2310.48
2009-08-20,2336.94
2009-08-21,2369.69
2009-08-24,2442.0
2009-08-25,2450.26
2009-08-26,2470.24
2009-08-27,2479.53
2009-08-28,2492.18
2009-08-31,2492.09
2009-09-01,2453.93
2009-09-02,2449.47
2009-09-03,2470.87
2009-09-04,2502.86
2009-09-07,2562.4
2009-09-08,2579.14
2009-09-09,2586.01
2009-09-10,2584.26
2009-09-11,2622.6
2009-09-14,2641.26
2009-09-15,2709.19
2009-09-16,2761.18
2009-09-17,2761.29
2009-09-18,2765.99
2009-09-22,2791.32
2009-09-23,2779.06
2009-09-24,2793.19
2009-09-25,2795.05
2009-09-29,2817.38
2009-09-30,2876.91
2009-10-01,2845.89
2009-10-05,2778.69
2009-10-06,2778.62
2009-10-07,2806.17
2009-10-08,2842.76
2009-10-09,2808.58
2009-10-12,2842.51
2009-10-14,2889.76
2009-10-15,2911.74
2009-10-16,2938.29
2009-10-17,2945.01
2009-10-20,2984.18
2009-10-21,2944.45
2009-10-22,2891.08
2009-10-23,2910.49
2009-10-26,2860.82
2009-10-27,2735.98
2009-10-28,2710.87
2009-10-29,2653.6
2009-10-30,2643.22
2009-11-03,2525.12
2009-11-04,2590.9
2009-11-05,2649.32
2009-11-06,2703.28
2009-11-09,2765.38
2009-11-10,2751.48
2009-11-11,2818.71
2009-11-12,2777.4
2009-11-13,2787.12
2009-11-16,2816.42
2009-11-17,2822.14
2009-11-18,2842.69
2009-11-19,2789.65
2009-11-20,2852.96
2009-11-23,2859.02
2009-11-24,2878.08
2009-11-25,2897.58
2009-11-26,2854.02
2009-11-27,2816.04
2009-11-30,2864.17
2009-12-01,2928.61
2009-12-02,2945.22
2009-12-03,2957.01
2009-12-04,2963.29
2009-12-07,2934.22
2009-12-08,2987.01
2009-12-09,2962.19
2009-12-10,2998.19
2009-12-11,2959.35
2009-12-14,2926.92
2009-12-15,2886.3
2009-12-16,2900.08
2009-12-17,2921.26
2009-12-18,2901.37
2009-12-21,2885.07
2009-12-22,2924.59
2009-12-23,2983.67
2009-12-24,3003.28
2009-12-29,3015.3
2009-12-30,3028.28
2009-12-31,3040.68
2010-01-04,3106.64
2010-01-05,3173.77
2010-01-06,3188.72
2010-01-07,3189.17
2010-01-08,3173.26
2010-01-11,3213.16
2010-01-12,3150.57
2010-01-13,3169.2
2010-01-14,3188.02
2010-01-15,3198.02
2010-01-18,3228.18
2010-01-19,3215.21
2010-01-20,3201.58
2010-01-21,3124.11
2010-01-22,3095.1
2010-01-25,3061.4
2010-01-27,2928.29
2010-01-28,2928.71
2010-01-29,2961.42
2010-02-01,3013.59
2010-02-02,2979.08
2010-02-03,3025.52
2010-02-04,2955.81
2010-02-05,2874.47
2010-02-06,2909.66
2010-02-08,2907.56
2010-02-09,2921.25
2010-02-10,2914.89
2010-02-11,2938.33
2010-02-15,2914.99
2010-02-16,2946.5
2010-02-17,2995.1
2010-02-18,3000.0
2010-02-19,2961.66
2010-02-22,2961.58
2010-02-23,2930.23
2010-02-24,2914.48
2010-02-25,2890.72
2010-02-26,2935.94
2010-03-02,2978.38
2010-03-03,3025.19
2010-03-04,3055.64
2010-03-05,3083.49
2010-03-08,3103.26
2010-03-09,3065.61
2010-03-10,3059.28
2010-03-11,3032.14
2010-03-12,3039.95
2010-03-15,3023.43
2010-03-16,3062.02
2010-03-17,3063.56
2010-03-18,3065.72
2010-03-19,3064.96
2010-03-22,3025.56
2010-03-23,3027.85
2010-03-25,3020.05
2010-03-26,3052.43
2010-03-29,3098.93
2010-03-30,3118.23
2010-03-31,3119.05
2010-04-01,3137.35
2010-04-05,3180.58
2010-04-06,3212.48
2010-04-07,3231.8
2010-04-08,3209.98
2010-04-09,3236.44
2010-04-12,3228.23
2010-04-13,3214.85
2010-04-15,3203.88
2010-04-16,3203.35
2010-04-19,3163.85
2010-04-20,3212.13
2010-04-21,3231.85
2010-04-22,3239.54
2010-04-23,3258.59
2010-04-26,3298.15
2010-04-27,3288.46
2010-04-28,3237.59
2010-04-29,3264.42
2010-04-30,3308.57
2010-05-03,3289.22
2010-05-04,3224.45
2010-05-05,3243.22
2010-05-06,3239.05
2010-05-07,3161.67
2010-05-10,3229.53
2010-05-11,3201.41
2010-05-12,3209.81
2010-05-13,3223.2
2010-05-14,3200.75
2010-05-17,3195.33
2010-05-18,3200.87
2010-05-19,3120.96
2010-05-20,3122.74
2010-05-21,3090.55
2010-05-24,3095.22
2010-05-25,3010.2
2010-05-26,3035.12
2010-05-27,3071.62
2010-05-28,3111.39
2010-05-31,3151.77
2010-06-01,3104.95
2010-06-02,3133.4
2010-06-03,3173.28
2010-06-04,3179.27
2010-06-07,3127.98
2010-06-08,3089.52
2010-06-09,3100.91
2010-06-10,3129.56
2010-06-11,3134.44
2010-06-14,3174.48
2010-06-15,3170.46
2010-06-16,3169.76
2010-06-17,3177.78
2010-06-18,3161.74
2010-06-21,3205.58
2010-06-22,3225.3
2010-06-23,3251.4
2010-06-24,3226.11
2010-06-25,3263.26
2010-06-28,3327.78
2010-06-29,3298.48
2010-06-30,3338.38
2010-07-01,3325.39
2010-07-02,3332.88
2010-07-05,3333.12
2010-07-06,3365.38
2010-07-07,3369.61
2010-07-08,3410.72
2010-07-09,3448.05
2010-07-12,3455.61
2010-07-13,3477.06
2010-07-14,3457.55
2010-07-15,3427.75
2010-07-16,3446.95
2010-07-19,3468.29
2010-07-20,3452.82
2010-07-21,3466.7
2010-07-22,3468.37
2010-07-23,3474.69
2010-07-26,3430.54
2010-07-27,3443.47
2010-07-28,3433.0
2010-07-29,3432.2
2010-07-30,3467.45
2010-08-02,3529.41
2010-08-03,3559.35
2010-08-04,3562.77
2010-08-05,3578.17
2010-08-06,3568.86
2010-08-09,3627.35
2010-08-10,3607.6
2010-08-11,3600.27
2010-08-12,3636.99
2010-08-13,3673.61
2010-08-16,3685.45
2010-08-17,3731.11
2010-08-18,3775.37
2010-08-19,3799.14
2010-08-20,3793.78
2010-08-23,3858.98
2010-08-24,3815.32
2010-08-25,3774.97
2010-08-26,3783.01
2010-08-27,3753.4
2010-08-30,3746.06
2010-08-31,3713.73
2010-09-01,3779.91
2010-09-02,3827.36
2010-09-03,3843.18
2010-09-06,3883.34
2010-09-07,3878.67
2010-09-08,3917.61
2010-09-09,3962.64
2010-09-13,3988.47
2010-09-14,3961.97
2010-09-15,3965.63
2010-09-16,3936.32
2010-09-17,3973.03
2010-09-20,4012.66
2010-09-21,3948.76
2010-09-22,3934.88
2010-09-23,3926.41
2010-09-24,3957.96
2010-09-27,3970.05
2010-09-28,3981.81
2010-09-29,3938.18
2010-09-30,3927.5
2010-10-01,4009.72
2010-10-04,4055.51
2010-10-05,4097.08
2010-10-06,4157.44
2010-10-07,4105.82
2010-10-08,4087.01
2010-10-11,4117.45
2010-10-12,4116.1
2010-10-13,4196.88
2010-10-14,4169.43
2010-10-15,4132.92
2010-10-18,4112.16
2010-10-19,4120.02
2010-10-20,4138.2
2010-10-21,4214.35
2010-10-22,4263.6
2010-10-25,4346.51
2010-10-26,4333.07
2010-10-27,4332.43
2010-10-28,4300.03
2010-10-29,4269.98
2010-11-01,4361.15
2010-11-02,4443.03
2010-11-03,4460.74
2010-11-04,4499.93
2010-11-05,4538.13
2010-11-08,4507.45
2010-11-09,4534.56
2010-11-10,4584.56
2010-11-11,4533.13
2010-11-12,4405.78
2010-11-15,4426.88
2010-11-16,4287.94
2010-11-18,4304.73
2010-11-19,4156.03
2010-11-22,4218.21
2010-11-23,4157.97
2010-11-24,4108.8
2010-11-25,4021.02
2010-11-26,3884.78
2010-11-29,3918.6
2010-11-30,3976.37
2010-12-01,4109.4
2010-12-02,4157.59
2010-12-03,4033.65
2010-12-06,3985.59
2010-12-07,3913.23
2010-12-08,3800.87
2010-12-09,3580.87
2010-12-10,3699.82
2010-12-13,3782.12
2010-12-14,3859.13
2010-12-15,3808.61
2010-12-16,3863.51
2010-12-20,3846.64
2010-12-21,3877.89
2010-12-22,3900.8
2010-12-23,3892.15
2010-12-24,3897.63
2010-12-27,3884.47
2010-12-28,3866.36
2010-12-29,3893.79
2010-12-30,3927.53
2010-12-31,3981.13
2011-01-03,4020.02
2011-01-04,3992.65
2011-01-05,3935.0
2011-01-06,3886.58
2011-01-07,3779.3
2011-01-10,3684.69
2011-01-11,3665.67
2011-01-12,3737.63
2011-01-13,3684.18
2011-01-14,3629.31
2011-01-17,3598.72
2011-01-18,3620.18
2011-01-19,3638.11
2011-01-20,3652.58
2011-01-21,3691.67
2011-01-24,3728.73
2011-01-25,3707.55
2011-01-27,3643.66
2011-01-28,3564.53
2011-01-31,3559.78
2011-02-01,3481.19
2011-02-02,3482.12
2011-02-03,3537.03
2011-02-04,3479.78
2011-02-07,3459.51
2011-02-08,3383.44
2011-02-09,3269.62
2011-02-10,3272.73
2011-02-11,3375.31
2011-02-14,3509.12
2011-02-15,3501.12
2011-02-16,3508.46
2011-02-17,3541.52
2011-02-18,3450.76
2011-02-21,3448.26
2011-02-22,3400.98
2011-02-23,3377.14
2011-02-24,3252.56
2011-02-25,3249.11
2011-02-28,3276.65
2011-03-01,3382.11
2011-03-03,3375.98
2011-03-04,3380.6
2011-03-07,3322.72
2011-03-08,3359.87
2011-03-09,3380.7
2011-03-10,3365.03
2011-03-11,3335.15
2011-03-14,3364.04
2011-03-15,3309.38
2011-03-16,3356.33
2011-03-17,3342.47
2011-03-18,3304.61
2011-03-21,3293.83
2011-03-22,3309.33
2011-03-23,3324.64
2011-03-24,3346.41
2011-03-25,3397.24
2011-03-28,3429.94
2011-03-29,3466.83
2011-03-30,3529.97
2011-03-31,3511.15
2011-04-01,3554.89
2011-04-04,3618.03
2011-04-05,3671.29
2011-04-06,3680.35
2011-04-07,3727.57
2011-04-08,3651.99
2011-04-11,3596.43
2011-04-13,3675.92
2011-04-15,3680.43
2011-04-18,3626.65
2011-04-19,3642.19
2011-04-20,3682.34
2011-04-21,3697.44
2011-04-25,3699.67
2011-04-26,3700.54
2011-04-27,3686.39
2011-04-28,3651.81
2011-04-29,3597.89
2011-05-02,3572.67
2011-05-03,3499.74
2011-05-04,3491.55
2011-05-05,3468.42
2011-05-06,3538.23
2011-05-09,3498.75
2011-05-10,3494.89
2011-05-11,3527.96
2011-05-12,3495.54
2011-05-13,3518.83
2011-05-16,3494.64
2011-05-17,3443.67
2011-05-18,3398.68
2011-05-19,3366.11
2011-05-20,3395.57
2011-05-23,3351.57
2011-05-24,3360.88
2011-05-25,3326.92
2011-05-26,3336.76
2011-05-27,3416.25
2011-05-30,3442.1
2011-05-31,3505.96
2011-06-01,3535.52
2011-06-02,3509.59
2011-06-03,3497.94
2011-06-06,3489.81
2011-06-07,3512.61
2011-06-08,3515.98
2011-06-09,3492.28
2011-06-10,3467.24
2011-06-13,3505.55
2011-06-14,3516.9
2011-06-15,3495.43
2011-06-16,3483.1
2011-06-17,3477.18
2011-06-20,3363.72
2011-06-21,3338.71
2011-06-22,3315.23
2011-06-23,3337.56
2011-06-24,3436.64
2011-06-27,3492.73
2011-06-28,3491.84
2011-06-29,3502.68
2011-06-30,3531.71
2011-07-01,3550.7
2011-07-04,3581.34
2011-07-05,3575.22
2011-07-06,3556.25
2011-07-07,3589.57
2011-07-08,3569.42
2011-07-11,3547.25
2011-07-12,3506.3
2011-07-13,3550.34
2011-07-14,3556.63
2011-07-15,3560.2
2011-07-18,3566.68
2011-07-19,3577.72
2011-07-20,3547.9
2011-07-21,3518.27
2011-07-22,3567.12
2011-07-25,3617.34
2011-07-26,3564.96
2011-07-27,3554.0
2011-07-28,3509.6
2011-07-29,3480.47
2011-08-01,3470.64
2011-08-02,3422.69
2011-08-03,3408.03
2011-08-04,3417.21
2011-08-05,3337.82
2011-08-08,3299.32
2011-08-09,3261.53
2011-08-10,3308.12
2011-08-11,3298.79
2011-08-12,3281.62
2011-08-16,3200.0
2011-08-17,3180.67
2011-08-18,3104.88
2011-08-19,3070.01
2011-08-22,3135.35
2011-08-23,3160.18
2011-08-24,3144.64
2011-08-25,3096.39
2011-08-26,3028.57
2011-08-29,3120.09
2011-08-30,3171.06
2011-09-02,3210.0
2011-09-05,3233.35
2011-09-06,3247.09
2011-09-07,3292.43
2011-09-08,3311.21
2011-09-09,3256.69
2011-09-12,3200.1
2011-09-13,3202.9
2011-09-14,3222.42
2011-09-15,3254.7
2011-09-16,3230.41
2011-09-19,3223.33
2011-09-20,3252.13
2011-09-21,3273.58
2011-09-22,3173.15
2011-09-23,3138.08
2011-09-26,3097.66
2011-09-27,3148.56
2011-09-28,3104.11
2011-09-29,3117.73
2011-09-30,3088.41
2011-10-03,3052.03
2011-10-04,3019.19
2011-10-05,2998.93
2011-10-07,3038.89
2011-10-10,3078.49
2011-10-11,3088.38
2011-10-12,3135.98
2011-10-13,3118.88
2011-10-14,3133.65
2011-10-17,3112.06
2011-10-18,3083.54
2011-10-19,3126.1
2011-10-20,3090.83
2011-10-21,3083.13
2011-10-24,3056.89
2011-10-25,3070.74
2011-10-26,3104.72
2011-10-28,3169.18
2011-10-31,3184.34
2011-11-01,3146.05
2011-11-02,3162.54
2011-11-03,3163.81
2011-11-04,3184.63
2011-11-08,3181.48
2011-11-09,3108.48
2011-11-11,3068.72
2011-11-14,3003.64
2011-11-15,2910.2
2011-11-16,2884.38
2011-11-17,2841.49
2011-11-18,2834.04
2011-11-21,2778.92
2011-11-22,2805.88
2011-11-23,2744.12
2011-11-24,2772.21
2011-11-25,2770.38
2011-11-28,2840.99
2011-11-29,2813.46
2011-11-30,2809.35
2011-12-01,2835.48
2011-12-02,2894.68
2011-12-05,2894.54
2011-12-07,2905.8
2011-12-08,2839.63
2011-12-09,2831.86
2011-12-12,2773.86
2011-12-13,2781.2
2011-12-14,2745.57
2011-12-15,2723.7
2011-12-16,2646.42
2011-12-19,2588.18
2011-12-20,2517.53
2011-12-21,2565.24
2011-12-22,2596.15
2011-12-23,2568.09
2011-12-26,2582.04
2011-12-27,2561.86
2011-12-28,2521.09
2011-12-29,2482.33
2011-12-30,2479.27
2012-01-02,2498.96
2012-01-03,2583.21
2012-01-04,2582.79
2012-01-05,2584.32
2012-01-06,2607.82
2012-01-07,2625.51
2012-01-09,2653.56
2012-01-10,2734.43
2012-01-11,2772.06
2012-01-12,2797.13
2012-01-13,2841.14
2012-01-16,2829.65
2012-01-17,2872.06
2012-01-18,2840.56
2012-01-19,2880.08
2012-01-20,2920.06
2012-01-23,2929.17
2012-01-24,3001.77
2012-01-25,3067.95
2012-01-27,3075.92
2012-01-30,2996.29
2012-01-31,3077.93
2012-02-01,3110.56
2012-02-02,3133.61
2012-02-03,3178.68
2012-02-06,3207.76
2012-02-07,3193.63
2012-02-08,3229.02
2012-02-09,3283.96
2012-02-10,3285.21
2012-02-13,3296.52
2012-02-14,3360.61
2012-02-15,3429.83
2012-02-16,3449.18
2012-02-17,3467.71
2012-02-21,3503.62
2012-02-22,3362.46
2012-02-23,3346.61
2012-02-24,3299.82
2012-02-27,3174.28
2012-02-28,3294.34
2012-02-29,3353.27
2012-03-01,3324.39
2012-03-02,3337.33
2012-03-03,3347.4
2012-03-05,3307.97
2012-03-06,3250.42
2012-03-07,3250.36
2012-03-09,3349.86
2012-03-12,3387.48
2012-03-13,3421.5
2012-03-14,3438.56
2012-03-15,3333.97
2012-03-16,3285.57
2012-03-19,3231.34
2012-03-20,3262.55
2012-03-21,3333.41
2012-03-22,3238.78
2012-03-23,3264.53
2012-03-26,3193.85
2012-03-27,3201.91
2012-03-28,3156.6
2012-03-29,3153.71
2012-03-30,3256.21
2012-04-02,3276.44
2012-04-03,3308.15
2012-04-04,3301.8
2012-04-09,3238.65
2012-04-10,3249.7
2012-04-11,3230.3
2012-04-12,3288.26
2012-04-13,3241.33
2012-04-16,3252.18
2012-04-17,3283.27
2012-04-18,3285.79
2012-04-19,3277.99
2012-04-20,3249.73
2012-04-23,3171.04
2012-04-24,3173.88
2012-04-25,3140.98
2012-04-26,3098.0
2012-04-27,3086.74
2012-04-28,3112.87
2012-04-30,3138.63
2012-05-02,3127.95
2012-05-03,3085.04
2012-05-04,3024.81
2012-05-07,3060.45
2012-05-08,2996.15
2012-05-09,2948.07
2012-05-10,2935.73
2012-05-11,2907.61
2012-05-14,2871.9
2012-05-15,2895.18
2012-05-16,2862.48
2012-05-17,2861.11
2012-05-18,2861.24
2012-05-21,2890.03
2012-05-22,2852.04
2012-05-23,2833.24
2012-05-24,2859.78
2012-05-25,2864.17
2012-05-28,2908.83
2012-05-29,2891.9
2012-05-30,2837.39
2012-05-31,2857.18
2012-06-01,2816.65
2012-06-04,2835.24
2012-06-05,2833.11
2012-06-06,2897.27
2012-06-07,2910.19
2012-06-08,2934.4
2012-06-11,2933.72
2012-06-12,2974.3
2012-06-13,2971.37
2012-06-14,2944.02
2012-06-15,2974.39
2012-06-18,2925.57
2012-06-19,2953.34
2012-06-20,2992.39
2012-06-21,3044.77
2012-06-22,3037.86
2012-06-25,3032.11
2012-06-26,3035.19
2012-06-27,3041.49
2012-06-28,3034.72
2012-06-29,3096.36
2012-07-02,3121.86
2012-07-03,3150.57
2012-07-04,3167.5
2012-07-05,3204.51
2012-07-06,3191.49
2012-07-09,3138.23
2012-07-10,3187.37
2012-07-11,3183.01
2012-07-12,3166.78
2012-07-13,3156.83
2012-07-16,3130.12
2012-07-17,3090.67
2012-07-18,3092.82
2012-07-19,3106.76
2012-07-20,3082.48
2012-07-23,3026.16
2012-07-24,3030.72
2012-07-25,2991.15
2012-07-26,2910.09
2012-07-27,2877.63
2012-07-30,2951.41
2012-07-31,2955.88
2012-08-01,2963.93
2012-08-02,2961.47
2012-08-03,2954.52
2012-08-06,2963.47
2012-08-07,2966.19
2012-08-08,2951.87
2012-08-09,2915.8
2012-08-10,2920.41
2012-08-13,2929.83
2012-08-14,2937.33
2012-08-16,2922.52
2012-08-17,2908.61
2012-08-21,2908.78
2012-08-22,2904.32
2012-08-23,2892.18
2012-08-24,2869.86
2012-08-27,2818.47
2012-08-28,2789.52
2012-08-29,2757.54
2012-08-30,2759.71
2012-08-31,2733.34
2012-09-03,2727.46
2012-09-04,2761.81
2012-09-05,2744.48
2012-09-06,2739.61
2012-09-07,2778.62
2012-09-08,2792.43
2012-09-10,2793.17
2012-09-11,2802.77
2012-09-12,2805.98
2012-09-13,2787.33
2012-09-14,2825.82
2012-09-17,2886.92
2012-09-18,2955.42
2012-09-20,2954.4
2012-09-21,3014.65
2012-09-24,3026.82
2012-09-25,3032.52
2012-09-26,3028.77
2012-09-27,3023.14
2012-09-28,3051.21
2012-10-01,3091.01
2012-10-03,3105.17
2012-10-04,3151.76
2012-10-05,3119.66
2012-10-08,3099.37
2012-10-09,3113.84
2012-10-10,3034.07
2012-10-11,3085.13
2012-10-12,3077.96
2012-10-15,3082.07
2012-10-16,3024.09
2012-10-17,3029.26
2012-10-18,3086.66
2012-10-19,3064.4
2012-10-22,3046.66
2012-10-23,3031.13
2012-10-25,3020.38
2012-10-26,2975.8
2012-10-29,2961.03
2012-10-30,2887.55
2012-10-31,2915.83
2012-11-01,2959.54
2012-11-02,2988.45
2012-11-05,2972.71
2012-11-06,3000.1
2012-11-07,3030.02
2012-11-08,3056.43
2012-11-09,3001.65
2012-11-12,3025.57
2012-11-13,3034.28
2012-11-15,3044.56
2012-11-16,2986.59
2012-11-19,2961.04
2012-11-20,2909.14
2012-11-21,2943.53
2012-11-22,2953.15
2012-11-23,2948.92
2012-11-26,2960.33
2012-11-27,3004.47
2012-11-29,3054.01
2012-11-30,3111.31
2012-12-03,3142.78
2012-12-04,3166.66
2012-12-05,3210.39
2012-12-06,3241.2
2012-12-07,3240.58
2012-12-10,3283.72
2012-12-11,3231.85
2012-12-12,3233.76
2012-12-13,3168.78
2012-12-14,3202.5
2012-12-17,3209.9
2012-12-18,3246.56
2012-12-19,3266.05
2012-12-20,3268.36
2012-12-21,3200.79
2012-12-24,3210.1
2012-12-26,3245.41
2012-12-27,3220.68
2012-12-28,3250.97
2012-12-31,3275.46
2013-01-01,3337.44
2013-01-02,3352.48
2013-01-03,3381.68
2013-01-04,3431.97
2013-01-07,3452.72
2013-01-08,3453.33
2013-01-09,3438.91
2013-01-10,3400.55
2013-01-11,3326.51
2013-01-14,3415.02
2013-01-15,3439.75
2013-01-16,3364.19
2013-01-17,3404.16
2013-01-18,3451.19
2013-01-21,3471.23
2013-01-22,3396.02
2013-01-23,3322.69
2013-01-24,3178.77
2013-01-25,3264.14
2013-01-28,3254.47
2013-01-29,3197.16
2013-01-30,3185.86
2013-01-31,3220.08
2013-02-01,3214.65
2013-02-04,3150.88
2013-02-05,3133.47
2013-02-06,3139.89
2013-02-07,3079.57
2013-02-08,3035.38
2013-02-11,3038.13
2013-02-12,3033.66
2013-02-13,2985.85
2013-02-14,2937.67
2013-02-15,2948.26
2013-02-18,2982.49
2013-02-19,3019.24
2013-02-20,3014.41
2013-02-21,2942.53
2013-02-22,2949.55
2013-02-25,2890.97
2013-02-26,2808.56
2013-02-27,2852.3
2013-02-28,2715.94
2013-03-01,2738.03
2013-03-04,2688.22
2013-03-05,2760.21
2013-03-06,2822.98
2013-03-07,2837.15
2013-03-08,2884.71
2013-03-11,2895.55
2013-03-12,2877.33
2013-03-13,2831.18
2013-03-14,2870.42
2013-03-15,2845.01
2013-03-18,2818.43
2013-03-19,2736.69
2013-03-20,2643.14
2013-03-21,2602.09
2013-03-22,2588.94
2013-03-25,2563.7
2013-03-26,2540.39
2013-03-28,2618.94
2013-04-01,2675.91
2013-04-02,2743.82
2013-04-03,2706.91
2013-04-04,2662.74
2013-04-05,2672.69
2013-04-08,2665.56
2013-04-09,2629.43
2013-04-10,2667.32
2013-04-11,2662.89
2013-04-12,2688.47
2013-04-15,2732.91
2013-04-16,2782.7
2013-04-17,2771.22
2013-04-18,2813.79
2013-04-22,2894.42
2013-04-23,2881.16
2013-04-25,2896.64
2013-04-26,2853.71
2013-04-29,2883.87
2013-04-30,2863.63
2013-05-02,2900.16
2013-05-03,2876.62
2013-05-06,2916.8
2013-05-07,2925.73
2013-05-08,2937.68
2013-05-09,2919.57
2013-05-10,2936.24
2013-05-11,2945.97
2013-05-13,2875.73
2013-05-14,2888.98
2013-05-15,2974.8
2013-05-16,2987.53
2013-05-17,2989.32
2013-05-20,2974.44
2013-05-21,2940.64
2013-05-22,2884.32
2013-05-23,2797.76
2013-05-24,2818.31
2013-05-27,2854.21
2013-05-28,2875.18
2013-05-29,2831.74
2013-05-30,2816.17
2013-05-31,2709.8
2013-06-03,2723.47
2013-06-04,2724.23
2013-06-05,2749.6
2013-06-06,2759.92
2013-06-07,2723.91
2013-06-10,2657.83
2013-06-11,2584.12
2013-06-12,2585.41
2013-06-13,2540.93
2013-06-14,2595.76
2013-06-17,2608.63
2013-06-18,2633.3
2013-06-19,2652.76
2013-06-20,2564.82
2013-06-21,2499.48
2013-06-24,2406.18
2013-06-25,2414.31
2013-06-26,2389.72
2013-06-27,2401.46
2013-06-28,2481.84
2013-07-01,2589.2
2013-07-02,2565.94
2013-07-03,2482.52
2013-07-04,2506.57
2013-07-05,2512.76
2013-07-08,2507.39
2013-07-09,2531.21
2013-07-10,2499.49
2013-07-11,2541.09
2013-07-12,2530.17
2013-07-15,2581.37
2013-07-16,2517.67
2013-07-17,2469.83
2013-07-18,2526.72
2013-07-19,2499.36
2013-07-22,2485.19
2013-07-23,2484.64
2013-07-24,2428.12
2013-07-25,2397.47
2013-07-26,2348.44
2013-07-29,2286.46
2013-07-30,2195.73
2013-07-31,2245.83
2013-08-01,2151.07
2013-08-02,2080.76
2013-08-05,2080.38
2013-08-06,2010.99
2013-08-07,2072.25
2013-08-08,2097.85
2013-08-12,2145.62
2013-08-13,2178.48
2013-08-14,2219.8
2013-08-16,2081.06
2013-08-19,2071.85
2013-08-20,2096.2
2013-08-21,2033.62
2013-08-22,2106.59
2013-08-23,2123.82
2013-08-26,2141.76
2013-08-27,2063.23
2013-08-28,2029.8
2013-08-29,2079.42
2013-08-30,2087.93
2013-09-02,2154.67
2013-09-03,2086.52
2013-09-04,2132.89
2013-09-05,2204.83
2013-09-06,2232.25
2013-09-10,2262.44
2013-09-11,2329.41
2013-09-12,2300.05
2013-09-13,2340.7
2013-09-16,2330.85
2013-09-17,2313.71
2013-09-18,2326.6
2013-09-19,2452.62
2013-09-20,2359.24
2013-09-23,2314.77
2013-09-24,2298.54
2013-09-25,2319.64
2013-09-26,2312.36
2013-09-27,2315.77
2013-09-30,2290.06
2013-10-01,2304.87
2013-10-03,2358.47
2013-10-04,2360.9
2013-10-07,2372.96
2013-10-08,2390.21
2013-10-09,2416.54
2013-10-10,2417.36
2013-10-11,2437.13
2013-10-14,2457.12
2013-10-15,2405.55
2013-10-17,2404.27
2013-10-18,2451.17
2013-10-21,2485.09
2013-10-22,2529.8
2013-10-23,2540.61
2013-10-24,2527.56
2013-10-25,2490.29
2013-10-28,2455.17
2013-10-29,2496.68
2013-10-30,2499.33
2013-10-31,2573.83
2013-11-01,2648.01
2013-11-03,2698.15
2013-11-05,2754.46
2013-11-06,2723.41
2013-11-07,2651.32
2013-11-08,2641.31
2013-11-11,2587.57
2013-11-12,2547.39
2013-11-13,2513.47
2013-11-14,2565.45
2013-11-18,2623.54
2013-11-19,2650.58
2013-11-20,2639.0
2013-11-21,2567.61
2013-11-22,2559.75
2013-11-25,2616.94
2013-11-26,2548.05
2013-11-27,2567.4
2013-11-28,2596.78
2013-11-29,2634.32
2013-12-02,2676.43
2013-12-03,2668.57
2013-12-04,2655.93
2013-12-05,2712.18
2013-12-06,2736.41
2013-12-09,2773.95
2013-12-10,2731.16
2013-12-11,2712.66
2013-12-12,2684.96
2013-12-13,2628.61
2013-12-16,2604.97
2013-12-17,2591.25
2013-12-18,2649.77
2013-12-19,2615.17
2013-12-20,2678.67
2013-12-23,2733.28
2013-12-24,2767.32
2013-12-26,2807.1
2013-12-27,2820.17
2013-12-30,2793.23
2013-12-31,2817.38
2014-01-01,2868.44
2014-01-02,2769.96
2014-01-03,2793.96
2014-01-06,2808.35
2014-01-07,2802.98
2014-01-08,2826.89
2014-01-09,2798.43
2014-01-10,2759.18
2014-01-13,2774.18
2014-01-14,2763.25
2014-01-15,2800.02
2014-01-16,2790.8
2014-01-17,2752.19
2014-01-20,2777.77
2014-01-21,2793.78
2014-01-22,2805.85
2014-01-23,2793.35
2014-01-24,2723.33
2014-01-27,2600.77
2014-01-28,2605.1
2014-01-29,2608.08
2014-01-30,2549.15
2014-01-31,2615.37
2014-02-03,2577.34
2014-02-04,2587.36
2014-02-05,2595.54
2014-02-06,2588.53
2014-02-07,2613.52
2014-02-10,2607.14
2014-02-11,2617.17
2014-02-12,2606.59
2014-02-13,2553.69
2014-02-14,2565.03
2014-02-17,2565.18
2014-02-18,2601.63
2014-02-19,2621.27
2014-02-20,2612.76
2014-02-21,2634.84
2014-02-24,2630.0
2014-02-25,2640.26
2014-02-26,2656.78
2014-02-28,2668.71
2014-03-03,2660.54
2014-03-04,2704.39
2014-03-05,2746.27
2014-03-06,2803.92
2014-03-07,2868.24
2014-03-10,2894.82
2014-03-11,2888.32
2014-03-12,2869.51
2014-03-13,2877.7
2014-03-14,2872.31
2014-03-18,2930.82
2014-03-19,2936.71
2014-03-20,2896.35
2014-03-21,2907.29
2014-03-22,2923.32
2014-03-24,2959.88
2014-03-25,2980.4
2014-03-26,2978.92
2014-03-27,3043.32
2014-03-28,3137.36
2014-03-31,3190.91
2014-04-01,3197.17
2014-04-02,3285.55
2014-04-03,3258.96
2014-04-04,3337.09
2014-04-07,3345.44
2014-04-09,3436.79
2014-04-10,3489.7
2014-04-11,3514.41
2014-04-15,3493.4
2014-04-16,3408.51
2014-04-17,3485.18
2014-04-21,3537.75
2014-04-22,3554.24
2014-04-23,3573.18
2014-04-25,3565.87
2014-04-28,3603.86
2014-04-29,3575.89
2014-04-30,3504.62
2014-05-02,3536.96
2014-05-05,3539.63
2014-05-06,3553.26
2014-05-07,3550.11
2014-05-08,3535.24
2014-05-09,3635.18
2014-05-12,3691.41
2014-05-13,3794.87
2014-05-14,3907.99
2014-05-15,3882.32
2014-05-16,4056.76
2014-05-19,4399.02
2014-05-20,4477.11
2014-05-21,4505.36
2014-05-22,4646.64
2014-05-23,4792.85
2014-05-26,4648.61
2014-05-27,4574.73
2014-05-28,4589.55
2014-05-29,4566.03
2014-05-30,4529.09
2014-06-02,4680.9
2014-06-03,4742.35
2014-06-04,4890.69
2014-06-05,4988.75
2014-06-06,5119.11
2014-06-09,5214.42
2014-06-10,5129.44
2014-06-11,5002.07
2014-06-12,4958.13
2014-06-13,4730.02
2014-06-16,4754.99
2014-06-17,4901.71
2014-06-18,4831.99
2014-06-19,4780.93
2014-06-20,4719.89
2014-06-23,4809.78
2014-06-24,4941.7
2014-06-25,4953.25
2014-06-26,4898.96
2014-06-27,4913.75
2014-06-30,5062.36
2014-07-01,5070.97
2014-07-02,5091.31
2014-07-03,5035.28
2014-07-04,5026.63
2014-07-07,4986.42
2014-07-08,4693.64
2014-07-09,4593.39
2014-07-10,4681.18
2014-07-11,4488.13
2014-07-14,4487.28
2014-07-15,4633.85
2014-07-16,4723.23
2014-07-17,4760.4
2014-07-18,4712.49
2014-07-21,4709.26
2014-07-22,4676.23
2014-07-23,4681.86
2014-07-24,4687.45
2014-07-25,4567.15
2014-07-28,4546.49
2014-07-30,4585.42
2014-07-31,4598.44
2014-08-01,4538.14
2014-08-04,4622.61
2014-08-05,4681.48
2014-08-06,4594.06
2014-08-07,4591.05
2014-08-08,4440.22
2014-08-11,4472.05
2014-08-12,4531.59
2014-08-13,4357.68
2014-08-14,4442.31
2014-08-18,4574.49
2014-08-19,4658.54
2014-08-20,4632.64
2014-08-21,4650.71
2014-08-22,4642.38
2014-08-25,4576.22
2014-08-26,4540.1
2014-08-27,4561.64
2014-08-28,4538.13
2014-09-01,4648.1
2014-09-02,4689.1
2014-09-03,4727.56
2014-09-04,4653.74
2014-09-05,4659.74
2014-09-08,4741.35
2014-09-09,4749.52
2014-09-10,4730.42
2014-09-11,4841.56
2014-09-12,4862.42
2014-09-15,4919.54
2014-09-16,4689.29
2014-09-17,4671.77
2014-09-18,4822.0
2014-09-19,4803.67
2014-09-22,4807.69
2014-09-23,4660.98
2014-09-24,4559.83
2014-09-25,4324.73
2014-09-26,4400.28
2014-09-29,4474.24
2014-09-30,4471.02
2014-10-01,4447.95
2014-10-07,4419.9
2014-10-08,4472.84
2014-10-09,4564.13
2014-10-10,4503.86
2014-10-13,4564.19
2014-10-14,4534.59
2014-10-16,4406.68
2014-10-17,4448.89
2014-10-20,4528.52
2014-10-21,4519.71
2014-10-22,4534.25
2014-10-23,4585.05
2014-10-27,4574.81
2014-10-28,4606.55
2014-10-29,4638.56
2014-10-30,4669.28
2014-10-31,4800.57
2014-11-03,4863.52
2014-11-05,4882.03
2014-11-07,4875.84
2014-11-10,4905.21
2014-11-11,4975.19
2014-11-12,4951.8
2014-11-13,4881.68
2014-11-14,4945.94
2014-11-17,5004.89
2014-11-18,5028.24
2014-11-19,4947.27
2014-11-20,4911.83
2014-11-21,4920.28
2014-11-24,4931.22
2014-11-25,4791.83
2014-11-26,4851.25
2014-11-27,4902.37
2014-11-28,5053.61
2014-12-01,5034.33
2014-12-02,5072.47
2014-12-03,5128.96
2014-12-04,5183.47
2014-12-05,5208.09
2014-12-08,5143.15
2014-12-09,5038.68
2014-12-10,5125.64
2014-12-11,5090.54
2014-12-12,4989.08
2014-12-15,4913.96
2014-12-16,4743.01
2014-12-17,4706.03
2014-12-18,4899.95
2014-12-19,4921.29
2014-12-22,4968.24
2014-12-23,4920.62
2014-12-24,4916.29
2014-12-26,4948.52
2014-12-29,4961.55
2014-12-30,4988.61
2014-12-31,5039.94
2015-01-01,5089.88
2015-01-02,5105.05
2015-01-05,5102.4
2015-01-06,4918.41
2015-01-07,4920.28
2015-01-08,5043.46
2015-01-09,5011.38
2015-01-12,5048.78
2015-01-13,5003.15
2015-01-14,4940.5
2015-01-15,5061.14
2015-01-16,5048.69
2015-01-19,5096.61
2015-01-20,5108.38
2015-01-21,5093.89
2015-01-22,5097.29
2015-01-23,5109.44
2015-01-27,5121.71
2015-01-28,5117.42
2015-01-29,5134.77
2015-01-30,5147.19
2015-02-02,5152.19
2015-02-03,5053.28
2015-02-04,5065.68
2015-02-05,4960.94
2015-02-06,4906.98
2015-02-09,4791.38
2015-02-10,4755.68
2015-02-11,4882.31
2015-02-12,4926.88
2015-02-13,4962.61
2015-02-16,4957.32
2015-02-18,5026.78
2015-02-19,5040.32
2015-02-20,5044.12
2015-02-23,4988.45
2015-02-24,4989.77
2015-02-25,4963.9
2015-02-26,4904.38
2015-02-27,5047.6
2015-02-28,5032.43
2015-03-02,5135.86
2015-03-03,5195.25
2015-03-04,5057.62
2015-03-05,5125.43
2015-03-09,5043.75
2015-03-10,5040.94
2015-03-11,5025.32
2015-03-12,5118.03
2015-03-13,5050.63
2015-03-16,5063.51
2015-03-17,5102.85
2015-03-18,5141.32
2015-03-19,5067.88
2015-03-20,4935.84
2015-03-23,4859.32
2015-03-24,4866.68
2015-03-25,4825.85
2015-03-26,4780.03
2015-03-27,4767.3
2015-03-30,4858.25
2015-03-31,4887.63
2015-04-01,4973.28
2015-04-06,5021.05
2015-04-07,5065.93
2015-04-08,5110.4
2015-04-09,5143.28
2015-04-10,5190.65
2015-04-13,5229.62
2015-04-15,5210.01
2015-04-16,5159.69
2015-04-17,5153.15
2015-04-20,5044.08
2015-04-21,5044.63
2015-04-22,5078.73
2015-04-23,5082.72
2015-04-24,4949.71
2015-04-27,4813.94
2015-04-28,4883.9
2015-04-29,4889.27
2015-04-30,4905.03
2015-05-04,5023.47
2015-05-05,5045.39
2015-05-06,4822.38
2015-05-07,4720.69
2015-05-08,4773.9
2015-05-11,4866.93
2015-05-12,4698.05
2015-05-13,4754.25
2015-05-14,4827.33
2015-05-15,4816.65
2015-05-18,4844.69
2015-05-19,4847.7
2015-05-20,4837.49
2015-05-21,4832.74
2015-05-22,4821.62
2015-05-25,4798.54
2015-05-26,4784.56
2015-05-27,4826.54
2015-05-28,4836.0
2015-05-29,4885.49
2015-06-01,4887.89
2015-06-02,4761.56
2015-06-03,4626.08
2015-06-04,4591.01
2015-06-05,4602.39
2015-06-08,4510.27
2015-06-09,4510.39
2015-06-10,4539.62
2015-06-11,4443.61
2015-06-12,4433.28
2015-06-15,4434.69
2015-06-16,4455.54
2015-06-17,4466.82
2015-06-18,4516.46
2015-06-19,4545.19
2015-06-22,4668.2
2015-06-23,4708.1
2015-06-24,4634.77
2015-06-25,4666.47
2015-06-26,4639.19
2015-06-29,4568.17
2015-06-30,4619.2
2015-07-01,4731.13
2015-07-02,4777.1
2015-07-03,4772.44
2015-07-06,4837.01
2015-07-07,4862.69
2015-07-08,4761.78
2015-07-09,4745.91
2015-07-10,4775.11
2015-07-13,4832.18
2015-07-14,4854.79
2015-07-15,4838.41
2015-07-16,4931.48
2015-07-17,4970.83
2015-07-20,4958.37
2015-07-21,4855.44
2015-07-22,4954.92
2015-07-23,5008.15
2015-07-24,4973.95
2015-07-27,4891.11
2015-07-28,4862.44
2015-07-29,4817.54
2015-07-30,4881.7
2015-07-31,4948.11
2015-08-03,5038.7
2015-08-04,5094.43
2015-08-05,5135.91
2015-08-06,5189.71
2015-08-07,5209.78
2015-08-10,5173.11
2015-08-11,5075.59
2015-08-12,4924.28
2015-08-13,4854.29
2015-08-14,4969.68
2015-08-17,5012.41
2015-08-18,5056.73
2015-08-19,4997.72
2015-08-20,4844.34
2015-08-21,4804.02
2015-08-24,4275.55
2015-08-25,4390.07
2015-08-26,4351.47
2015-08-27,4507.37
2015-08-28,4512.43
2015-08-31,4540.29
2015-09-01,4370.46
2015-09-02,4330.12
2015-09-03,4401.62
2015-09-04,4297.46
2015-09-07,4209.44
2015-09-08,4258.84
2015-09-09,4368.23
2015-09-10,4338.23
2015-09-11,4343.16
2015-09-14,4428.41
2015-09-15,4357.42
2015-09-16,4310.29
2015-09-18,4387.91
2015-09-21,4473.73
2015-09-22,4409.39
2015-09-23,4492.19
2015-09-24,4510.94
2015-09-28,4486.22
2015-09-29,4444.85
2015-09-30,4500.17
2015-10-01,4489.24
2015-10-05,4604.83
2015-10-06,4645.37
2015-10-07,4720.2
2015-10-08,4718.92
2015-10-09,4756.61
2015-10-12,4796.46
2015-10-13,4802.38
2015-10-14,4793.74
2015-10-15,4851.59
2015-10-16,4872.12
2015-10-19,4888.98
2015-10-20,4845.59
2015-10-21,4835.16
2015-10-23,4834.62
2015-10-26,4799.9
2015-10-27,4798.05
2015-10-28,4782.81
2015-10-29,4744.22
2015-10-30,4730.39
2015-11-02,4690.12
2015-11-03,4720.17
2015-11-04,4727.08
2015-11-05,4650.42
2015-11-06,4596.28
2015-11-09,4600.4
2015-11-10,4499.35
2015-11-11,4556.29
2015-11-13,4529.23
2015-11-16,4595.05
2015-11-17,4631.66
2015-11-18,4543.14
2015-11-19,4608.84
2015-11-20,4620.63
2015-11-23,4591.31
2015-11-24,4599.85
2015-11-26,4622.68
2015-11-27,4668.02
2015-11-30,4696.04
2015-12-01,4758.87
2015-12-02,4747.08
2015-12-03,4709.55
2015-12-04,4668.26
2015-12-07,4659.53
2015-12-08,4544.17
2015-12-09,4449.34
2015-12-10,4489.31
2015-12-11,4449.82
2015-12-14,4460.5
2015-12-15,4471.96
2015-12-16,4499.29
2015-12-17,4601.31
2015-12-18,4582.96
2015-12-21,4642.39
2015-12-22,4603.5
2015-12-23,4653.28
2015-12-24,4679.94
2015-12-28,4674.43
2015-12-29,4664.82
2015-12-30,4656.84
2015-12-31,4678.38
2016-01-01,4745.66
2016-01-04,4672.07
2016-01-05,4755.31
2016-01-06,4720.62
2016-01-07,4505.83
2016-01-08,4567.82
2016-01-11,4546.9
2016-01-12,4478.19
2016-01-13,4419.89
2016-01-14,4360.42
2016-01-15,4188.19
2016-01-18,4054.52
2016-01-19,4098.55
2016-01-20,3976.27
2016-01-21,3965.65
2016-01-22,4098.04
2016-01-25,4109.78
2016-01-27,4133.44
2016-01-28,4120.01
2016-01-29,4172.57
2016-02-01,4148.08
2016-02-02,4035.63
2016-02-03,3933.2
2016-02-04,3938.49
2016-02-05,4069.81
2016-02-08,4049.6
2016-02-09,3979.69
2016-02-10,3887.91
2016-02-11,3710.25
2016-02-12,3648.65
2016-02-15,3874.09
2016-02-16,3754.64
2016-02-17,3809.98
2016-02-18,3835.98
2016-02-19,3835.41
2016-02-22,3851.8
2016-02-23,3783.28
2016-02-24,3754.26
2016-02-25,3726.06
2016-02-26,3750.33
2016-02-29,3757.14
2016-03-01,3882.27
2016-03-02,4015.58
2016-03-03,4121.42
2016-03-04,4187.3
2016-03-08,4269.77
2016-03-09,4269.92
2016-03-10,4250.55
2016-03-11,4249.5
2016-03-14,4274.66
2016-03-15,4288.72
2016-03-16,4261.64
2016-03-17,4297.53
2016-03-18,4351.97
2016-03-21,4401.81
2016-03-22,4433.38
2016-03-23,4459.77
2016-03-28,4314.43
2016-03-29,4315.83
2016-03-30,4451.22
2016-03-31,4450.96
2016-04-01,4490.09
2016-04-04,4504.62
2016-04-05,4386.78
2016-04-06,4447.56
2016-04-07,4422.4
2016-04-08,4451.96
2016-04-11,4529.83
2016-04-12,4530.99
2016-04-13,4604.38
2016-04-18,4647.15
2016-04-20,4708.78
2016-04-21,4733.04
2016-04-22,4742.14
2016-04-25,4688.95
2016-04-26,4762.29
2016-04-27,4755.14
2016-04-28,4662.4
2016-04-29,4685.89
2016-05-02,4704.94
2016-05-03,4658.58
2016-05-04,4511.23
2016-05-05,4486.12
2016-05-06,4520.93
2016-05-09,4571.02
2016-05-10,4537.25
2016-05-11,4502.3
2016-05-12,4535.82
2016-05-13,4495.32
2016-05-16,4492.93
2016-05-17,4501.57
2016-05-18,4532.66
2016-05-19,4459.08
2016-05-20,4418.33
2016-05-23,4387.11
2016-05-24,4368.88
2016-05-25,4447.39
2016-05-26,4504.82
2016-05-27,4595.62
2016-05-30,4626.08
2016-05-31,4640.97
2016-06-01,4607.92
2016-06-02,4634.85
2016-06-03,4616.41
2016-06-06,4622.94
2016-06-07,4661.2
2016-06-08,4686.35
2016-06-09,4717.86
2016-06-10,4725.74
2016-06-13,4686.09
2016-06-14,4749.94
2016-06-15,4799.15
2016-06-16,4816.6
2016-06-17,4832.17
2016-06-20,4883.68
2016-06-21,4894.71
2016-06-22,4865.74
2016-06-23,4887.78
2016-06-24,4748.84
2016-06-27,4836.4
2016-06-28,4880.31
2016-06-29,4953.37
2016-06-30,5041.61
2016-07-01,5126.62
2016-07-04,5223.03
2016-07-05,5246.79
2016-07-07,5280.71
2016-07-08,5258.74
2016-07-11,5378.39
2016-07-12,5469.44
2016-07-13,5452.66
2016-07-14,5530.78
2016-07-15,5515.21
2016-07-18,5452.29
2016-07-19,5509.73
2016-07-20,5548.02
2016-07-21,5505.16
2016-07-22,5585.27
2016-07-25,5691.17
2016-07-26,5645.67
2016-07-27,5670.87
2016-07-28,5683.1
2016-07-29,5666.41
2016-08-01,5669.26
2016-08-02,5617.96
2016-08-03,5568.93
2016-08-04,5629.02
2016-08-05,5772.08
2016-08-08,5811.45
2016-08-09,5750.73
2016-08-10,5642.58
2016-08-11,5618.61
2016-08-12,5666.59
2016-08-16,5707.43
2016-08-17,5743.14
2016-08-18,5789.11
2016-08-19,5863.23
2016-08-22,5818.56
2016-08-23,5777.6
2016-08-24,5817.21
2016-08-25,5766.0
2016-08-26,5724.78
2016-08-29,5756.38
2016-08-30,5842.51
2016-08-31,5851.46
2016-09-01,5782.8
2016-09-02,5831.19
2016-09-06,5914.96
2016-09-07,5981.74
2016-09-08,6048.15
2016-09-09,5987.63
2016-09-12,5717.09
2016-09-14,5822.32
2016-09-15,5796.76
2016-09-16,5754.13
2016-09-19,5812.92
2016-09-20,5808.52
2016-09-21,5814.78
2016-09-22,5921.86
2016-09-23,5925.82
2016-09-26,5903.89
2016-09-27,5860.52
2016-09-28,6000.03
2016-09-29,5716.39
2016-09-30,5859.55
2016-10-03,6040.21
2016-10-04,6133.71
2016-10-05,6171.46
2016-10-06,6178.28
2016-10-07,6193.54
2016-10-10,6190.32
2016-10-13,6080.38
2016-10-14,6114.27
2016-10-17,6065.54
2016-10-18,6148.6
2016-10-19,6189.67
2016-10-20,6249.68
2016-10-21,6271.49
2016-10-24,6307.79
2016-10-25,6264.32
2016-10-26,6195.68
2016-10-27,6157.24
2016-10-28,6240.26
2016-10-30,6258.29
2016-11-01,6332.28
2016-11-02,6184.53
2016-11-03,6090.84
2016-11-04,5977.23
2016-11-07,6074.67
2016-11-08,6085.97
2016-11-09,5946.61
2016-11-10,6177.97
2016-11-11,6023.79
2016-11-15,5804.5
2016-11-16,5762.61
2016-11-17,5793.05
2016-11-18,5824.81
2016-11-21,5631.39
2016-11-22,5725.54
2016-11-23,5809.07
2016-11-24,5824.14
2016-11-25,5939.62
2016-11-28,5983.04
2016-11-29,5987.87
2016-11-30,6083.4
2016-12-01,5978.28
2016-12-02,5900.44
2016-12-05,5946.59
2016-12-06,5991.57
2016-12-07,5985.61
2016-12-08,6102.95
2016-12-09,6122.65
2016-12-12,6064.63
2016-12-13,6054.27
2016-12-14,5984.75
2016-12-15,5999.16
2016-12-16,5943.22
2016-12-19,5949.04
2016-12-20,5882.27
2016-12-21,5914.32
2016-12-22,5797.57
2016-12-23,5762.24
2016-12-26,5602.41
2016-12-27,5704.44
2016-12-28,5711.44
2016-12-29,5799.04
2016-12-30,5851.21
2017-01-02,5946.52
2017-01-03,6013.55
2017-01-04,6031.68
2017-01-05,6167.93
2017-01-06,6155.83
2017-01-09,6155.36
2017-01-10,6219.04
2017-01-11,6342.58
2017-01-12,6366.43
2017-01-13,6363.39
2017-01-16,6424.4
2017-01-17,6394.49
2017-01-18,6433.48
2017-01-19,6485.96
2017-01-20,6347.21
2017-01-23,6444.16
2017-01-24,6509.45
2017-01-25,6611.81
2017-01-27,6647.87
2017-01-30,6625.41
2017-01-31,6504.75
2017-02-01,6658.09
2017-02-02,6713.17
2017-02-03,6774.62
2017-02-06,6794.05
2017-02-07,6745.89
2017-02-08,6805.78
2017-02-09,6802.79
2017-02-10,6775.27
2017-02-13,6744.52
2017-02-14,6683.46
2017-02-15,6556.22
2017-02-16,6646.46
2017-02-17,6690.79
2017-02-20,6800.75
2017-02-21,6863.16
2017-02-22,6849.46
2017-02-23,6866.77
2017-02-27,6842.23
2017-02-28,6882.17
2017-03-01,6931.07
2017-03-02,6815.7
2017-03-03,6860.53
2017-03-06,6898.67
2017-03-07,6863.06
2017-03-08,6752.19
2017-03-09,6724.97
2017-03-10,6706.09
2017-03-14,6815.08
2017-03-15,6855.46
2017-03-16,7004.17
2017-03-17,7003.37
2017-03-20,7018.6
2017-03-21,6995.04
2017-03-22,6906.7
2017-03-23,6992.42
2017-03-24,7065.05
2017-03-27,7022.88
2017-03-28,7035.75
2017-03-29,7072.61
2017-03-30,7102.15
2017-03-31,7190.09
2017-04-03,7201.28
2017-04-05,7285.11
2017-04-06,7277.55
2017-04-07,7238.94
2017-04-10,7295.85
2017-04-11,7417.4
2017-04-12,7379.53
2017-04-13,7377.41
2017-04-17,7389.21
2017-04-18,7325.12
2017-04-19,7354.24
2017-04-20,7437.47
2017-04-21,7457.42
2017-04-24,7518.71
2017-04-25,7591.47
2017-04-26,7491.88
2017-04-27,7494.8
2017-04-28,7554.14
2017-05-02,7654.74
2017-05-03,7644.35
2017-05-04,7683.83
2017-05-05,7589.04
2017-05-08,7671.91
2017-05-09,7721.73
2017-05-10,7759.55
2017-05-11,7692.54
2017-05-12,7680.19
2017-05-15,7754.46
2017-05-16,7786.91
2017-05-17,7807.26
2017-05-18,7647.59
2017-05-19,7579.09
2017-05-22,7464.11
2017-05-23,7361.64
2017-05-24,7248.98
2017-05-25,7337.41
2017-05-26,7488.6
2017-05-29,7334.44
2017-05-30,7393.85
2017-05-31,7421.74
2017-06-01,7405.58
2017-06-02,7411.91
2017-06-05,7449.02
2017-06-06,7398.19
2017-06-07,7429.52
2017-06-08,7429.35
2017-06-09,7462.78
2017-06-12,7444.58
2017-06-13,7434.14
2017-06-14,7464.97
2017-06-15,7438.02
2017-06-16,7456.23
2017-06-19,7481.86
2017-06-20,7498.87
2017-06-21,7463.28
2017-06-22,7344.45
2017-06-23,7227.87
2017-06-27,7154.22
2017-06-28,7230.51
2017-06-29,7273.34
2017-06-30,7247.51
2017-07-03,7350.58
2017-07-04,7307.07
2017-07-05,7392.79
2017-07-06,7439.42
2017-07-07,7450.3
2017-07-10,7544.18
2017-07-11,7496.49
2017-07-12,7596.48
2017-07-13,7630.59
2017-07-14,7611.06
2017-07-17,7659.84
2017-07-18,7612.21
2017-07-19,7702.62
2017-07-20,7708.19
2017-07-21,7712.33
2017-07-24,7711.56
2017-07-25,7747.78
2017-07-26,7779.42
2017-07-27,7714.55
2017-07-28,7750.59
2017-07-31,7805.62
2017-08-01,7839.05
2017-08-02,7816.74
2017-08-03,7759.57
2017-08-04,7918.35
2017-08-07,8045.18
2017-08-08,7915.58
2017-08-09,7816.2
2017-08-10,7552.55
2017-08-11,7463.98
2017-08-14,7656.46
2017-08-16,7739.01
2017-08-17,7821.07
2017-08-18,7786.34
2017-08-21,7642.82
2017-08-22,7622.86
2017-08-23,7752.08
2017-08-24,7780.96
2017-08-28,7845.17
2017-08-29,7745.67
2017-08-30,7921.34
2017-08-31,7970.72
2017-09-01,8085.04
2017-09-04,8007.92
2017-09-05,8080.4
2017-09-06,8086.52
2017-09-07,8120.2
2017-09-08,8061.65
2017-09-11,8105.79
2017-09-12,8205.04
2017-09-13,8097.21
2017-09-14,8114.0
2017-09-15,8115.69
2017-09-18,8139.08
2017-09-19,8176.96
2017-09-20,8157.47
2017-09-21,8089.6
2017-09-22,7816.01
2017-09-25,7686.08
2017-09-26,7740.73
2017-09-27,7601.52
2017-09-28,7639.32
2017-09-29,7726.8
2017-10-03,7773.65
2017-10-04,7826.75
2017-10-05,7835.26
2017-10-06,7959.45
2017-10-09,7933.58
2017-10-10,7955.27
2017-10-11,7911.19
2017-10-12,7983.5
2017-10-13,8029.31
2017-10-16,8042.57
2017-10-17,8122.68
2017-10-18,8135.59
2017-10-19,8097.47
2017-10-23,8102.36
2017-10-24,8153.21
2017-10-25,8259.06
2017-10-26,8388.2
2017-10-27,8364.36
2017-10-30,8446.32
2017-10-31,8424.56
2017-11-01,8497.51
2017-11-02,8495.57
2017-11-03,8511.06
2017-11-06,8501.13
2017-11-07,8358.97
2017-11-08,8292.65
2017-11-09,8324.51
2017-11-10,8297.89
2017-11-13,8200.46
2017-11-14,8140.73
2017-11-15,7995.17
2017-11-16,8069.73
2017-11-17,8163.0
2017-11-20,8246.24
2017-11-21,8245.13
2017-11-22,8226.07
2017-11-23,8233.56
2017-11-24,8233.44
2017-11-27,8217.06
2017-11-28,8198.88
2017-11-29,8189.09
2017-11-30,8117.03
2017-12-01,8002.92
2017-12-04,8023.07
2017-12-05,7988.53
2017-12-06,7880.21
2017-12-07,7982.17
2017-12-08,8119.19
2017-12-11,8144.07
2017-12-12,8033.9
2017-12-13,7965.82
2017-12-14,8004.08
2017-12-15,8099.21
2017-12-18,8145.79
2017-12-19,8246.99
2017-12-20,8313.84
2017-12-21,8383.44
2017-12-22,8420.83
2017-12-26,8517.63
2017-12-27,8501.96
2017-12-28,8553.45
2017-12-29,8602.2
2018-01-01,8631.0
2018-01-02,8573.7
2018-01-03,8614.9
2018-01-04,8730.91
2018-01-05,8762.6
2018-01-08,8832.76
2018-01-09,8815.5
2018-01-10,8787.81
2018-01-11,8810.21
2018-01-12,8815.86
2018-01-15,8790.56
2018-01-16,8552.21
2018-01-17,8665.51
2018-01-18,8433.67
2018-01-19,8523.06
2018-01-22,8506.37
2018-01-23,8662.44
2018-01-24,8641.96
2018-01-25,8565.63
2018-01-29,8485.25
2018-01-30,8517.34
2018-01-31,8467.19
2018-02-01,8369.88
2018-02-02,8021.66
2018-02-05,8031.06
2018-02-06,7876.57
2018-02-07,7973.91
2018-02-08,8054.96
2018-02-09,8057.07
2018-02-12,8163.3
2018-02-14,8097.81
2018-02-15,8083.05
2018-02-16,7986.35
2018-02-19,7877.73
2018-02-20,7908.5
2018-02-21,7882.39
2018-02-22,7820.62
2018-02-23,7959.25
2018-02-26,8043.1
2018-02-27,7932.51
2018-02-28,7943.63
2018-03-01,7887.33
2018-03-05,7729.23
2018-03-06,7650.04
2018-03-07,7506.88
2018-03-08,7470.3
2018-03-09,7402.25
2018-03-12,7480.92
2018-03-13,7616.83
2018-03-14,7593.27
2018-03-15,7607.2
2018-03-16,7495.63
2018-03-19,7317.13
2018-03-20,7324.27
2018-03-21,7355.31
2018-03-22,7283.53
2018-03-23,7123.04
2018-03-26,7207.29
2018-03-27,7327.33
2018-03-28,7239.0
2018-04-02,7315.78
2018-04-03,7391.4
2018-04-04,7274.88
2018-04-05,7453.75
2018-04-06,7493.73
2018-04-09,7551.34
2018-04-10,7580.08
2018-04-11,7518.01
2018-04-12,7477.38
2018-04-13,7496.23
2018-04-16,7490.35
2018-04-17,7495.7
2018-04-18,7468.81
2018-04-19,7528.4
2018-04-20,7513.86
2018-04-23,7509.28
2018-04-24,7420.74
2018-04-25,7357.78
2018-04-26,7361.6
2018-04-27,7447.59
2018-04-30,7485.86
2018-05-02,7312.06
2018-05-03,7288.57
2018-05-04,7216.22
2018-05-07,7301.5
2018-05-08,7321.64
2018-05-09,7292.18
2018-05-10,7207.75
2018-05-11,7238.15
2018-05-14,7182.06
2018-05-15,7115.21
2018-05-16,7052.94
2018-05-17,7069.05
2018-05-18,6935.66
2018-05-21,6872.16
2018-05-22,6931.9
2018-05-23,6755.22
2018-05-24,6781.81
2018-05-25,6913.41
2018-05-28,7100.53
2018-05-29,7094.32
2018-05-30,7058.25
2018-05-31,7097.64
2018-06-01,7017.94
2018-06-04,6941.19
2018-06-05,6822.74
2018-06-06,6936.71
2018-06-07,7064.37
2018-06-08,7073.56
2018-06-11,7096.14
2018-06-12,7107.84
2018-06-13,7101.44
2018-06-14,7058.41
2018-06-15,6968.59
2018-06-18,6948.26
2018-06-19,6846.55
2018-06-20,6856.96
2018-06-21,6809.46
2018-06-22,6806.54
2018-06-25,6701.3
2018-06-26,6701.98
2018-06-27,6511.34
2018-06-28,6425.71
2018-06-29,6580.36
2018-07-02,6485.37
2018-07-03,6480.18
2018-07-04,6428.89
2018-07-05,6389.48
2018-07-06,6456.62
2018-07-09,6545.44
2018-07-10,6617.44
2018-07-11,6481.62
2018-07-12,6475.18
2018-07-13,6397.42
2018-07-16,6208.69
2018-07-17,6382.02
2018-07-18,6291.18
2018-07-19,6261.1
2018-07-20,6222.44
2018-07-23,6299.88
2018-07-24,6479.84
2018-07-25,6515.8
2018-07-26,6561.48
2018-07-27,6687.19
2018-07-30,6766.19
2018-07-31,6758.02
2018-08-01,6769.82
2018-08-02,6773.93
2018-08-03,6850.2
2018-08-06,6930.27
2018-08-07,6921.95
2018-08-08,6891.12
2018-08-09,6990.79
2018-08-10,6922.07
2018-08-13,6747.14
2018-08-14,6741.16
2018-08-16,6687.68
2018-08-17,6778.47
2018-08-20,6893.65
2018-08-21,6878.59
2018-08-23,6783.61
2018-08-24,6801.42
2018-08-27,6910.71
2018-08-28,6873.43
2018-08-29,6931.58
2018-08-30,6983.04
2018-08-31,6989.79
2018-09-03,6992.91
2018-09-04,6791.98
2018-09-05,6814.96
2018-09-06,6870.77
2018-09-07,6924.93
2018-09-10,6829.68
2018-09-11,6701.74
2018-09-12,6700.29
2018-09-14,6875.49
2018-09-17,6913.53
2018-09-18,6722.3
2018-09-19,6734.86
2018-09-21,6607.02
2018-09-24,6435.19
2018-09-25,6412.68
2018-09-26,6456.76
2018-09-27,6339.41
2018-09-28,6183.4
2018-10-01,6271.1
2018-10-03,6379.38
2018-10-04,6193.2
2018-10-05,5818.26
2018-10-08,5719.72
2018-10-09,5680.37
2018-10-10,5883.24
2018-10-11,5810.23
2018-10-12,5999.56
2018-10-15,6048.75
2018-10-16,6119.34
2018-10-17,5933.62
2018-10-19,5934.93
2018-10-22,5856.72
2018-10-23,5813.58
2018-10-24,5931.88
2018-10-25,5858.97
2018-10-26,5839.43
2018-10-29,6049.81
2018-10-30,6034.27
2018-10-31,6083.34
2018-11-01,6144.01
2018-11-02,6254.56
2018-11-05,6217.34
2018-11-06,6218.76
2018-11-07,6267.45
2018-11-09,6346.71
2018-11-12,6212.45
2018-11-13,6252.96
2018-11-14,6299.31
2018-11-15,6352.96
2018-11-16,6290.24
2018-11-19,6327.88
2018-11-20,6213.2
2018-11-21,6233.98
2018-11-22,6143.37
2018-11-26,6121.7
2018-11-27,6144.92
2018-11-28,6005.82
2018-11-29,6023.49
2018-11-30,5968.15
2018-12-03,6093.68
2018-12-04,6137.61
2018-12-05,5984.06
2018-12-06,5889.87
2018-12-07,5880.34
2018-12-10,5780.02
2018-12-11,5829.08
2018-12-12,5954.1
2018-12-13,5977.45
2018-12-14,6047.02
2018-12-17,6098.06
2018-12-18,6175.67
2018-12-19,6235.23
2018-12-20,6267.45
2018-12-21,6240.64
2018-12-24,6190.22
2018-12-26,6202.37
2018-12-27,6218.44
2018-12-28,6320.16
2018-12-31,6350.87
2019-01-01,6363.58
2019-01-02,6241.06
2019-01-03,6153.96
2019-01-04,6233.4
2019-01-07,6236.27
2019-01-08,6272.9
2019-01-09,6203.25
2019-01-10,6195.14
2019-01-11,6188.52
2019-01-14,6174.02
2019-01-15,6259.92
2019-01-16,6275.31
2019-01-17,6279.04
2019-01-18,6230.65
2019-01-21,6145.16
2019-01-22,6085.39
2019-01-23,6087.62
2019-01-24,6070.32
2019-01-25,6009.7
2019-01-28,5917.53
2019-01-29,5928.4
2019-01-30,5968.19
2019-01-31,6017.08
2019-02-01,5938.45
2019-02-04,5815.06
2019-02-05,5714.68
2019-02-06,5790.12
2019-02-07,5832.31
2019-02-08,5645.2
2019-02-11,5591.9
2019-02-12,5609.36
2019-02-13,5544.45
2019-02-14,5549.49
2019-02-15,5538.5
2019-02-18,5506.2
2019-02-19,5570.24
2019-02-20,5683.9
2019-02-21,5753.69
2019-02-22,5854.41
2019-02-25,5848.49
2019-02-26,5858.61
2019-02-27,5844.66
2019-02-28,5916.69
2019-03-01,6052.52
2019-03-05,6302.75
2019-03-06,6335.72
2019-03-07,6304.28
2019-03-08,6242.76
2019-03-11,6409.48
2019-03-12,6432.93
2019-03-13,6398.03
2019-03-14,6430.02
2019-03-15,6509.3
2019-03-18,6563.78
2019-03-19,6647.67
2019-03-20,6549.55
2019-03-22,6475.42
2019-03-25,6514.98
2019-03-26,6573.65
2019-03-27,6555.47
2019-03-28,6590.45
2019-03-29,6709.48
2019-04-01,6753.1
2019-04-02,6767.5
2019-04-03,6667.25
2019-04-04,6637.83
2019-04-05,6727.86
2019-04-08,6645.17
2019-04-09,6729.83
2019-04-10,6728.46
2019-04-11,6745.23
2019-04-12,6762.65
2019-04-15,6816.77
2019-04-16,6832.39
2019-04-18,6770.08
2019-04-22,6600.54
2019-04-23,6609.35
2019-04-24,6692.35
2019-04-25,6671.69
2019-04-26,6663.09
2019-04-30,6653.04
2019-05-02,6615.48
2019-05-03,6618.18
2019-05-06,6565.1
2019-05-07,6458.13
2019-05-08,6361.54
2019-05-09,6324.92
2019-05-10,6289.35
2019-05-13,6110.04
2019-05-14,6170.12
2019-05-15,6070.65
2019-05-16,6172.43
2019-05-17,6176.42
2019-05-20,6482.41
2019-05-21,6322.02
2019-05-22,6378.41
2019-05-23,6330.29
2019-05-24,6521.03
2019-05-27,6639.21
2019-05-28,6623.88
2019-05-29,6550.11
2019-05-30,6558.31
2019-05-31,6536.17
2019-06-03,6601.08
2019-06-04,6568.6
2019-06-06,6476.43
2019-06-07,6474.05
2019-06-10,6394.48
2019-06-11,6461.25
2019-06-12,6437.14
2019-06-13,6418.8
2019-06-14,6389.34
2019-06-17,6226.4
2019-06-18,6245.34
2019-06-19,6198.69
2019-06-20,6319.49
2019-06-21,6320.51
2019-06-24,6295.17
2019-06-25,6368.06
2019-06-26,6438.26
2019-06-27,6445.59
2019-06-28,6394.48
2019-07-01,6366.67
2019-07-02,6403.58
2019-07-03,6458.59
2019-07-04,6463.35
2019-07-05,6317.88
2019-07-08,6105.7
2019-07-09,6090.03
2019-07-10,6027.79
2019-07-11,6082.12
2019-07-12,6086.83
2019-07-15,6047.96
2019-07-16,6110.2
2019-07-17,6115.99
2019-07-18,5989.83
2019-07-19,5924.14
2019-07-22,5973.1
2019-07-23,5960.1
2019-07-24,5850.9
2019-07-25,5825.48
2019-07-26,5834.78
2019-07-29,5662.88
2019-07-30,5488.33
2019-07-31,5578.82
2019-08-01,5469.57
2019-08-02,5388.65
2019-08-05,5269.94
2019-08-06,5374.01
2019-08-07,5235.6
2019-08-08,5307.46
2019-08-09,5325.57
2019-08-13,5247.27
2019-08-14,5291.96
2019-08-16,5298.81
2019-08-19,5292.37
2019-08-20,5238.01
2019-08-21,5079.58
2019-08-22,4913.32
2019-08-23,5045.56
2019-08-26,5125.95
2019-08-27,5195.55
2019-08-28,5096.17
2019-08-29,5089.58
2019-08-30,5141.6
2019-09-03,5009.25
2019-09-04,5054.11
2019-09-05,5155.44
2019-09-06,5236.42
2019-09-09,5262.1
2019-09-11,5330.62
2019-09-12,5327.7
2019-09-13,5395.65
2019-09-16,5362.64
2019-09-17,5218.27
2019-09-18,5233.91
2019-09-19,5143.0
2019-09-20,5367.57
2019-09-23,5459.54
2019-09-24,5420.03
2019-09-25,5312.57
2019-09-26,5414.29
2019-09-27,5296.93
2019-09-30,5164.07
2019-10-01,5101.62
2019-10-03,5091.41
2019-10-04,5038.57
2019-10-07,4950.47
2019-10-09,5012.83
2019-10-10,4937.37
2019-10-11,4963.31
2019-10-14,5010.93
2019-10-15,5042.38
2019-10-16,5040.78
2019-10-17,5115.24
2019-10-18,5246.54
2019-10-22,5270.82
2019-10-23,5272.13
2019-10-24,5202.25
2019-10-25,5181.56
2019-10-27,5240.64
2019-10-29,5399.61
2019-10-30,5435.87
2019-10-31,5484.1
2019-11-01,5529.81
2019-11-04,5569.19
2019-11-05,5524.06
2019-11-06,5531.06
2019-11-07,5555.62
2019-11-08,5478.5
2019-11-11,5502.63
2019-11-13,5410.36
2019-11-14,5356.23
2019-11-15,5341.01
2019-11-18,5408.51
2019-11-19,5404.14
2019-11-20,5410.67
2019-11-21,5331.41
2019-11-22,5389.95
2019-11-25,5475.44
2019-11-26,5390.89
2019-11-27,5412.63
2019-11-28,5506.98
2019-11-29,5446.25
2019-12-02,5406.28
2019-12-03,5309.73
2019-12-04,5371.46
2019-12-05,5317.4
2019-12-06,5232.78
2019-12-09,5231.66
2019-12-10,5177.11
2019-12-11,5205.48
2019-12-12,5311.99
2019-12-13,5396.87
2019-12-16,5353.68
2019-12-17,5416.15
2019-12-18,5392.52
2019-12-19,5393.69
2019-12-20,5394.89
2019-12-23,5375.9
2019-12-24,5382.67
2019-12-26,5381.67
2019-12-27,5434.67
2019-12-30,5450.48
2019-12-31,5480.84
2020-01-01,5497.42
2020-01-02,5597.62
2020-01-03,5564.12
2020-01-06,5385.41
2020-01-07,5416.3
2020-01-08,5382.35
2020-01-09,5491.92
2020-01-10,5521.65
2020-01-13,5576.11
2020-01-14,5572.63
2020-01-15,5608.14
2020-01-16,5571.58
2020-01-17,5525.91
2020-01-20,5443.46
2020-01-21,5411.98
2020-01-22,5370.31
2020-01-23,5460.3
2020-01-24,5520.28
2020-01-27,5447.62
2020-01-28,5393.8
2020-01-29,5423.56
2020-01-30,5357.38
2020-01-31,5257.74
2020-02-01,5068.16
2020-02-03,5028.75
2020-02-04,5169.31
2020-02-05,5280.56
2020-02-06,5358.92
2020-02-07,5397.88
2020-02-10,5292.69
2020-02-11,5333.23
2020-02-12,5275.29
2020-02-13,5252.13
2020-02-14,5195.12
2020-02-17,5099.31
2020-02-18,5031.61
2020-02-19,5125.8
2020-02-20,5155.14
2020-02-24,4994.26
2020-02-25,4966.93
2020-02-26,4904.3
2020-02-27,4867.13
2020-02-28,4621.66
2020-03-02,4545.67
2020-03-03,4695.18
2020-03-04,4648.29
2020-03-05,4660.12
2020-03-06,4398.9
2020-03-09,4178.67
2020-03-11,4160.18
2020-03-12,3748.14
2020-03-13,3917.57
2020-03-16,3734.75
2020-03-17,3771.15
2020-03-18,3643.44
2020-03-19,3382.08
2020-03-20,3591.69
2020-03-23,3214.37
2020-03-24,3183.73
2020-03-25,3280.54
2020-03-26,3359.17
2020-03-27,3331.49
2020-03-30,3279.46
2020-03-31,3462.04
2020-04-01,3404.89
2020-04-03,3402.87
2020-04-07,3578.71
2020-04-08,3613.38
2020-04-09,3743.92
2020-04-13,3753.38
2020-04-15,3762.22
2020-04-16,3846.41
2020-04-17,3933.57
2020-04-20,3908.59
2020-04-21,3756.05
2020-04-22,3745.55
2020-04-23,3780.68
2020-04-24,3688.25
2020-04-27,3710.73
2020-04-28,3729.44
2020-04-29,3823.55
2020-04-30,3993.61
2020-05-04,3765.89
2020-05-05,3755.19
2020-05-06,3747.0
2020-05-07,3718.83
2020-05-08,3666.01
2020-05-11,3691.67
2020-05-12,3704.3
2020-05-13,3856.86
2020-05-14,3793.93
2020-05-15,3816.05
2020-05-18,3660.0
2020-05-19,3693.75
2020-05-20,3733.23
2020-05-21,3749.37
2020-05-22,3700.32
2020-05-26,3725.03
2020-05-27,3806.92
2020-05-28,3875.14
2020-05-29,3943.77
2020-06-01,4059.9
2020-06-02,4082.22
2020-06-03,4098.94
2020-06-04,4110.5
2020-06-05,4277.27
2020-06-08,4339.33
2020-06-09,4285.32
2020-06-10,4323.38
2020-06-11,4217.7
2020-06-12,4249.34
2020-06-15,4187.31
2020-06-16,4181.89
2020-06-17,4164.99
2020-06-18,4264.88
2020-06-19,4350.75
2020-06-22,4519.37
2020-06-23,4606.29
2020-06-24,4499.83
2020-06-25,4505.68
2020-06-26,4564.15
2020-06-29,4450.98
2020-06-30,4390.5
2020-07-01,4429.35
2020-07-02,4481.61
2020-07-03,4499.68
2020-07-06,4587.65
2020-07-07,4542.62
2020-07-08,4554.04
2020-07-09,4581.63
2020-07-10,4543.73
2020-07-13,4566.05
2020-07-14,4453.1
2020-07-15,4405.75
2020-07-16,4433.99
2020-07-17,4557.47
2020-07-20,4572.08
2020-07-21,4638.06
2020-07-22,4621.71
2020-07-23,4652.95
2020-07-24,4581.4
2020-07-27,4543.26
2020-07-28,4584.85
2020-07-29,4608.55
2020-07-30,4503.52
2020-07-31,4487.56
2020-08-03,4470.14
2020-08-04,4496.03
2020-08-05,4560.64
2020-08-06,4615.44
2020-08-07,4632.64
2020-08-10,4694.98
2020-08-11,4731.62
2020-08-12,4740.05
2020-08-13,4811.01
2020-08-14,4769.19
2020-08-17,4861.21
2020-08-18,4930.2
2020-08-19,4970.09
2020-08-20,5066.66
2020-08-21,5077.29
2020-08-24,5058.07
2020-08-25,5073.7
2020-08-26,5101.29
2020-08-27,5102.2
2020-08-28,5127.11
2020-08-31,4908.94
2020-09-01,4962.75
2020-09-02,5009.52
2020-09-03,5013.66
2020-09-04,4900.62
2020-09-07,4881.78
2020-09-08,4795.68
2020-09-09,4763.74
2020-09-10,4806.07
2020-09-11,4821.28
2020-09-14,4836.43
2020-09-15,4867.05
2020-09-16,4866.56
2020-09-17,4825.76
2020-09-18,4839.42
2020-09-21,4617.85
2020-09-22,4544.15
2020-09-23,4516.52
2020-09-24,4325.17
2020-09-25,4475.31
2020-09-28,4593.58
2020-09-29,4570.91
2020-09-30,4525.27
2020-10-01,4553.89
2020-10-05,4564.87
2020-10-06,4565.48
2020-10-07,4521.87
2020-10-08,4513.36
2020-10-09,4520.86
2020-10-12,4459.77
2020-10-13,4445.31
2020-10-14,4434.68
2020-10-15,4383.01
2020-10-16,4470.0
2020-10-19,4542.55
2020-10-20,4523.51
2020-10-21,4578.02
2020-10-22,4628.88
2020-10-23,4656.84
2020-10-26,4571.37
2020-10-27,4593.38
2020-10-28,4534.12
2020-10-29,4502.46
2020-10-30,4558.09
2020-11-02,4562.18
2020-11-03,4594.91
2020-11-04,4579.16
2020-11-05,4736.07
2020-11-06,4762.02
2020-11-09,4818.82
2020-11-10,4887.21
2020-11-11,4963.33
2020-11-12,4997.78
2020-11-13,5056.09
2020-11-14,5097.5
2020-11-17,5131.85
2020-11-18,5168.85
2020-11-19,5156.9
2020-11-20,5172.51
2020-11-23,5276.32
2020-11-24,5314.11
2020-11-25,5288.58
2020-11-26,5386.84
2020-11-27,5413.28
2020-12-01,5500.03
2020-12-02,5575.72
2020-12-03,5726.81
2020-12-04,5780.34
2020-12-07,5853.56
2020-12-08,5817.7
2020-12-09,5861.58
2020-12-10,5809.3
2020-12-11,5888.14
2020-12-14,6015.01
2020-12-15,5996.62
2020-12-16,6076.63
2020-12-17,6016.64
2020-12-18,5983.44
2020-12-21,5583.9
2020-12-22,5644.04
2020-12-23,5772.59
2020-12-24,5824.24
2020-12-28,5931.65
2020-12-29,5911.16
2020-12-30,5925.79
2020-12-31,5945.11
2021-01-01,6010.57
2021-01-04,6184.34
2021-01-05,6167.06
2021-01-06,6207.26
2021-01-07,6316.04
2021-01-08,6363.66
2021-01-11,6373.43
2021-01-12,6508.83
2021-01-13,6568.09
2021-01-14,6582.59
2021-01-15,6523.6
2021-01-18,6308.59
2021-01-19,6473.64
2021-01-20,6524.35
2021-01-21,6425.51
2021-01-22,6289.85
2021-01-25,6220.33
2021-01-27,6100.3
2021-01-28,6089.7
2021-01-29,6026.37
2021-02-01,6291.24
2021-02-02,6516.31
2021-02-03,6645.01
2021-02-04,6778.52
2021-02-05,6733.72
2021-02-08,6872.37
2021-02-09,6843.04
2021-02-10,6861.71
2021-02-11,6886.47
2021-02-12,6825.47
2021-02-15,6864.09
2021-02-16,6975.22
2021-02-17,7037.03
2021-02-18,7218.02
2021-02-19,7102.12
2021-02-22,7045.43
2021-02-23,7206.82
2021-02-24,7296.28
2021-02-25,7558.68
2021-02-26,7347.81
2021-03-01,7481.33
2021-03-02,7575.63
2021-03-03,7739.21
2021-03-04,7696.86
2021-03-05,7524.61
2021-03-08,7619.62
2021-03-09,7497.54
2021-03-10,7549.45
2021-03-12,7555.96
2021-03-15,7560.41
2021-03-16,7550.93
2021-03-17,7297.19
2021-03-18,7219.2
2021-03-19,7312.1
2021-03-22,7314.99
2021-03-23,7323.38
2021-03-24,7100.5
2021-03-25,6979.38
2021-03-26,7102.12
2021-03-30,7185.18
2021-03-31,7228.44
2021-04-01,7426.9
2021-04-05,7309.53
2021-04-06,7372.88
2021-04-07,7449.23
2021-04-08,7525.21
2021-04-09,7481.51
2021-04-12,6976.05
2021-04-13,7197.56
2021-04-15,7208.29
2021-04-16,7261.76
2021-04-19,7064.21
2021-04-20,7052.83
2021-04-22,7099.04
2021-04-23,7101.82
2021-04-26,7174.23
2021-04-27,7307.09
2021-04-28,7350.43
2021-04-29,7405.48
2021-04-30,7477.17
2021-05-03,7535.95
2021-05-04,7532.63
2021-05-05,7607.49
2021-05-06,7682.25
2021-05-07,7843.56
2021-05-10,8090.39
2021-05-11,8225.91
2021-05-12,8161.48
2021-05-14,7932.27
2021-05-17,8056.84
2021-05-18,8163.45
2021-05-19,8134.02
2021-05-20,8015.47
2021-05-21,8090.77
2021-05-24,8169.4
2021-05-25,8195.13
2021-05-26,8149.93
2021-05-27,8174.39
2021-05-28,8230.22
2021-05-31,8304.7
2021-06-01,8264.11
2021-06-02,8368.22
2021-06-03,8440.31
2021-06-04,8577.05
2021-06-07,8667.4
2021-06-08,8661.88
2021-06-09,8637.41
2021-06-10,8734.37
2021-06-11,8784.78
2021-06-14,8780.27
2021-06-15,8790.35
2021-06-16,8714.59
2021-06-17,8587.48
2021-06-18,8441.75
2021-06-21,8523.71
2021-06-22,8552.73
2021-06-23,8491.28
2021-06-24,8439.09
2021-06-25,8546.32
2021-06-28,8619.95
2021-06-29,8541.57
2021-06-30,8544.16
2021-07-01,8541.17
2021-07-02,8550.48
2021-07-05,8645.97
2021-07-06,8541.27
2021-07-07,8592.51
2021-07-08,8506.72
2021-07-09,8563.16
2021-07-12,8592.88
2021-07-13,8668.75
2021-07-14,8648.75
2021-07-15,8626.51
2021-07-16,8671.33
2021-07-19,8627.07
2021-07-20,8500.24
2021-07-22,8622.8
2021-07-23,8591.74
2021-07-26,8591.46
2021-07-27,8558.54
2021-07-28,8533.32
2021-07-29,8696.12
2021-07-30,8700.82
2021-08-02,8803.41
2021-08-03,8819.66
2021-08-04,8741.3
2021-08-05,8733.45
2021-08-06,8782.42
2021-08-09,8665.47
2021-08-10,8491.13
2021-08-11,8590.55
2021-08-12,8668.8
2021-08-13,8670.03
2021-08-16,8697.27
2021-08-17,8578.4
2021-08-18,8541.1
2021-08-20,8242.2
2021-08-23,8137.86
2021-08-24,8307.55
2021-08-25,8363.36
2021-08-26,8303.84
2021-08-27,8382.96
2021-08-30,8551.06
2021-08-31,8637.9
2021-09-01,8625.08
2021-09-02,8649.0
2021-09-03,8752.36
2021-09-06,8745.31
2021-09-07,8685.14
2021-09-08,8767.8
2021-09-09,8830.84
2021-09-13,8914.47
2021-09-14,8969.3
2021-09-15,9115.78
2021-09-16,9168.34
2021-09-17,9018.2
2021-09-20,8706.31
2021-09-21,8789.48
2021-09-22,8924.31
2021-09-23,9079.05
2021-09-24,9001.75
2021-09-27,9107.23
2021-09-28,9262.79
2021-09-29,9500.17
2021-09-30,9508.81
2021-10-01,9529.61
2021-10-04,9690.19
2021-10-05,9829.56
2021-10-06,9719.51
2021-10-07,9769.37
2021-10-08,9779.63
2021-10-11,9962.46
2021-10-12,10016.94
2021-10-13,10302.34
2021-10-14,10381.59
2021-10-18,10637.18
2021-10-19,10326.66
2021-10-20,10143.0
2021-10-21,10171.68
2021-10-22,10025.95
2021-10-25,9956.4
2021-10-26,10154.55
2021-10-27,10094.11
2021-10-28,9742.34
2021-10-29,9724.3
2021-11-01,9929.27
2021-11-02,9920.01
2021-11-03,9926.5
2021-11-04,10000.0
2021-11-08,10199.45
2021-11-09,10241.34
2021-11-10,10154.38
2021-11-11,10073.61
2021-11-12,10109.0
2021-11-15,10022.21
2021-11-16,9947.95
2021-11-17,9932.46
2021-11-18,9751.33
2021-11-22,9481.88
2021-11-23,9666.71
2021-11-24,9707.44
2021-11-25,9705.97
2021-11-26,9290.45
2021-11-29,9172.42
2021-11-30,9159.63
2021-12-01,9309.39
2021-12-02,9464.01
2021-12-03,9457.04
2021-12-06,9327.02
2021-12-07,9502.65
2021-12-08,9633.6
2021-12-09,9659.88
2021-12-10,9698.35
2021-12-13,9641.01
2021-12-14,9646.89
2021-12-15,9552.27
2021-12-16,9498.7
2021-12-17,9246.69
2021-12-20,8866.78
2021-12-21,8999.32
2021-12-22,9145.47
2021-12-23,9251.61
2021-12-24,9109.38
2021-12-27,9113.74
2021-12-28,9261.59
2021-12-29,9215.39
2021-12-30,9180.5
2021-12-31,9296.13
2022-01-03,9479.98
2022-01-04,9537.03
2022-01-05,9642.45
2022-01-06,9657.96
2022-01-07,9754.85
2022-01-10,9881.2
2022-01-11,9806.19
2022-01-12,9906.61
2022-01-13,10034.51
2022-01-14,10033.19
2022-01-17,10096.93
2022-01-18,9918.95
2022-01-19,9991.4
2022-01-20,9994.99
2022-01-21,9769.91
2022-01-24,9498.72
2022-01-25,9673.49
2022-01-27,9710.13
2022-01-28,9787.35
2022-01-31,9917.71
2022-02-01,9982.71
2022-02-02,10095.44
2022-02-03,10033.1
2022-02-04,10008.17
2022-02-07,10029.18
2022-02-08,10020.58
2022-02-09,10131.71
2022-02-10,10216.9
2022-02-11,10144.8
2022-02-14,9748.12
2022-02-15,9932.75
2022-02-16,9959.34
2022-02-17,9921.96
2022-02-18,9875.63
2022-02-21,9728.11
2022-02-22,9641.52
2022-02-23,9646.78
2022-02-24,9091.02
2022-02-25,9429.38
2022-02-28,9685.24
2022-03-02,9799.16
2022-03-03,9933.25
2022-03-04,9767.92
2022-03-07,9819.66
2022-03-08,9823.57
2022-03-09,9838.06
2022-03-10,9926.38
2022-03-11,10037.48
2022-03-14,9988.13
2022-03-15,9743.97
2022-03-16,9940.77
2022-03-17,10032.28
2022-03-21,10015.45
2022-03-22,10102.46
2022-03-23,10150.45
2022-03-24,10213.38
2022-03-25,10147.34
2022-03-28,10205.17
2022-03-29,10147.96
2022-03-30,10083.42
2022-03-31,10098.45
2022-04-01,10349.92
2022-04-04,10495.67
2022-04-05,10573.7
2022-04-06,10712.55
2022-04-07,10605.25
2022-04-08,10761.44
2022-04-11,10805.81
2022-04-12,10568.28
2022-04-13,10638.94
2022-04-18,10646.01
2022-04-19,10631.52
2022-04-20,10651.6
2022-04-21,10736.97
2022-04-22,10602.61
2022-04-25,10270.17
2022-04-26,10396.81
2022-04-27,10299.94
2022-04-28,10390.31
2022-04-29,10226.14
2022-05-02,10241.4
2022-05-04,10118.28
2022-05-05,10125.74
2022-05-06,10051.94
2022-05-09,9945.26
2022-05-10,9680.13
2022-05-11,9572.25
2022-05-12,9370.23
2022-05-13,9268.72
2022-05-16,9345.43
2022-05-17,9709.03
2022-05-18,9619.51
2022-05-19,9449.39
2022-05-20,9643.85
2022-05-23,9431.39
2022-05-24,9337.06
2022-05-25,9244.15
2022-05-26,9361.95
2022-05-27,9293.31
2022-05-30,9433.4
2022-05-31,9529.44
2022-06-01,9549.46
2022-06-02,9623.18
2022-06-03,9525.97
2022-06-06,9513.01
2022-06-07,9548.71
2022-06-08,9559.02
2022-06-09,9539.74
2022-06-10,9470.2
2022-06-13,9168.51
2022-06-14,9105.14
2022-06-15,9076.31
2022-06-16,8771.07
2022-06-17,8700.46
2022-06-20,8443.49
2022-06-21,8719.26
2022-06-22,8570.89
2022-06-23,8587.37
2022-06-24,8664.1
2022-06-27,8807.75
2022-06-28,8907.41
2022-06-29,8943.42
2022-06-30,8881.43
2022-07-01,8861.83
2022-07-04,8884.8
2022-07-05,8865.0
2022-07-06,8864.58
2022-07-07,9068.31
2022-07-08,9077.59
2022-07-11,9161.65
2022-07-12,9079.5
2022-07-13,9102.67
2022-07-14,9079.37
2022-07-15,9077.23
2022-07-18,9249.15
2022-07-19,9319.57
2022-07-20,9362.24
2022-07-21,9459.25
2022-07-22,9474.62
2022-07-25,9478.83
2022-07-26,9438.2
2022-07-27,9524.88
2022-07-28,9600.61
2022-07-29,9737.0
2022-08-01,9871.73
2022-08-02,9936.3
2022-08-03,9851.9
2022-08-04,9825.36
2022-08-05,9865.21
2022-08-08,9885.8
2022-08-10,9893.34
2022-08-11,9932.26
2022-08-12,10070.46
2022-08-16,10126.48
2022-08-17,10213.94
2022-08-18,10199.06
2022-08-19,10064.48
2022-08-22,9900.12
2022-08-23,10043.34
2022-08-24,10094.22
2022-08-25,10155.35
2022-08-26,10261.71
2022-08-29,10146.06
2022-08-30,10317.51
2022-09-01,10232.82
2022-09-02,10167.18
2022-09-05,10264.43
2022-09-06,10323.87
2022-09-07,10363.34
2022-09-08,10392.18
2022-09-09,10387.1
2022-09-12,10442.82
2022-09-13,10474.82
2022-09-14,10561.49
2022-09-15,10570.93
2022-09-16,10336.65
2022-09-19,10284.64
2022-09-20,10364.28
2022-09-21,10253.08
2022-09-22,10212.41
2022-09-23,9982.22
2022-09-26,9651.31
2022-09-27,9687.66
2022-09-28,9548.53
2022-09-29,9625.4
2022-09-30,9786.18
2022-10-03,9703.03
2022-10-04,9931.15
2022-10-06,10069.22
2022-10-07,10074.64
2022-10-10,9997.74
2022-10-11,9821.01
2022-10-12,9951.1
2022-10-13,9918.4
2022-10-14,9916.94
2022-10-17,9931.96
2022-10-18,10051.74
2022-10-19,10024.32
2022-10-20,10144.78
2022-10-21,10135.91
2022-10-24,10203.81
2022-10-25,10244.31
2022-10-27,10397.79
2022-10-28,10392.31
2022-10-31,10436.42
2022-11-01,10502.04
2022-11-02,10527.62
2022-11-03,10565.06
2022-11-04,10655.6
2022-11-07,10814.29
2022-11-09,10781.16
2022-11-10,10665.98
2022-11-11,10761.38
2022-11-14,10815.04
2022-11-15,10851.01
2022-11-16,10790.83
2022-11-17,10788.3
2022-11-18,10778.34
2022-11-21,10786.77
2022-11-22,10830.4
2022-11-23,10866.28
2022-11-24,10995.77
2022-11-25,11144.04
2022-11-28,11187.1
2022-11-29,11200.29
2022-11-30,11281.08
2022-12-01,11346.95
2022-12-02,11375.88
2022-12-05,11492.76
2022-12-06,11446.63
2022-12-07,11417.16
2022-12-08,11521.05
2022-12-09,11403.16
2022-12-12,11530.55
2022-12-13,11582.94
2022-12-14,11703.49
2022-12-15,11613.78
2022-12-16,11457.97
2022-12-19,11546.72
2022-12-20,11511.61
2022-12-21,11283.11
2022-12-22,11168.55
2022-12-23,10738.35
2022-12-26,11078.56
2022-12-27,11261.31
2022-12-28,11287.26
2022-12-29,11339.56
2022-12-30,11448.75
2023-01-02,11675.46
2023-01-03,11716.92
2023-01-04,11543.51
2023-01-05,11622.18
2023-01-06,11580.35
2023-01-09,11684.69
2023-01-10,11637.83
2023-01-11,11685.56
2023-01-12,11604.25
2023-01-13,11689.38
2023-01-16,11670.39
2023-01-17,11663.82
2023-01-18,11775.2
2023-01-19,11845.38
2023-01-20,11805.7
2023-01-23,11844.48
2023-01-24,11745.8
2023-01-25,11612.39
2023-01-27,11351.03
2023-01-30,11305.93
2023-01-31,11545.24
2023-02-01,11345.83
2023-02-02,11307.95
2023-02-03,11351.37
2023-02-06,11343.76
2023-02-07,11246.5
2023-02-08,11329.15
2023-02-09,11341.96
2023-02-10,11315.53
2023-02-13,11235.15
2023-02-14,11256.53
2023-02-15,11300.24
2023-02-16,11375.32
2023-02-17,11351.1
2023-02-20,11281.69
2023-02-21,11243.61
2023-02-22,11064.62
2023-02-23,11094.12
2023-02-24,11057.14
2023-02-27,10989.45
2023-02-28,10934.42
2023-03-01,11116.86
2023-03-02,11126.99
2023-03-03,11290.83
2023-03-06,11412.01
2023-03-08,11496.8
2023-03-09,11471.65
2023-03-10,11406.43
2023-03-13,11240.3
2023-03-14,11167.92
2023-03-15,11207.96
2023-03-16,11212.0
2023-03-17,11292.31
2023-03-20,11191.66
2023-03-21,11245.28
2023-03-22,11247.08
2023-03-23,11183.5
2023-03-24,11003.85
2023-03-27,10966.57
2023-03-28,10936.98
2023-03-29,11121.08
2023-03-31,11185.1
2023-04-03,11248.02
2023-04-05,11257.7
2023-04-06,11299.45
2023-04-10,11421.17
2023-04-11,11519.67
2023-04-12,11499.76
2023-04-13,11465.73
2023-04-17,11579.61
2023-04-18,11590.8
2023-04-19,11590.39
2023-04-20,11572.22
2023-04-21,11517.81
2023-04-24,11617.06
2023-04-25,11677.94
2023-04-26,11737.48
2023-04-27,11786.01
2023-04-28,11894.7
2023-05-02,12049.88
2023-05-03,12020.65
2023-05-04,12115.22
2023-05-05,11944.33
2023-05-08,12043.44
2023-05-09,11962.75
2023-05-10,12011.73
2023-05-11,12011.0
2023-05-12,11869.92
2023-05-15,11968.43
2023-05-16,12007.3
2023-05-17,11961.56
2023-05-18,11830.37
2023-05-19,11816.78
2023-05-22,11845.35
2023-05-23,11900.8
2023-05-24,11887.95
2023-05-25,11906.32
2023-05-26,11955.25
2023-05-29,12020.76
2023-05-30,12055.96
2023-05-31,12002.65
2023-06-01,12004.0
2023-06-02,12109.09
2023-06-05,12130.66
2023-06-06,12144.98
2023-06-07,12267.52
2023-06-08,12212.21
2023-06-09,12183.99
2023-06-12,12324.5
2023-06-13,12372.63
2023-06-14,12440.33
2023-06-15,12415.37
2023-06-16,12480.48
2023-06-19,12461.97
2023-06-20,12563.3
2023-06-21,12669.49
2023-06-22,12549.65
2023-06-23,12373.64
2023-06-26,12399.84
2023-06-27,12482.47
2023-06-28,12582.84
2023-06-30,12667.51
2023-07-03,12867.96
2023-07-04,12866.09
2023-07-05,12981.03
2023-07-06,13135.84
2023-07-07,13071.54
2023-07-10,13054.44
2023-07-11,13111.11
2023-07-12,13129.98
2023-07-13,12962.73
2023-07-14,13088.49
2023-07-17,13148.33
2023-07-18,13065.98
2023-07-19,13174.26
2023-07-20,13228.43
2023-07-21,13225.62
2023-07-24,13298.39
2023-07-25,13390.34
2023-07-26,13489.77
2023-07-27,13528.92
2023-07-28,13615.42
2023-07-31,13817.25
2023-08-01,13829.85
2023-08-02,13544.47
2023-08-03,13500.13
2023-08-04,13489.37
2023-08-07,13566.31
2023-08-08,13596.62
2023-08-09,13707.34
2023-08-10,13675.27
2023-08-11,13652.6
2023-08-14,13563.67
2023-08-16,13592.74
2023-08-17,13632.73
2023-08-18,13548.31
2023-08-21,13643.68
2023-08-22,13671.73
2023-08-23,13758.12
2023-08-24,13712.71
2023-08-25,13604.7
2023-08-28,13739.81
2023-08-29,13779.83
2023-08-30,13797.07
2023-08-31,13681.53
2023-09-01,13971.95
2023-09-04,14283.05
2023-09-05,14368.69
2023-09-06,14278.84
2023-09-07,14430.12
2023-09-08,14693.58
2023-09-11,14867.43
2023-09-12,14309.51
2023-09-13,14546.75
2023-09-14,14748.53
2023-09-15,14705.43
2023-09-18,14814.4
2023-09-20,14763.25
2023-09-21,14625.69
2023-09-22,14708.93
2023-09-25,14748.71
2023-09-26,14723.95
2023-09-27,14808.18
2023-09-28,14652.41
2023-09-29,14983.15
2023-10-03,14960.12
2023-10-04,14683.97
2023-10-05,14629.26
2023-10-06,14719.38
2023-10-09,14487.82
2023-10-10,14767.23
2023-10-11,14824.05
2023-10-12,14946.43
2023-10-13,14923.04
2023-10-16,15034.95
2023-10-17,15137.22
2023-10-18,14971.59
2023-10-19,14984.45
2023-10-20,14762.64
2023-10-23,14355.5
2023-10-25,14273.49
2023-10-26,14103.95
2023-10-27,14358.77
2023-10-30,14425.72
2023-10-31,14497.48
2023-11-01,14459.52
2023-11-02,14747.81
2023-11-03,14839.66
2023-11-06,14968.63
2023-11-07,15092.9
2023-11-08,15175.7
2023-11-09,15234.87
2023-11-10,15394.85
2023-11-12,15533.7
2023-11-13,15704.94
2023-11-15,15821.57
2023-11-16,15873.29
2023-11-17,15843.49
2023-11-20,15880.94
2023-11-21,15861.38
2023-11-22,15841.43
2023-11-23,15919.11
2023-11-24,15861.16
2023-11-28,16115.26
2023-11-29,16238.41
2023-11-30,16359.76
2023-12-01,16683.73
2023-12-04,17124.68
2023-12-05,17299.88
2023-12-06,17403.41
2023-12-07,17456.86
2023-12-08,17441.08
2023-12-11,17548.05
2023-12-12,17489.35
2023-12-13,17908.87
2023-12-14,18061.17
2023-12-15,18272.62
2023-12-18,18275.98
2023-12-19,18329.97
2023-12-20,17564.93
2023-12-21,17935.63
2023-12-22,18023.72
2023-12-26,18244.35
2023-12-27,18308.25
2023-12-28,18692.31
2023-12-29,18615.48
2024-01-01,18768.74
2024-01-02,18795.0
2024-01-03,18747.92
2024-01-04,18903.67
2024-01-05,18874.64
2024-01-08,18671.13
2024-01-09,18713.29
2024-01-10,18639.33
2024-01-11,18789.72
2024-01-12,18950.73
2024-01-15,19135.89
2024-01-16,19228.46
2024-01-17,18891.56
2024-01-18,18832.56
2024-01-19,19204.15
2024-01-20,19389.6
2024-01-23,18616.81
2024-01-24,19178.11
2024-01-25,19252.42
2024-01-29,19815.0
2024-01-30,19806.5
2024-01-31,20072.76
2024-02-01,20113.03
2024-02-02,20676.9
2024-02-05,20902.16
2024-02-06,21226.43
2024-02-07,21263.74
2024-02-08,21373.49
2024-02-09,21063.14
2024-02-12,20246.83
2024-02-13,20294.68
2024-02-14,20903.51
2024-02-15,21396.64
2024-02-16,21378.59
2024-02-19,21418.03
2024-02-20,21494.19
2024-02-21,21208.41
2024-02-22,21364.83
2024-02-23,21251.36
2024-02-26,21170.22
2024-02-27,21091.24
2024-02-28,20644.72
2024-02-29,20756.58
2024-03-01,21290.59
2024-03-02,21440.68
2024-03-04,21681.95
2024-03-05,21864.02
2024-03-06,21731.4
2024-03-07,21743.47
2024-03-11,21428.38
2024-03-12,21117.3
2024-03-13,19917.9
2024-03-14,20354.4
2024-03-15,20135.28
2024-03-18,20200.9
2024-03-19,19892.09
2024-03-20,19956.1
2024-03-21,20482.36
2024-03-22,20611.68
2024-03-26,20723.5
2024-03-27,20610.67
2024-03-28,20884.15
2024-04-01,21309.39
2024-04-02,21663.34
2024-04-03,21852.67
2024-04-04,21785.38
2024-04-05,21853.61
2024-04-08,21953.59
2024-04-09,22003.69
2024-04-10,22386.49
2024-04-12,22169.62
2024-04-15,22002.95
2024-04-16,22048.67
2024-04-18,21924.44
2024-04-19,21919.95
2024-04-22,22110.65
2024-04-23,22123.26
2024-04-24,22442.49
2024-04-25,22751.65
2024-04-26,22872.46
2024-04-29,23070.72
2024-04-30,23111.8
2024-05-02,23431.3
2024-05-03,23480.91
2024-05-06,22952.8
2024-05-07,22385.35
2024-05-08,22721.29
2024-05-09,22048.35
2024-05-10,22395.62
2024-05-13,22392.1
2024-05-14,22743.88
2024-05-15,23008.38
2024-05-16,23030.34
2024-05-17,23268.44
2024-05-18,23425.79
2024-05-21,23883.38
2024-05-22,23800.32
2024-05-23,23789.37
2024-05-24,23846.37
2024-05-27,23868.42
2024-05-28,23660.01
2024-05-29,23650.09
2024-05-30,23203.51
2024-05-31,23373.6
2024-06-03,24732.08
2024-06-04,21617.08
2024-06-05,22485.47
2024-06-06,23006.48
2024-06-07,23465.55
2024-06-10,23588.84
2024-06-11,23750.4
2024-06-12,23997.73
2024-06-13,24069.63
2024-06-14,24202.22
2024-06-18,24272.58
2024-06-19,24032.46
2024-06-20,24303.59
2024-06-21,24185.27
2024-06-24,24135.63
2024-06-25,23971.48
2024-06-26,23945.52
2024-06-27,24026.42
2024-06-28,24273.2
2024-07-01,24380.31
2024-07-02,24265.34
2024-07-03,24554.76
2024-07-04,24610.59
2024-07-05,24857.95
2024-07-08,24855.13
2024-07-09,24912.47
2024-07-10,24801.44
2024-07-11,25015.17
2024-07-12,25010.4
2024-07-15,25296.45
2024-07-16,25267.08
2024-07-18,25126.81
2024-07-19,24401.12
2024-07-22,24724.46
2024-07-23,24412.19
2024-07-24,24633.3
2024-07-25,24743.97
2024-07-26,25139.56
2024-07-29,25436.17
2024-07-30,25620.45
2024-07-31,25739.18
2024-08-01,25714.94
2024-08-02,25223.72
2024-08-05,24185.17
2024-08-06,23992.93
2024-08-07,24684.31
2024-08-08,24318.66
2024-08-09,24593.49
2024-08-12,24676.09
2024-08-13,24247.48
2024-08-14,23981.38
2024-08-16,24385.46
2024-08-19,24781.01
2024-08-20,25032.49
2024-08-21,25152.69
2024-08-22,25246.91
2024-08-23,25123.11
2024-08-26,25365.97
2024-08-27,25438.3
2024-08-28,25365.19
2024-08-29,25385.56
2024-08-30,25527.79
2024-09-02,25442.51
2024-09-03,25404.72
2024-09-04,25189.27
2024-09-05,25268.24
2024-09-06,24763.62
2024-09-09,24513.89
2024-09-10,24581.74
2024-09-11,24111.48
2024-09-12,24620.31
2024-09-13,24694.31
2024-09-16,24705.77
2024-09-17,24619.27
2024-09-18,24473.23
2024-09-19,24218.99
2024-09-20,24344.52
2024-09-23,24703.0
2024-09-24,24972.12
2024-09-25,25078.58
2024-09-26,25325.26
2024-09-27,25679.33
2024-09-30,25719.63
2024-10-01,25751.81
2024-10-03,25269.87
2024-10-04,25109.23
2024-10-07,24378.19
2024-10-08,24577.89
2024-10-09,24599.77
2024-10-10,24658.62
2024-10-11,24793.93
2024-10-14,24856.05
2024-10-15,24792.22
2024-10-16,24798.1
2024-10-17,24458.69
2024-10-18,24691.94
2024-10-21,24347.84
2024-10-22,23644.95
2024-10-23,23574.1
2024-10-24,23685.89
2024-10-25,23045.8
2024-10-28,23405.39
2024-10-29,23771.29
2024-10-30,23755.65
2024-10-31,23784.29
2024-11-01,23969.37
2024-11-04,23516.92
2024-11-05,23930.41
2024-11-06,24249.67
2024-11-07,23987.55
2024-11-08,23588.0
2024-11-11,23524.3
2024-11-12,23167.63
2024-11-13,22643.82
2024-11-14,22594.1
2024-11-18,22695.35
2024-11-19,22749.63
2024-11-21,22571.5
2024-11-22,23020.23
2024-11-25,23497.5
2024-11-26,23507.93
2024-11-27,23576.98
2024-11-28,23535.34
2024-11-29,23639.82
2024-12-02,23750.39
2024-12-03,24101.36
2024-12-04,24201.96
2024-12-05,24250.07
2024-12-06,24431.78
2024-12-09,24387.81
2024-12-10,24427.17
2024-12-11,24463.61
2024-12-12,24269.77
2024-12-13,24227.71
2024-12-16,24158.04
2024-12-17,23767.05
2024-12-18,23364.49
2024-12-19,23235.73
2024-12-20,22685.4
2024-12-23,22797.67
2024-12-24,22749.13
2024-12-26,22792.81
2024-12-27,22569.39
2024-12-30,22209.25
2024-12-31,22381.87
2025-01-01,22432.92
2025-01-02,22767.41
2025-01-03,22902.52
2025-01-06,22126.75
2025-01-07,22373.8
2025-01-08,22334.2
2025-01-09,21994.6
2025-01-10,21547.03
2025-01-13,20797.38
2025-01-14,21446.09
2025-01-15,21531.28
2025-01-16,21871.14
2025-01-17,22056.31
2025-01-20,22281.12
2025-01-21,22003.23
2025-01-22,21818.88
2025-01-23,21916.45
2025-01-24,21616.78
2025-01-27,21087.46
2025-01-28,21003.37
2025-01-29,21363.82
2025-01-30,21482.33
2025-01-31,21930.35
2025-02-01,21536.77
2025-02-03,21083.41
2025-02-04,21550.68
2025-02-05,21837.34
2025-02-06,21676.4
2025-02-07,21771.75
2025-02-10,21306.55
2025-02-11,20792.93
2025-02-12,20848.71
2025-02-13,20912.09
2025-02-14,20499.2
2025-02-17,20666.85
2025-02-18,20700.14
2025-02-19,20923.68
2025-02-20,21277.16
2025-02-21,21176.6
2025-02-24,20873.29
2025-02-25,20611.99
2025-02-27,20487.25
2025-02-28,20027.85
2025-03-03,20165.3
2025-03-04,20341.4
2025-03-05,20955.6
2025-03-06,21347.04
2025-03-07,21306.39
2025-03-10,21018.78
2025-03-11,21007.51
2025-03-12,20998.02
2025-03-13,20894.03
2025-03-17,21007.86
2025-03-18,21381.4
2025-03-19,21707.69
2025-03-20,21881.27
2025-03-21,22161.96
2025-03-24,22552.33
2025-03-25,22310.0
2025-03-26,22106.8
2025-03-27,22313.72
2025-03-28,22191.04
2025-04-01,22190.99
2025-04-02,22307.76
2025-04-03,22357.25
2025-04-04,21465.36
2025-04-07,20696.78
2025-04-08,21084.73
2025-04-09,20876.63
2025-04-11,21436.22
2025-04-15,21924.86
2025-04-16,22129.34
2025-04-17,22284.62
2025-04-21,22766.62
2025-04-22,22701.18
2025-04-23,22772.46
2025-04-24,22839.73
2025-04-25,22344.99
2025-04-28,22746.7
2025-04-29,22607.09
2025-04-30,22416.26
2025-05-02,22468.8
2025-05-05,22700.33
2025-05-06,22218.45
2025-05-07,22452.64
2025-05-08,22068.5
2025-05-09,22078.27
2025-05-12,22871.09
2025-05-13,22669.26
2025-05-14,22940.12
2025-05-15,23175.94
2025-05-16,23266.72
2025-05-19,23293.39
2025-05-20,23093.22
2025-05-21,23224.87
2025-05-22,23047.85
2025-05-23,23215.94
2025-05-26,23322.39
2025-05-27,23235.46
2025-05-28,23207.97
2025-05-29,23259.09
2025-05-30,23088.19
2025-06-02,23158.98
2025-06-03,23027.41
2025-06-04,23112.67
2025-06-05,23102.53
2025-06-06,23395.62
2025-06-09,23687.73
2025-06-10,23758.06
2025-06-11,23849.4
2025-06-12,23420.18
2025-06-13,23236.29
2025-06-16,23392.4
2025-06-17,23176.3
2025-06-18,23124.62
2025-06-19,22840.68
2025-06-20,23107.04
2025-06-23,23198.76
2025-06-24,23336.28
2025-06-25,23435.09
2025-06-26,23779.03
2025-06-27,23904.74
2025-06-30,24004.75
2025-07-01,24029.37
2025-07-02,23951.95
2025-07-03,23895.57
2025-07-04,23971.8
2025-07-07,23934.25
2025-07-08,23989.73
2025-07-09,23814.66
2025-07-10,23818.22
2025-07-11,23704.99
2025-07-14,23799.57
2025-07-15,23920.21
2025-07-16,23955.38
2025-07-17,23957.58
2025-07-18,23916.55
2025-07-21,23967.21
2025-07-22,23875.18
2025-07-23,24008.22
2025-07-24,23990.09
2025-07-25,23559.34
2025-07-28,23351.54
2025-07-29,23543.18
2025-07-30,23408.37
2025-07-31,23180.63
2025-08-01,22795.89
2025-08-04,23100.0
2025-08-05,23108.16
2025-08-06,23040.22
2025-08-07,23023.84
2025-08-08,22894.72
2025-08-11,23103.15
2025-08-12,23160.75
2025-08-13,23303.21
2025-08-14,23144.52
2025-08-18,23371.18
2025-08-19,23619.1
2025-08-20,23581.34
2025-08-21,23509.19
2025-08-22,23291.38
2025-08-25,23403.31
2025-08-26,23044.87
2025-08-28,22839.86
2025-08-29,22786.35
2025-09-01,23162.45
2025-09-02,23285.77
2025-09-03,23562.5
2025-09-04,23386.38
2025-09-05,23481.59
2025-09-08,23541.01
2025-09-09,23490.52
2025-09-10,23601.73
2025-09-11,23763.07
2025-09-12,23841.9
2025-09-15,23875.61
2025-09-16,24138.31
2025-09-17,24292.11
2025-09-18,24320.62
2025-09-19,24433.77
2025-09-22,24321.37
2025-09-23,24414.55
2025-09-24,24303.52
2025-09-25,24159.03
2025-09-26,23804.2
2025-09-29,24140.99
2025-09-30,24298.96
2025-10-01,24368.9
2025-10-03,24595.06
2025-10-06,24586.52
2025-10-07,24554.67
2025-10-08,24409.26
2025-10-09,24587.21
2025-10-10,24665.05
2025-10-13,24572.77
2025-10-14,24333.99
2025-10-15,24587.82
2025-10-16,24627.1
2025-10-17,24464.37
2025-10-20,24688.21
2025-10-21,24739.14
2025-10-23,24723.06
2025-10-24,24764.1
2025-10-27,25131.25
2025-10-28,25180.98
2025-10-29,25588.33
2025-10-30,25533.74
2025-10-31,25451.63
2025-11-03,25678.13
2025-11-04,25461.13
2025-11-06,25142.82
2025-11-07,25331.56
2025-11-10,25387.06
2025-11-11,25489.64
2025-11-12,25714.85
2025-11-13,25688.49
2025-11-14,25655.15
2025-11-17,25753.57
2025-11-18,25585.2
2025-11-19,25514.18
2025-11-20,25427.53
2025-11-21,25175.42
2025-11-24,24962.88
2025-11-25,25013.81
2025-11-26,25384.85
2025-11-27,25314.06
2025-11-28,25234.76
2025-12-01,25303.81
2025-12-02,25258.76
2025-12-03,25038.26
2025-12-04,25051.19
2025-12-05,25120.56
2025-12-08,24681.45
2025-12-09,24743.03
2025-12-10,24779.39
2025-12-11,24899.51
2025-12-12,25204.31
2025-12-15,25279.77
2025-12-16,25099.86
2025-12-17,25208.05
2025-12-18,25157.66
2025-12-19,25308.43
2025-12-22,25510.92
2025-12-23,25656.98
2025-12-24,25615.42
2025-12-26,25619.35
2025-12-29,25603.91
2025-12-30,25784.25
2025-12-31,26171.06
2026-01-01,26296.83
2026-01-02,26755.48
2026-01-05,26744.82
2026-01-06,26765.05
2026-01-07,26665.91
2026-01-08,26022.35
2026-01-09,25894.67
2026-01-12,26147.73
2026-01-13,26239.45
2026-01-14,26658.93
2026-01-16,26711.06
2026-01-19,26538.98
2026-01-20,25978.58
2026-01-21,25960.82
2026-01-22,26316.8
2026-01-23,26006.87
2026-01-27,26400.8
2026-01-28,27101.61
2026-01-29,27474.7
2026-01-30,26906.76
2026-02-01,26037.7
2026-02-02,26508.23
2026-02-03,27075.82
2026-02-04,27569.44
2026-02-05,27440.76
2026-02-06,27495.32
2026-02-09,27823.69
2026-02-10,28004.56
2026-02-11,28115.87
2026-02-12,27984.95
2026-02-13,27445.73
2026-02-16,27750.4
2026-02-17,27830.99
2026-02-18,28064.42
2026-02-19,27764.17
2026-02-20,28016.0
2026-02-23,28050.34
2026-02-24,28240.64
2026-02-25,28540.36
2026-02-26,28686.44
2026-02-27,28469.7
2026-03-02,28072.74
2026-03-04,27238.67
2026-03-05,27715.46
2026-03-06,27522.08
2026-03-09,26692.72
2026-03-10,27126.45
2026-03-11,27029.95
2026-03-12,27164.2
2026-03-13,26337.13
2026-03-16,26154.32
2026-03-17,26440.99
2026-03-18,26546.63
2026-03-19,25825.83
2026-03-20,26022.77
2026-03-23,25120.6
2026-03-24,25436.09
2026-03-25,25909.02
2026-03-27,25582.36
2026-03-30,25278.73
2026-04-01,25756.34
2026-04-02,25685.08
2026-04-06,25997.89
2026-04-07,26132.64
2026-04-08,26917.61
2026-04-09,27030.41
2026-04-10,27258.97
2026-04-13,27154.78
2026-04-15,27682.38
2026-04-16,27780.81
2026-04-17,28046.21
2026-04-20,28064.19
2026-04-21,28149.55
2026-04-22,28291.55
2026-04-23,28025.09
2026-04-24,27934.68
2026-04-27,28300.58
2026-04-28,28353.51
2026-04-29,28409.09
2026-04-30,28016.65
2026-05-04,28144.02
2026-05-05,28125.15
2026-05-06,28471.71
2026-05-07,28480.27
2026-05-08,28176.46
2026-05-11,27778.44
2026-05-12,27543.83
2026-05-13,27910.49
2026-05-14,28115.89
2026-05-15,27909.79
2026-05-18,27548.41
2026-05-19,27679.41
2026-05-20,27839.04
2026-05-21,27977.96
2026-05-22,27970.91
2026-05-25,28277.28
2026-05-26,28354.45
2026-05-27,28613.3
2026-05-29,28083.45
2026-06-01,27960.9
2026-06-02,27954.61
2026-06-03,28054.85
2026-06-04,28110.41
2026-06-05,27933.63
2026-06-08,27571.16
2026-06-09,27834.25
2026-06-10,27369.49
2026-06-11,27189.71
2026-06-12,27640.75
2026-06-15,27994.73
2026-06-16,27946.62
2026-06-17,27983.7
2026-06-18,28079.55
2026-06-19,28058.57
2026-06-22,28197.32
2026-06-23,27728.0
2026-06-24,27751.27
2026-06-25,27454.63
2026-06-29,27357.74
2026-06-30,27353.09
2026-07-01,27348.33
2026-07-02,27462.59
2026-07-03,27454.49
2026-07-06,27499.57
2026-07-07,27337.66
2026-07-08,26844.75
2026-07-09,27011.29
2026-07-10,27300.94
2026-07-13,27343.34
2026-07-14,27157.0
2026-07-15,27120.02
2026-07-16,27075.51
2026-07-17,27127.96
2026-07-20,27420.13
2026-07-21,27496.55
2026-07-22,27266.7
2026-07-23,27042.37
2026-07-24,26996.46
2026-07-27,27171.1
2026-07-28,26991.13
2026-07-29,27186.81
2026-07-30,27303.72
2026-07-31,27451.58
2026-08-03,27818.12
2026-08-04,27726.81
2026-08-05,27881.14
2026-08-06,27796.79
2026-08-07,27973.69
2026-08-10,27771.22
2026-08-11,27632.25
2026-08-12,27747.65
2026-08-13,27660.61
2026-08-14,27400.07
2026-08-17,27417.56
2026-08-18,27259.07
2026-08-19,27146.11
2026-08-20,27180.12
2026-08-21,27312.07
2026-08-24,27383.04
2026-08-25,27410.96
2026-08-26,27497.47
2026-08-27,27264.22
2026-08-28,27359.18
