Date,TotalReturnsIndex
2005-04-01,1000.0
2005-04-04,1009.3
2005-04-05,1002.37
2005-04-06,1011.84
2005-04-07,1011.98
2005-04-08,1005.67
2005-04-11,994.9
2005-04-12,1001.92
2005-04-13,1003.87
2005-04-15,981.17
2005-04-18,973.61
2005-04-19,972.73
2005-04-20,976.69
2005-04-21,992.84
2005-04-22,1005.2
2005-04-25,1009.06
2005-04-26,1008.63
2005-04-27,999.11
2005-04-28,994.67
2005-04-29,981.09
2005-05-02,975.33
2005-05-03,977.6
2005-05-04,987.32
2005-05-05,997.02
2005-05-06,1001.47
2005-05-09,1014.15
2005-05-10,1014.13
2005-05-11,1017.61
2005-05-12,1028.8
2005-05-13,1034.81
2005-05-16,1045.61
2005-05-17,1037.33
2005-05-18,1042.74
2005-05-19,1049.28
2005-05-20,1046.05
2005-05-23,1051.64
2005-05-24,1056.24
2005-05-25,1059.84
2005-05-26,1059.29
2005-05-27,1056.02
2005-05-30,1049.01
2005-05-31,1056.59
2005-06-01,1062.94
2005-06-02,1057.42
2005-06-03,1065.89
2005-06-04,1070.72
2005-06-06,1072.51
2005-06-07,1076.46
2005-06-08,1080.47
2005-06-09,1085.54
2005-06-10,1083.27
2005-06-13,1085.15
2005-06-14,1088.91
2005-06-15,1094.18
2005-06-16,1083.44
2005-06-17,1066.18
2005-06-20,1062.64
2005-06-21,1066.77
2005-06-22,1063.32
2005-06-23,1067.97
2005-06-24,1077.24
2005-06-27,1077.32
2005-06-28,1060.06
2005-06-29,1069.2
2005-06-30,1067.93
2005-07-01,1080.6
2005-07-04,1098.95
2005-07-05,1096.84
2005-07-06,1115.26
2005-07-07,1100.29
2005-07-08,1117.43
2005-07-11,1133.43
2005-07-12,1135.59
2005-07-13,1144.39
2005-07-14,1141.59
2005-07-15,1154.48
2005-07-18,1179.18
2005-07-19,1188.42
2005-07-20,1191.94
2005-07-21,1185.14
2005-07-22,1198.59
2005-07-25,1201.7
2005-07-26,1197.15
2005-07-27,1198.66
2005-07-29,1188.27
2005-08-01,1197.4
2005-08-02,1219.67
2005-08-03,1217.82
2005-08-04,1225.02
2005-08-05,1236.64
2005-08-08,1224.41
2005-08-09,1218.21
2005-08-10,1243.57
2005-08-11,1262.36
2005-08-12,1269.57
2005-08-16,1278.02
2005-08-17,1289.41
2005-08-18,1284.36
2005-08-19,1285.84
2005-08-22,1284.24
2005-08-23,1255.2
2005-08-24,1237.62
2005-08-25,1248.68
2005-08-26,1270.6
2005-08-29,1271.44
2005-08-30,1286.76
2005-08-31,1300.18
2005-09-01,1311.09
2005-09-02,1315.71
2005-09-05,1318.02
2005-09-06,1321.22
2005-09-08,1328.57
2005-09-09,1327.47
2005-09-12,1342.6
2005-09-13,1350.79
2005-09-14,1344.68
2005-09-15,1362.51
2005-09-16,1370.82
2005-09-19,1388.38
2005-09-20,1382.56
2005-09-21,1348.05
2005-09-22,1278.07
2005-09-23,1291.83
2005-09-26,1333.37
2005-09-27,1345.56
2005-09-28,1358.96
2005-09-29,1356.89
2005-09-30,1352.88
2005-10-03,1371.75
2005-10-04,1386.38
2005-10-05,1382.96
2005-10-06,1361.92
2005-10-07,1357.86
2005-10-10,1353.03
2005-10-11,1347.55
2005-10-13,1336.54
2005-10-14,1306.92
2005-10-17,1296.41
2005-10-18,1289.93
2005-10-19,1252.8
2005-10-20,1229.96
2005-10-21,1250.0
2005-10-24,1249.95
2005-10-25,1249.08
2005-10-26,1242.87
2005-10-27,1220.77
2005-10-28,1201.22
2005-10-31,1228.71
2005-11-01,1243.79
2005-11-02,1249.76
2005-11-07,1273.04
2005-11-08,1287.3
2005-11-09,1286.32
2005-11-10,1290.02
2005-11-11,1310.2
2005-11-14,1313.44
2005-11-16,1317.46
2005-11-17,1321.12
2005-11-18,1327.61
2005-11-21,1321.21
2005-11-22,1310.71
2005-11-23,1314.11
2005-11-24,1321.46
2005-11-25,1332.91
2005-11-26,1348.36
2005-11-28,1358.49
2005-11-29,1351.12
2005-11-30,1349.7
2005-12-01,1366.01
2005-12-02,1375.4
2005-12-05,1371.78
2005-12-06,1373.34
2005-12-07,1381.47
2005-12-08,1387.24
2005-12-09,1401.47
2005-12-12,1408.54
2005-12-13,1418.81
2005-12-14,1413.05
2005-12-15,1402.0
2005-12-16,1408.56
2005-12-19,1418.81
2005-12-20,1415.29
2005-12-21,1415.97
2005-12-22,1418.35
2005-12-23,1408.65
2005-12-26,1384.25
2005-12-27,1407.15
2005-12-28,1409.24
2005-12-29,1419.09
2005-12-30,1433.61
2006-01-02,1452.02
2006-01-03,1473.68
2006-01-04,1480.6
2006-01-05,1487.17
2006-01-06,1498.36
2006-01-09,1510.76
2006-01-10,1502.62
2006-01-12,1501.86
2006-01-13,1505.42
2006-01-16,1499.77
2006-01-17,1485.67
2006-01-18,1476.68
2006-01-19,1503.94
2006-01-20,1517.94
2006-01-23,1517.3
2006-01-24,1522.11
2006-01-25,1525.91
2006-01-27,1551.27
2006-01-30,1532.06
2006-01-31,1532.81
2006-02-01,1515.61
2006-02-02,1517.75
2006-02-03,1524.84
2006-02-06,1545.7
2006-02-07,1556.17
2006-02-08,1551.85
2006-02-10,1570.62
2006-02-13,1584.06
2006-02-14,1575.69
2006-02-15,1573.57
2006-02-16,1580.55
2006-02-17,1558.32
2006-02-20,1544.31
2006-02-21,1555.83
2006-02-22,1558.25
2006-02-23,1552.6
2006-02-24,1562.42
2006-02-27,1575.44
2006-02-28,1571.23
2006-03-01,1596.38
2006-03-02,1610.7
2006-03-03,1620.66
2006-03-06,1642.79
2006-03-07,1658.1
2006-03-08,1634.25
2006-03-09,1641.27
2006-03-10,1660.65
2006-03-13,1670.97
2006-03-14,1664.07
2006-03-16,1671.05
2006-03-17,1663.4
2006-03-20,1676.55
2006-03-21,1678.25
2006-03-22,1663.5
2006-03-23,1669.67
2006-03-24,1682.96
2006-03-27,1701.07
2006-03-28,1693.99
2006-03-29,1703.11
2006-03-30,1721.03
2006-03-31,1747.55
2006-04-03,1792.5
2006-04-04,1805.5
2006-04-05,1831.36
2006-04-07,1807.9
2006-04-10,1817.21
2006-04-12,1780.38
2006-04-13,1746.92
2006-04-17,1775.77
2006-04-18,1796.32
2006-04-19,1802.53
2006-04-20,1815.65
2006-04-21,1820.53
2006-04-24,1831.19
2006-04-25,1804.45
2006-04-26,1831.68
2006-04-27,1839.34
2006-04-28,1834.3
2006-04-29,1875.18
2006-05-02,1887.06
2006-05-03,1890.06
2006-05-04,1887.27
2006-05-05,1889.29
2006-05-08,1897.37
2006-05-09,1900.23
2006-05-10,1912.21
2006-05-11,1894.1
2006-05-12,1880.1
2006-05-15,1814.85
2006-05-16,1796.53
2006-05-17,1856.86
2006-05-18,1740.11
2006-05-19,1673.06
2006-05-22,1561.35
2006-05-23,1607.64
2006-05-24,1598.77
2006-05-25,1582.95
2006-05-26,1622.21
2006-05-29,1636.2
2006-05-30,1635.11
2006-05-31,1593.7
2006-06-01,1547.2
2006-06-02,1536.06
2006-06-05,1513.81
2006-06-06,1455.5
2006-06-07,1362.84
2006-06-08,1257.62
2006-06-09,1331.07
2006-06-12,1308.8
2006-06-13,1223.43
2006-06-14,1186.06
2006-06-15,1259.56
2006-06-16,1315.97
2006-06-19,1344.69
2006-06-20,1346.23
2006-06-21,1383.86
2006-06-22,1414.34
2006-06-23,1417.08
2006-06-25,1431.39
2006-06-26,1370.46
2006-06-27,1361.91
2006-06-28,1357.15
2006-06-29,1366.31
2006-06-30,1413.33
2006-07-03,1416.9
2006-07-04,1417.42
2006-07-05,1434.06
2006-07-06,1435.18
2006-07-07,1413.17
2006-07-10,1411.65
2006-07-11,1407.52
2006-07-12,1409.8
2006-07-13,1408.1
2006-07-14,1392.2
2006-07-17,1359.76
2006-07-18,1336.95
2006-07-19,1298.23
2006-07-20,1312.04
2006-07-21,1280.82
2006-07-24,1271.47
2006-07-25,1299.93
2006-07-26,1324.45
2006-07-27,1344.61
2006-07-28,1365.45
2006-07-31,1380.35
2006-08-01,1369.78
2006-08-02,1387.11
2006-08-03,1396.4
2006-08-04,1391.64
2006-08-07,1393.11
2006-08-08,1411.06
2006-08-09,1436.16
2006-08-10,1466.19
2006-08-11,1481.8
2006-08-14,1512.21
2006-08-16,1530.47
2006-08-17,1516.92
2006-08-18,1528.11
2006-08-21,1538.89
2006-08-22,1538.09
2006-08-23,1521.14
2006-08-24,1526.84
2006-08-25,1541.97
2006-08-28,1550.17
2006-08-29,1549.84
2006-08-30,1548.6
2006-08-31,1535.73
2006-09-01,1554.42
2006-09-04,1582.2
2006-09-05,1589.57
2006-09-06,1595.56
2006-09-07,1595.49
2006-09-08,1616.49
2006-09-11,1560.26
2006-09-12,1573.94
2006-09-13,1596.34
2006-09-14,1603.71
2006-09-15,1606.59
2006-09-18,1614.0
2006-09-19,1594.08
2006-09-20,1601.44
2006-09-21,1616.07
2006-09-22,1607.58
2006-09-25,1602.88
2006-09-26,1610.74
2006-09-27,1621.51
2006-09-28,1630.99
2006-09-29,1656.73
2006-10-03,1661.6
2006-10-04,1653.26
2006-10-05,1685.59
2006-10-06,1698.25
2006-10-09,1707.26
2006-10-10,1701.34
2006-10-11,1681.04
2006-10-12,1695.63
2006-10-13,1698.59
2006-10-16,1698.58
2006-10-17,1690.43
2006-10-18,1693.85
2006-10-19,1685.9
2006-10-20,1698.87
2006-10-21,1712.77
2006-10-23,1702.96
2006-10-26,1713.76
2006-10-27,1731.04
2006-10-30,1738.54
2006-10-31,1729.91
2006-11-01,1739.51
2006-11-02,1743.56
2006-11-03,1746.06
2006-11-06,1765.51
2006-11-07,1772.61
2006-11-08,1750.81
2006-11-09,1765.61
2006-11-10,1775.02
2006-11-13,1795.72
2006-11-14,1783.64
2006-11-15,1776.27
2006-11-16,1774.82
2006-11-17,1746.96
2006-11-20,1728.7
2006-11-21,1758.3
2006-11-22,1775.96
2006-11-23,1783.38
2006-11-24,1794.12
2006-11-27,1806.17
2006-11-28,1794.74
2006-11-29,1815.48
2006-11-30,1806.84
2006-12-01,1825.72
2006-12-04,1837.8
2006-12-05,1841.23
2006-12-06,1824.72
2006-12-07,1824.53
2006-12-08,1815.54
2006-12-11,1770.01
2006-12-12,1698.34
2006-12-13,1735.85
2006-12-14,1777.26
2006-12-15,1794.49
2006-12-18,1792.8
2006-12-19,1767.64
2006-12-20,1760.25
2006-12-21,1774.08
2006-12-22,1788.34
2006-12-26,1807.78
2006-12-27,1822.24
2006-12-28,1824.34
2006-12-29,1842.1
2007-01-02,1865.55
2007-01-03,1885.32
2007-01-04,1890.59
2007-01-05,1890.52
2007-01-08,1880.46
2007-01-09,1872.11
2007-01-10,1852.14
2007-01-11,1876.23
2007-01-12,1902.48
2007-01-15,1918.66
2007-01-16,1926.64
2007-01-17,1934.7
2007-01-18,1929.22
2007-01-19,1920.69
2007-01-22,1916.1
2007-01-23,1894.45
2007-01-24,1904.74
2007-01-25,1929.36
2007-01-29,1932.69
2007-01-31,1914.88
2007-02-01,1926.74
2007-02-02,1938.1
2007-02-05,1943.84
2007-02-06,1954.75
2007-02-07,1956.8
2007-02-08,1954.37
2007-02-09,1913.71
2007-02-12,1838.84
2007-02-13,1829.45
2007-02-14,1837.77
2007-02-15,1889.0
2007-02-19,1883.88
2007-02-20,1861.4
2007-02-21,1866.04
2007-02-22,1844.06
2007-02-23,1803.85
2007-02-26,1817.75
2007-02-27,1823.39
2007-02-28,1757.82
2007-03-01,1761.71
2007-03-02,1747.52
2007-03-05,1658.2
2007-03-06,1666.31
2007-03-07,1630.86
2007-03-08,1678.78
2007-03-09,1675.07
2007-03-12,1688.07
2007-03-13,1706.51
2007-03-14,1670.0
2007-03-15,1681.71
2007-03-16,1669.03
2007-03-19,1685.7
2007-03-20,1700.45
2007-03-21,1706.24
2007-03-22,1726.84
2007-03-23,1733.42
2007-03-26,1724.62
2007-03-28,1701.79
2007-03-29,1706.64
2007-03-30,1728.99
2007-04-02,1673.19
2007-04-03,1682.85
2007-04-04,1693.7
2007-04-05,1706.36
2007-04-09,1735.11
2007-04-10,1746.33
2007-04-11,1762.57
2007-04-12,1757.95
2007-04-13,1780.61
2007-04-16,1810.11
2007-04-17,1798.91
2007-04-18,1804.97
2007-04-19,1805.09
2007-04-20,1820.22
2007-04-23,1824.33
2007-04-24,1842.67
2007-04-25,1864.36
2007-04-26,1859.28
2007-04-27,1845.01
2007-04-30,1862.78
2007-05-03,1885.19
2007-05-04,1882.67
2007-05-07,1872.9
2007-05-08,1848.68
2007-05-09,1853.34
2007-05-10,1861.13
2007-05-11,1867.85
2007-05-14,1894.21
2007-05-15,1901.09
2007-05-16,1927.38
2007-05-17,1942.85
2007-05-18,1943.12
2007-05-21,1961.34
2007-05-22,1969.56
2007-05-23,1956.14
2007-05-24,1947.48
2007-05-25,1956.99
2007-05-28,1973.16
2007-05-29,1985.82
2007-05-30,1966.78
2007-05-31,1971.91
2007-06-01,1990.5
2007-06-04,1980.19
2007-06-05,1988.78
2007-06-06,1960.29
2007-06-07,1955.52
2007-06-08,1945.15
2007-06-11,1939.48
2007-06-12,1926.88
2007-06-13,1921.14
2007-06-14,1951.73
2007-06-15,1957.93
2007-06-18,1957.57
2007-06-19,1980.91
2007-06-20,2009.21
2007-06-21,2022.83
2007-06-22,2021.43
2007-06-25,2025.45
2007-06-26,2040.78
2007-06-27,2043.94
2007-06-28,2053.31
2007-06-29,2079.09
2007-07-02,2091.92
2007-07-03,2113.1
2007-07-04,2117.09
2007-07-05,2102.18
2007-07-06,2105.9
2007-07-09,2124.65
2007-07-10,2119.11
2007-07-11,2130.65
2007-07-12,2161.28
2007-07-13,2164.85
2007-07-16,2177.16
2007-07-17,2162.87
2007-07-18,2159.54
2007-07-19,2175.52
2007-07-20,2181.95
2007-07-23,2184.21
2007-07-24,2173.0
2007-07-25,2151.79
2007-07-26,2154.27
2007-07-27,2095.16
2007-07-30,2106.31
2007-07-31,2138.25
2007-08-01,2058.52
2007-08-02,2074.88
2007-08-03,2103.93
2007-08-06,2083.04
2007-08-07,2091.97
2007-08-08,2120.49
2007-08-09,2089.9
2007-08-10,2071.38
2007-08-13,2089.24
2007-08-14,2089.13
2007-08-16,2020.7
2007-08-17,1994.4
2007-08-20,2023.86
2007-08-21,1954.44
2007-08-22,1962.37
2007-08-23,1944.04
2007-08-24,1975.31
2007-08-27,2030.46
2007-08-28,2048.65
2007-08-29,2064.61
2007-08-30,2073.08
2007-08-31,2106.28
2007-09-03,2134.49
2007-09-04,2146.7
2007-09-05,2151.6
2007-09-06,2170.94
2007-09-07,2173.49
2007-09-10,2173.27
2007-09-11,2174.49
2007-09-12,2178.24
2007-09-13,2195.0
2007-09-14,2176.49
2007-09-17,2188.02
2007-09-18,2221.55
2007-09-19,2266.17
2007-09-20,2279.67
2007-09-21,2297.32
2007-09-24,2331.75
2007-09-25,2336.62
2007-09-26,2348.64
2007-09-27,2344.78
2007-09-28,2395.48
2007-10-01,2425.54
2007-10-03,2434.43
2007-10-04,2445.76
2007-10-05,2424.1
2007-10-08,2334.46
2007-10-09,2405.47
2007-10-10,2435.87
2007-10-11,2473.49
2007-10-12,2444.89
2007-10-15,2507.83
2007-10-16,2533.76
2007-10-17,2471.72
2007-10-18,2419.36
2007-10-19,2348.7
2007-10-22,2358.96
2007-10-23,2459.6
2007-10-24,2498.4
2007-10-25,2518.96
2007-10-26,2587.72
2007-10-29,2646.17
2007-10-30,2636.96
2007-10-31,2651.96
2007-11-01,2599.2
2007-11-02,2620.93
2007-11-05,2662.33
2007-11-06,2641.87
2007-11-07,2628.57
2007-11-08,2606.31
2007-11-09,2623.38
2007-11-12,2593.66
2007-11-13,2661.17
2007-11-14,2741.84
2007-11-15,2791.67
2007-11-16,2828.89
2007-11-19,2910.14
2007-11-20,2858.3
2007-11-21,2715.42
2007-11-22,2663.17
2007-11-23,2725.72
2007-11-26,2767.93
2007-11-27,2780.57
2007-11-28,2762.4
2007-11-29,2752.07
2007-11-30,2842.75
2007-12-03,2925.41
2007-12-04,2970.28
2007-12-05,3022.56
2007-12-06,3017.68
2007-12-07,3015.49
2007-12-10,3039.86
2007-12-11,3072.02
2007-12-12,3132.66
2007-12-13,3143.64
2007-12-14,3168.14
2007-12-17,3031.05
2007-12-18,3030.44
2007-12-19,3025.1
2007-12-20,2999.17
2007-12-24,3071.48
2007-12-26,3145.0
2007-12-27,3152.79
2007-12-28,3220.6
2007-12-31,3282.09
2008-01-01,3343.17
2008-01-02,3406.54
2008-01-03,3409.08
2008-01-04,3431.51
2008-01-07,3457.32
2008-01-08,3382.03
2008-01-09,3347.23
2008-01-10,3218.12
2008-01-11,3205.65
2008-01-14,3250.2
2008-01-15,3216.35
2008-01-16,3159.1
2008-01-17,3165.61
2008-01-18,2996.49
2008-01-21,2614.99
2008-01-22,2387.34
2008-01-23,2593.76
2008-01-24,2497.86
2008-01-25,2671.87
2008-01-28,2665.64
2008-01-29,2675.09
2008-01-30,2597.7
2008-01-31,2557.86
2008-02-01,2572.02
2008-02-04,2658.17
2008-02-05,2687.16
2008-02-06,2657.31
2008-02-07,2583.47
2008-02-08,2527.37
2008-02-11,2375.53
2008-02-12,2320.71
2008-02-13,2331.36
2008-02-14,2464.13
2008-02-15,2524.27
2008-02-18,2529.2
2008-02-19,2539.55
2008-02-20,2495.88
2008-02-21,2519.89
2008-02-22,2493.61
2008-02-25,2491.84
2008-02-26,2525.4
2008-02-27,2534.62
2008-02-28,2531.9
2008-02-29,2534.68
2008-03-03,2426.85
2008-03-04,2361.99
2008-03-05,2332.71
2008-03-07,2224.65
2008-03-10,2221.32
2008-03-11,2319.38
2008-03-12,2294.83
2008-03-13,2147.8
2008-03-14,2167.66
2008-03-17,2003.67
2008-03-18,1973.81
2008-03-19,1957.97
2008-03-24,1917.1
2008-03-25,2029.42
2008-03-26,2061.15
2008-03-27,2053.57
2008-03-28,2134.55
2008-03-31,2100.28
2008-04-01,2087.33
2008-04-02,2099.29
2008-04-03,2094.49
2008-04-04,2058.07
2008-04-07,2080.57
2008-04-08,2086.91
2008-04-09,2110.4
2008-04-10,2119.74
2008-04-11,2135.35
2008-04-15,2163.78
2008-04-16,2193.95
2008-04-17,2242.86
2008-04-21,2291.56
2008-04-22,2313.95
2008-04-23,2321.66
2008-04-24,2295.3
2008-04-25,2315.87
2008-04-28,2326.18
2008-04-29,2353.63
2008-04-30,2355.08
2008-05-02,2388.86
2008-05-05,2410.1
2008-05-06,2378.89
2008-05-07,2367.36
2008-05-08,2349.58
2008-05-09,2292.42
2008-05-12,2276.33
2008-05-13,2280.68
2008-05-14,2297.95
2008-05-15,2326.89
2008-05-16,2343.05
2008-05-20,2330.0
2008-05-21,2351.79
2008-05-22,2310.82
2008-05-23,2275.24
2008-05-26,2216.8
2008-05-27,2195.64
2008-05-28,2219.83
2008-05-29,2213.42
2008-05-30,2214.51
2008-06-02,2155.42
2008-06-03,2143.92
2008-06-04,2082.83
2008-06-05,2079.05
2008-06-06,2066.08
2008-06-09,2001.34
2008-06-10,1979.07
2008-06-11,2001.89
2008-06-12,2013.78
2008-06-13,2010.38
2008-06-16,2032.98
2008-06-17,2070.47
2008-06-18,2055.82
2008-06-19,2007.09
2008-06-20,1942.15
2008-06-23,1870.15
2008-06-24,1833.73
2008-06-25,1843.26
2008-06-26,1833.73
2008-06-27,1778.63
2008-06-30,1719.19
2008-07-01,1634.93
2008-07-02,1704.35
2008-07-03,1653.97
2008-07-04,1691.6
2008-07-07,1712.73
2008-07-08,1714.23
2008-07-09,1770.55
2008-07-10,1771.92
2008-07-11,1734.23
2008-07-14,1730.06
2008-07-15,1672.09
2008-07-16,1643.95
2008-07-17,1665.59
2008-07-18,1696.38
2008-07-21,1705.81
2008-07-22,1737.76
2008-07-23,1839.76
2008-07-24,1840.11
2008-07-25,1833.35
2008-07-28,1851.96
2008-07-29,1799.93
2008-07-30,1841.28
2008-07-31,1835.0
2008-08-01,1867.5
2008-08-04,1902.82
2008-08-05,1929.57
2008-08-06,1928.05
2008-08-07,1936.85
2008-08-08,1944.14
2008-08-11,1983.13
2008-08-12,1960.33
2008-08-13,1957.51
2008-08-14,1915.71
2008-08-18,1897.57
2008-08-19,1889.22
2008-08-20,1909.61
2008-08-21,1866.78
2008-08-22,1865.29
2008-08-25,1873.49
2008-08-26,1871.33
2008-08-27,1852.91
2008-08-28,1827.8
2008-08-29,1877.83
2008-09-01,1880.19
2008-09-02,1917.55
2008-09-04,1909.43
2008-09-05,1883.62
2008-09-08,1905.6
2008-09-09,1894.69
2008-09-10,1874.81
2008-09-11,1850.73
2008-09-12,1814.37
2008-09-15,1732.34
2008-09-16,1707.52
2008-09-17,1683.87
2008-09-18,1663.55
2008-09-19,1717.09
2008-09-22,1710.16
2008-09-23,1675.09
2008-09-24,1680.75
2008-09-25,1665.94
2008-09-26,1612.89
2008-09-29,1548.68
2008-09-30,1573.24
2008-10-01,1579.23
2008-10-03,1537.06
2008-10-06,1437.2
2008-10-07,1404.1
2008-10-08,1324.78
2008-10-10,1225.52
2008-10-13,1281.98
2008-10-14,1296.46
2008-10-15,1241.01
2008-10-16,1229.32
2008-10-17,1191.22
2008-10-20,1185.11
2008-10-21,1214.93
2008-10-22,1176.64
2008-10-23,1139.4
2008-10-24,1046.08
2008-10-27,1005.63
2008-10-28,1063.45
2008-10-29,1041.3
2008-10-31,1080.81
2008-11-03,1134.69
2008-11-04,1171.31
2008-11-05,1160.01
2008-11-06,1132.59
2008-11-07,1149.37
2008-11-10,1193.57
2008-11-11,1151.82
2008-11-12,1127.64
2008-11-14,1104.95
2008-11-17,1075.46
2008-11-18,1053.35
2008-11-19,1032.49
2008-11-20,997.18
2008-11-21,1005.56
2008-11-24,1004.55
2008-11-25,994.94
2008-11-26,997.1
2008-11-28,1002.16
2008-12-01,988.61
2008-12-02,976.79
2008-12-03,986.02
2008-12-04,1025.82
2008-12-05,1011.34
2008-12-08,1008.2
2008-12-10,1033.46
2008-12-11,1054.29
2008-12-12,1068.25
2008-12-15,1111.34
2008-12-16,1135.01
2008-12-17,1100.96
2008-12-18,1130.82
2008-12-19,1159.68
2008-12-22,1156.65
2008-12-23,1127.66
2008-12-24,1119.86
2008-12-26,1107.83
2008-12-29,1121.84
2008-12-30,1145.56
2008-12-31,1150.55
2009-01-01,1179.6
2009-01-02,1205.53
2009-01-05,1225.34
2009-01-06,1218.3
2009-01-07,1134.51
2009-01-09,1105.03
2009-01-12,1085.04
2009-01-13,1072.0
2009-01-14,1091.77
2009-01-15,1074.41
2009-01-16,1084.69
2009-01-19,1092.21
2009-01-20,1085.82
2009-01-21,1069.24
2009-01-22,1048.32
2009-01-23,1033.13
2009-01-27,1038.75
2009-01-28,1053.29
2009-01-29,1050.7
2009-01-30,1060.79
2009-02-02,1047.52
2009-02-03,1041.42
2009-02-04,1041.09
2009-02-05,1034.33
2009-02-06,1052.32
2009-02-09,1066.66
2009-02-10,1080.69
2009-02-11,1082.39
2009-02-12,1087.5
2009-02-13,1105.97
2009-02-16,1073.55
2009-02-17,1049.44
2009-02-18,1045.95
2009-02-19,1044.41
2009-02-20,1029.24
2009-02-24,1009.54
2009-02-25,1016.27
2009-02-26,1011.29
2009-02-27,1011.81
2009-03-02,992.24
2009-03-03,976.86
2009-03-04,972.69
2009-03-05,956.46
2009-03-06,950.23
2009-03-09,937.32
2009-03-12,942.61
2009-03-13,971.04
2009-03-16,1002.31
2009-03-17,1005.54
2009-03-18,1036.87
2009-03-19,1043.77
2009-03-20,1024.17
2009-03-23,1051.85
2009-03-24,1048.17
2009-03-25,1053.85
2009-03-26,1054.37
2009-03-27,1074.54
2009-03-30,1057.79
2009-03-31,1081.17
2009-04-01,1097.34
2009-04-02,1139.51
2009-04-06,1164.25
2009-04-08,1201.7
2009-04-09,1221.01
2009-04-13,1259.26
2009-04-15,1305.55
2009-04-16,1243.74
2009-04-17,1256.06
2009-04-20,1276.55
2009-04-21,1275.83
2009-04-22,1259.44
2009-04-23,1276.22
2009-04-24,1296.43
2009-04-27,1290.41
2009-04-28,1241.99
2009-04-29,1265.52
2009-05-04,1312.9
2009-05-05,1332.12
2009-05-06,1316.98
2009-05-07,1353.23
2009-05-08,1357.8
2009-05-11,1335.85
2009-05-12,1349.76
2009-05-13,1349.13
2009-05-14,1357.46
2009-05-15,1374.75
2009-05-18,1536.2
2009-05-19,1583.13
2009-05-20,1682.46
2009-05-21,1689.52
2009-05-22,1714.32
2009-05-25,1773.17
2009-05-26,1716.82
2009-05-27,1781.5
2009-05-28,1794.15
2009-05-29,1841.17
2009-06-01,1892.23
2009-06-02,1903.99
2009-06-03,1933.9
2009-06-04,1985.9
2009-06-05,1976.36
2009-06-08,1871.36
2009-06-09,1920.78
2009-06-10,1945.61
2009-06-11,1940.95
2009-06-12,1896.83
2009-06-15,1852.31
2009-06-16,1891.41
2009-06-17,1821.85
2009-06-18,1770.86
2009-06-19,1798.68
2009-06-22,1788.65
2009-06-23,1796.83
2009-06-24,1840.01
2009-06-25,1830.01
2009-06-26,1873.19
2009-06-29,1896.78
2009-06-30,1842.58
2009-07-01,1860.84
2009-07-02,1872.59
2009-07-03,1885.41
2009-07-06,1783.11
2009-07-07,1800.13
2009-07-08,1738.58
2009-07-09,1751.66
2009-07-10,1715.46
2009-07-13,1658.09
2009-07-14,1729.35
2009-07-15,1799.53
2009-07-16,1804.03
2009-07-17,1848.26
2009-07-20,1897.21
2009-07-21,1892.81
2009-07-22,1876.52
2009-07-23,1910.95
2009-07-24,1945.43
2009-07-27,1979.32
2009-07-28,2001.9
2009-07-29,1983.41
2009-07-30,1992.41
2009-07-31,2016.17
2009-08-03,2059.08
2009-08-04,2061.33
2009-08-05,2062.36
2009-08-06,2012.73
2009-08-07,1969.78
2009-08-10,1939.58
2009-08-11,1956.16
2009-08-12,1961.81
2009-08-13,2030.84
2009-08-14,2034.18
2009-08-17,1955.09
2009-08-18,1993.81
2009-08-19,1975.51
2009-08-20,1989.84
2009-08-21,2020.97
2009-08-24,2072.66
2009-08-25,2081.97
2009-08-26,2105.57
2009-08-27,2113.15
2009-08-28,2127.92
2009-08-31,2133.84
2009-09-01,2105.24
2009-09-02,2091.86
2009-09-03,2099.26
2009-09-04,2118.99
2009-09-07,2166.28
2009-09-08,2161.24
2009-09-09,2155.97
2009-09-10,2151.65
2009-09-11,2154.84
2009-09-14,2160.53
2009-09-15,2199.33
2009-09-16,2226.03
2009-09-17,2240.16
2009-09-18,2256.24
2009-09-22,2275.43
2009-09-23,2246.9
2009-09-24,2261.45
2009-09-25,2278.26
2009-09-29,2293.67
2009-09-30,2318.47
2009-10-01,2306.45
2009-10-05,2263.49
2009-10-06,2259.5
2009-10-07,2285.87
2009-10-08,2301.2
2009-10-09,2287.38
2009-10-12,2315.5
2009-10-14,2353.6
2009-10-15,2369.25
2009-10-16,2393.92
2009-10-17,2411.05
2009-10-20,2414.26
2009-10-21,2389.88
2009-10-22,2341.32
2009-10-23,2368.87
2009-10-26,2330.7
2009-10-27,2240.84
2009-10-28,2242.89
2009-10-29,2196.41
2009-10-30,2187.69
2009-11-03,2111.4
2009-11-04,2176.43
2009-11-05,2217.33
2009-11-06,2268.51
2009-11-09,2316.94
2009-11-10,2319.63
2009-11-11,2367.89
2009-11-12,2347.42
2009-11-13,2352.43
2009-11-16,2375.96
2009-11-17,2374.26
2009-11-18,2386.31
2009-11-19,2348.43
2009-11-20,2376.17
2009-11-23,2387.12
2009-11-24,2393.27
2009-11-25,2391.42
2009-11-26,2353.75
2009-11-27,2322.76
2009-11-30,2363.02
2009-12-01,2405.21
2009-12-02,2424.45
2009-12-03,2431.57
2009-12-04,2426.24
2009-12-07,2408.71
2009-12-08,2435.62
2009-12-09,2417.99
2009-12-10,2426.17
2009-12-11,2413.84
2009-12-14,2392.71
2009-12-15,2357.75
2009-12-16,2365.32
2009-12-17,2384.63
2009-12-18,2365.96
2009-12-21,2356.05
2009-12-22,2378.47
2009-12-23,2414.91
2009-12-24,2432.1
2009-12-29,2447.77
2009-12-30,2454.88
2009-12-31,2460.68
2010-01-04,2501.62
2010-01-05,2535.74
2010-01-06,2551.93
2010-01-07,2557.23
2010-01-08,2554.83
2010-01-11,2581.65
2010-01-12,2555.68
2010-01-13,2569.83
2010-01-14,2598.03
2010-01-15,2616.37
2010-01-18,2636.67
2010-01-19,2625.51
2010-01-20,2620.96
2010-01-21,2559.95
2010-01-22,2536.64
2010-01-25,2504.73
2010-01-27,2403.97
2010-01-28,2409.32
2010-01-29,2436.78
2010-02-01,2481.96
2010-02-02,2455.44
2010-02-03,2491.3
2010-02-04,2440.15
2010-02-05,2374.44
2010-02-06,2408.89
2010-02-08,2409.53
2010-02-09,2426.35
2010-02-10,2426.38
2010-02-11,2443.04
2010-02-15,2428.19
2010-02-16,2444.08
2010-02-17,2467.23
2010-02-18,2454.41
2010-02-19,2422.62
2010-02-22,2404.91
2010-02-23,2384.44
2010-02-24,2367.65
2010-02-25,2351.45
2010-02-26,2393.88
2010-03-02,2449.72
2010-03-03,2485.95
2010-03-04,2509.42
2010-03-05,2526.62
2010-03-08,2541.37
2010-03-09,2524.4
2010-03-10,2517.6
2010-03-11,2512.84
2010-03-12,2507.36
2010-03-15,2488.52
2010-03-16,2514.45
2010-03-17,2525.56
2010-03-18,2535.23
2010-03-19,2538.1
2010-03-22,2510.23
2010-03-23,2518.72
2010-03-25,2522.55
2010-03-26,2539.64
2010-03-29,2541.25
2010-03-30,2545.18
2010-03-31,2549.07
2010-04-01,2576.84
2010-04-05,2616.55
2010-04-06,2636.49
2010-04-07,2653.28
2010-04-08,2641.11
2010-04-09,2661.11
2010-04-12,2656.56
2010-04-13,2650.54
2010-04-15,2647.07
2010-04-16,2634.55
2010-04-19,2609.25
2010-04-20,2640.42
2010-04-21,2658.95
2010-04-22,2658.55
2010-04-23,2664.39
2010-04-26,2681.59
2010-04-27,2677.3
2010-04-28,2634.37
2010-04-29,2661.79
2010-04-30,2689.6
2010-05-03,2674.75
2010-05-04,2633.08
2010-05-05,2641.15
2010-05-06,2633.49
2010-05-07,2567.36
2010-05-10,2624.89
2010-05-11,2603.88
2010-05-12,2607.02
2010-05-13,2642.33
2010-05-14,2615.65
2010-05-17,2608.42
2010-05-18,2623.6
2010-05-19,2550.34
2010-05-20,2544.89
2010-05-21,2510.74
2010-05-24,2517.85
2010-05-25,2446.74
2010-05-26,2478.83
2010-05-27,2503.91
2010-05-28,2546.68
2010-05-31,2576.39
2010-06-01,2545.69
2010-06-02,2565.48
2010-06-03,2594.89
2010-06-04,2603.49
2010-06-07,2570.14
2010-06-08,2560.07
2010-06-09,2576.32
2010-06-10,2605.2
2010-06-11,2613.45
2010-06-14,2634.9
2010-06-15,2646.93
2010-06-16,2651.35
2010-06-17,2660.34
2010-06-18,2649.83
2010-06-21,2680.19
2010-06-22,2679.01
2010-06-23,2697.31
2010-06-24,2694.69
2010-06-25,2677.82
2010-06-28,2710.28
2010-06-29,2694.07
2010-06-30,2707.93
2010-07-01,2698.29
2010-07-02,2695.81
2010-07-05,2703.61
2010-07-06,2721.14
2010-07-07,2721.03
2010-07-08,2748.3
2010-07-09,2768.35
2010-07-12,2772.06
2010-07-13,2790.24
2010-07-14,2784.17
2010-07-15,2786.61
2010-07-16,2799.44
2010-07-19,2805.34
2010-07-20,2798.06
2010-07-21,2812.77
2010-07-22,2828.2
2010-07-23,2822.18
2010-07-26,2793.87
2010-07-27,2802.33
2010-07-28,2796.88
2010-07-29,2801.22
2010-07-30,2816.78
2010-08-02,2841.41
2010-08-03,2850.72
2010-08-04,2855.7
2010-08-05,2864.93
2010-08-06,2872.18
2010-08-09,2905.84
2010-08-10,2890.51
2010-08-11,2880.76
2010-08-12,2886.41
2010-08-13,2912.85
2010-08-16,2913.71
2010-08-17,2932.04
2010-08-18,2956.29
2010-08-19,2982.54
2010-08-20,2983.6
2010-08-23,3003.58
2010-08-24,2980.89
2010-08-25,2940.67
2010-08-26,2938.68
2010-08-27,2911.69
2010-08-30,2909.21
2010-08-31,2896.74
2010-09-01,2940.98
2010-09-02,2968.61
2010-09-03,3002.22
2010-09-06,3034.49
2010-09-07,3038.13
2010-09-08,3043.15
2010-09-09,3062.35
2010-09-13,3086.29
2010-09-14,3075.31
2010-09-15,3074.02
2010-09-16,3045.11
2010-09-17,3097.51
2010-09-20,3114.99
2010-09-21,3080.97
2010-09-22,3068.32
2010-09-23,3062.22
2010-09-24,3090.56
2010-09-27,3096.02
2010-09-28,3101.75
2010-09-29,3082.26
2010-09-30,3070.81
2010-10-01,3118.3
2010-10-04,3141.96
2010-10-05,3168.23
2010-10-06,3203.81
2010-10-07,3186.09
2010-10-08,3169.5
2010-10-11,3194.82
2010-10-12,3176.58
2010-10-13,3208.53
2010-10-14,3198.58
2010-10-15,3151.5
2010-10-18,3140.05
2010-10-19,3147.42
2010-10-20,3145.8
2010-10-21,3190.59
2010-10-22,3198.65
2010-10-25,3219.66
2010-10-26,3210.89
2010-10-27,3202.86
2010-10-28,3170.85
2010-10-29,3153.77
2010-11-01,3214.02
2010-11-02,3225.22
2010-11-03,3242.74
2010-11-04,3274.69
2010-11-05,3294.4
2010-11-08,3294.82
2010-11-09,3307.07
2010-11-10,3316.69
2010-11-11,3276.48
2010-11-12,3197.0
2010-11-15,3206.28
2010-11-16,3143.12
2010-11-18,3128.93
2010-11-19,3069.04
2010-11-22,3110.43
2010-11-23,3082.83
2010-11-24,3033.04
2010-11-25,2960.93
2010-11-26,2891.77
2010-11-29,2919.46
2010-11-30,2958.68
2010-12-01,3048.21
2010-12-02,3074.05
2010-12-03,3004.76
2010-12-06,2991.74
2010-12-07,2958.77
2010-12-08,2902.83
2010-12-09,2777.26
2010-12-10,2831.09
2010-12-13,2883.6
2010-12-14,2921.16
2010-12-15,2876.25
2010-12-16,2876.42
2010-12-20,2865.92
2010-12-21,2889.76
2010-12-22,2891.62
2010-12-23,2883.86
2010-12-24,2893.2
2010-12-27,2883.27
2010-12-28,2881.17
2010-12-29,2898.07
2010-12-30,2918.76
2010-12-31,2954.59
2011-01-03,2980.82
2011-01-04,2973.44
2011-01-05,2931.29
2011-01-06,2894.41
2011-01-07,2820.82
2011-01-10,2752.97
2011-01-11,2742.29
2011-01-12,2793.35
2011-01-13,2764.58
2011-01-14,2728.22
2011-01-17,2691.12
2011-01-18,2702.27
2011-01-19,2711.54
2011-01-20,2720.35
2011-01-21,2724.48
2011-01-24,2748.97
2011-01-25,2736.7
2011-01-27,2676.38
2011-01-28,2610.53
2011-01-31,2613.82
2011-02-01,2564.99
2011-02-02,2566.61
2011-02-03,2590.96
2011-02-04,2557.18
2011-02-07,2542.89
2011-02-08,2483.35
2011-02-09,2401.14
2011-02-10,2405.61
2011-02-11,2474.4
2011-02-14,2553.52
2011-02-15,2562.7
2011-02-16,2572.5
2011-02-17,2599.11
2011-02-18,2544.24
2011-02-21,2552.24
2011-02-22,2527.05
2011-02-23,2506.73
2011-02-24,2426.79
2011-02-25,2431.22
2011-02-28,2438.34
2011-03-01,2524.15
2011-03-03,2538.27
2011-03-04,2542.72
2011-03-07,2507.44
2011-03-08,2532.03
2011-03-09,2548.24
2011-03-10,2543.54
2011-03-11,2519.6
2011-03-14,2536.24
2011-03-15,2501.58
2011-03-16,2538.33
2011-03-17,2534.15
2011-03-18,2518.53
2011-03-21,2512.52
2011-03-22,2537.8
2011-03-23,2562.32
2011-03-24,2584.97
2011-03-25,2608.98
2011-03-28,2620.25
2011-03-29,2626.39
2011-03-30,2666.39
2011-03-31,2670.01
2011-04-01,2706.96
2011-04-04,2746.28
2011-04-05,2767.61
2011-04-06,2776.79
2011-04-07,2801.27
2011-04-08,2764.38
2011-04-11,2748.12
2011-04-13,2784.58
2011-04-15,2778.48
2011-04-18,2739.96
2011-04-19,2753.93
2011-04-20,2785.92
2011-04-21,2789.3
2011-04-25,2792.42
2011-04-26,2785.27
2011-04-27,2783.87
2011-04-28,2759.43
2011-04-29,2726.88
2011-05-02,2706.27
2011-05-03,2651.52
2011-05-04,2640.93
2011-05-05,2614.31
2011-05-06,2648.17
2011-05-09,2645.84
2011-05-10,2647.45
2011-05-11,2664.73
2011-05-12,2638.99
2011-05-13,2665.93
2011-05-16,2642.26
2011-05-17,2621.42
2011-05-18,2605.89
2011-05-19,2590.01
2011-05-20,2609.85
2011-05-23,2567.64
2011-05-24,2572.46
2011-05-25,2558.21
2011-05-26,2564.06
2011-05-27,2609.09
2011-05-30,2631.84
2011-05-31,2673.5
2011-06-01,2691.43
2011-06-02,2674.1
2011-06-03,2668.82
2011-06-06,2668.32
2011-06-07,2689.04
2011-06-08,2687.77
2011-06-09,2682.53
2011-06-10,2671.55
2011-06-13,2681.58
2011-06-14,2696.14
2011-06-15,2679.3
2011-06-16,2663.04
2011-06-17,2642.83
2011-06-20,2564.52
2011-06-21,2557.01
2011-06-22,2538.08
2011-06-23,2537.44
2011-06-24,2599.31
2011-06-27,2629.68
2011-06-28,2649.66
2011-06-29,2670.64
2011-06-30,2676.45
2011-07-01,2695.96
2011-07-04,2721.69
2011-07-05,2716.79
2011-07-06,2718.88
2011-07-07,2751.55
2011-07-08,2734.07
2011-07-11,2726.52
2011-07-12,2693.01
2011-07-13,2724.31
2011-07-14,2737.64
2011-07-15,2733.13
2011-07-18,2739.69
2011-07-19,2752.47
2011-07-20,2722.42
2011-07-21,2711.33
2011-07-22,2749.64
2011-07-25,2769.7
2011-07-26,2737.06
2011-07-27,2740.76
2011-07-28,2715.35
2011-07-29,2699.81
2011-08-01,2698.57
2011-08-02,2658.59
2011-08-03,2649.78
2011-08-04,2627.19
2011-08-05,2583.06
2011-08-08,2548.53
2011-08-09,2512.54
2011-08-10,2567.73
2011-08-11,2564.33
2011-08-12,2546.54
2011-08-16,2504.12
2011-08-17,2474.21
2011-08-18,2424.7
2011-08-19,2390.16
2011-08-22,2419.04
2011-08-23,2445.34
2011-08-24,2427.54
2011-08-25,2394.8
2011-08-26,2342.48
2011-08-29,2403.91
2011-08-30,2444.58
2011-09-02,2463.55
2011-09-05,2474.44
2011-09-06,2483.4
2011-09-07,2519.97
2011-09-08,2525.17
2011-09-09,2499.58
2011-09-12,2436.76
2011-09-13,2435.69
2011-09-14,2442.1
2011-09-15,2461.4
2011-09-16,2467.74
2011-09-19,2465.92
2011-09-20,2485.87
2011-09-21,2499.94
2011-09-22,2419.47
2011-09-23,2396.59
2011-09-26,2363.98
2011-09-27,2399.82
2011-09-28,2384.56
2011-09-29,2385.74
2011-09-30,2375.95
2011-10-03,2325.78
2011-10-04,2293.18
2011-10-05,2267.79
2011-10-07,2299.63
2011-10-10,2337.17
2011-10-11,2347.87
2011-10-12,2386.31
2011-10-13,2391.89
2011-10-14,2399.52
2011-10-17,2405.45
2011-10-18,2370.51
2011-10-19,2404.71
2011-10-20,2383.17
2011-10-21,2365.45
2011-10-24,2359.56
2011-10-25,2374.26
2011-10-26,2397.73
2011-10-28,2446.0
2011-10-31,2455.28
2011-11-01,2440.2
2011-11-02,2443.91
2011-11-03,2448.39
2011-11-04,2470.22
2011-11-08,2473.44
2011-11-09,2439.32
2011-11-11,2411.41
2011-11-14,2374.18
2011-11-15,2312.67
2011-11-16,2290.76
2011-11-17,2260.85
2011-11-18,2237.47
2011-11-21,2201.01
2011-11-22,2212.4
2011-11-23,2171.31
2011-11-24,2206.52
2011-11-25,2208.77
2011-11-28,2247.35
2011-11-29,2236.51
2011-11-30,2228.26
2011-12-01,2252.49
2011-12-02,2291.77
2011-12-05,2292.51
2011-12-07,2292.98
2011-12-08,2252.05
2011-12-09,2232.57
2011-12-12,2187.97
2011-12-13,2178.07
2011-12-14,2159.83
2011-12-15,2140.84
2011-12-16,2105.99
2011-12-19,2061.73
2011-12-20,2018.4
2011-12-21,2045.22
2011-12-22,2069.45
2011-12-23,2066.0
2011-12-26,2084.28
2011-12-27,2067.28
2011-12-28,2045.22
2011-12-29,2034.07
2011-12-30,2038.28
2012-01-02,2031.45
2012-01-03,2090.26
2012-01-04,2095.12
2012-01-05,2098.39
2012-01-06,2093.18
2012-01-07,2105.15
2012-01-09,2119.41
2012-01-10,2170.0
2012-01-11,2194.74
2012-01-12,2210.65
2012-01-13,2225.88
2012-01-16,2226.04
2012-01-17,2255.95
2012-01-18,2226.84
2012-01-19,2255.0
2012-01-20,2266.6
2012-01-23,2270.92
2012-01-24,2309.57
2012-01-25,2345.65
2012-01-27,2353.77
2012-01-30,2303.45
2012-01-31,2355.59
2012-02-01,2385.88
2012-02-02,2404.68
2012-02-03,2435.23
2012-02-06,2464.39
2012-02-07,2438.16
2012-02-08,2466.05
2012-02-09,2496.31
2012-02-10,2500.85
2012-02-13,2510.04
2012-02-14,2531.97
2012-02-15,2593.61
2012-02-16,2611.75
2012-02-17,2619.18
2012-02-21,2641.92
2012-02-22,2546.6
2012-02-23,2533.7
2012-02-24,2510.34
2012-02-27,2432.92
2012-02-28,2522.21
2012-02-29,2559.1
2012-03-01,2540.73
2012-03-02,2536.69
2012-03-03,2539.1
2012-03-05,2499.19
2012-03-06,2474.57
2012-03-07,2474.5
2012-03-09,2538.91
2012-03-12,2567.71
2012-03-13,2596.87
2012-03-14,2609.03
2012-03-15,2565.43
2012-03-16,2541.97
2012-03-19,2512.22
2012-03-20,2534.11
2012-03-21,2588.55
2012-03-22,2527.41
2012-03-23,2546.4
2012-03-26,2501.41
2012-03-27,2502.52
2012-03-28,2477.73
2012-03-29,2482.96
2012-03-30,2546.99
2012-04-02,2571.54
2012-04-03,2595.08
2012-04-04,2598.67
2012-04-09,2559.83
2012-04-10,2552.03
2012-04-11,2535.86
2012-04-12,2558.23
2012-04-13,2533.77
2012-04-16,2552.84
2012-04-17,2570.54
2012-04-18,2584.35
2012-04-19,2589.66
2012-04-20,2563.6
2012-04-23,2519.0
2012-04-24,2516.99
2012-04-25,2501.47
2012-04-26,2491.44
2012-04-27,2487.56
2012-04-28,2500.42
2012-04-30,2517.08
2012-05-02,2510.2
2012-05-03,2482.43
2012-05-04,2432.53
2012-05-07,2441.71
2012-05-08,2405.88
2012-05-09,2383.7
2012-05-10,2386.12
2012-05-11,2367.66
2012-05-14,2351.45
2012-05-15,2363.69
2012-05-16,2341.2
2012-05-17,2338.86
2012-05-18,2333.0
2012-05-21,2346.09
2012-05-22,2329.64
2012-05-23,2320.64
2012-05-24,2341.0
2012-05-25,2354.01
2012-05-28,2386.35
2012-05-29,2381.03
2012-05-30,2348.49
2012-05-31,2360.13
2012-06-01,2324.93
2012-06-04,2319.38
2012-06-05,2326.86
2012-06-06,2369.93
2012-06-07,2386.42
2012-06-08,2394.86
2012-06-11,2388.36
2012-06-12,2407.07
2012-06-13,2401.59
2012-06-14,2368.15
2012-06-15,2385.71
2012-06-18,2359.48
2012-06-19,2362.99
2012-06-20,2386.05
2012-06-21,2409.15
2012-06-22,2410.46
2012-06-25,2411.16
2012-06-26,2425.16
2012-06-27,2434.42
2012-06-28,2434.16
2012-06-29,2478.64
2012-07-02,2500.19
2012-07-03,2514.15
2012-07-04,2532.78
2012-07-05,2553.07
2012-07-06,2537.78
2012-07-09,2505.39
2012-07-10,2533.82
2012-07-11,2530.96
2012-07-12,2517.31
2012-07-13,2508.18
2012-07-16,2496.03
2012-07-17,2479.41
2012-07-18,2490.45
2012-07-19,2495.2
2012-07-20,2491.89
2012-07-23,2453.12
2012-07-24,2463.49
2012-07-25,2449.34
2012-07-26,2406.86
2012-07-27,2394.29
2012-07-30,2434.67
2012-07-31,2448.02
2012-08-01,2468.78
2012-08-02,2473.41
2012-08-03,2472.03
2012-08-06,2484.45
2012-08-07,2496.67
2012-08-08,2487.18
2012-08-09,2482.97
2012-08-10,2482.48
2012-08-13,2500.69
2012-08-14,2504.83
2012-08-16,2505.79
2012-08-17,2504.9
2012-08-21,2510.43
2012-08-22,2501.05
2012-08-23,2498.76
2012-08-24,2482.03
2012-08-27,2460.24
2012-08-28,2438.55
2012-08-29,2426.22
2012-08-30,2438.31
2012-08-31,2433.6
2012-09-03,2436.98
2012-09-04,2450.82
2012-09-05,2440.85
2012-09-06,2446.67
2012-09-07,2479.61
2012-09-08,2489.01
2012-09-10,2493.91
2012-09-11,2494.26
2012-09-12,2504.36
2012-09-13,2504.91
2012-09-14,2529.66
2012-09-17,2568.35
2012-09-18,2586.08
2012-09-20,2567.13
2012-09-21,2618.34
2012-09-24,2630.04
2012-09-25,2644.37
2012-09-26,2653.3
2012-09-27,2669.48
2012-09-28,2696.63
2012-10-01,2717.03
2012-10-03,2732.75
2012-10-04,2743.84
2012-10-05,2725.39
2012-10-08,2704.73
2012-10-09,2720.91
2012-10-10,2691.19
2012-10-11,2727.68
2012-10-12,2729.06
2012-10-15,2727.17
2012-10-16,2712.23
2012-10-17,2713.4
2012-10-18,2739.71
2012-10-19,2728.52
2012-10-22,2733.48
2012-10-23,2723.67
2012-10-25,2720.49
2012-10-26,2694.94
2012-10-29,2674.88
2012-10-30,2649.7
2012-10-31,2678.89
2012-11-01,2700.0
2012-11-02,2711.47
2012-11-05,2709.33
2012-11-06,2720.14
2012-11-07,2747.83
2012-11-08,2755.21
2012-11-09,2731.79
2012-11-12,2776.89
2012-11-13,2793.24
2012-11-15,2792.94
2012-11-16,2765.36
2012-11-19,2736.36
2012-11-20,2721.01
2012-11-21,2732.66
2012-11-22,2749.46
2012-11-23,2755.06
2012-11-26,2798.9
2012-11-27,2835.77
2012-11-29,2861.4
2012-11-30,2880.86
2012-12-03,2915.3
2012-12-04,2924.37
2012-12-05,2939.68
2012-12-06,2955.23
2012-12-07,2955.15
2012-12-10,2974.11
2012-12-11,2951.7
2012-12-12,2949.98
2012-12-13,2917.98
2012-12-14,2939.62
2012-12-17,2946.62
2012-12-18,2963.98
2012-12-19,2983.83
2012-12-20,2978.92
2012-12-21,2936.23
2012-12-24,2945.44
2012-12-26,2966.51
2012-12-27,2954.28
2012-12-28,2978.49
2012-12-31,2989.91
2013-01-01,3025.52
2013-01-02,3040.1
2013-01-03,3058.91
2013-01-04,3071.23
2013-01-07,3071.25
2013-01-08,3073.67
2013-01-09,3061.08
2013-01-10,3046.73
2013-01-11,3001.07
2013-01-14,3032.85
2013-01-15,3036.8
2013-01-16,3000.14
2013-01-17,3003.5
2013-01-18,2998.97
2013-01-21,2996.48
2013-01-22,2968.93
2013-01-23,2946.48
2013-01-24,2879.38
2013-01-25,2931.67
2013-01-28,2934.59
2013-01-29,2918.14
2013-01-30,2915.46
2013-01-31,2933.58
2013-02-01,2939.68
2013-02-04,2918.0
2013-02-05,2898.58
2013-02-06,2901.14
2013-02-07,2882.52
2013-02-08,2865.14
2013-02-11,2864.24
2013-02-12,2860.0
2013-02-13,2846.15
2013-02-14,2810.79
2013-02-15,2819.55
2013-02-18,2831.6
2013-02-19,2865.32
2013-02-20,2864.43
2013-02-21,2821.65
2013-02-22,2822.34
2013-02-25,2799.24
2013-02-26,2753.78
2013-02-27,2767.71
2013-02-28,2707.27
2013-03-01,2724.74
2013-03-04,2687.4
2013-03-05,2733.47
2013-03-06,2759.59
2013-03-07,2774.91
2013-03-08,2797.7
2013-03-11,2807.74
2013-03-12,2790.9
2013-03-13,2765.59
2013-03-14,2781.15
2013-03-15,2765.88
2013-03-18,2760.64
2013-03-19,2721.73
2013-03-20,2668.49
2013-03-21,2646.59
2013-03-22,2636.51
2013-03-25,2631.12
2013-03-26,2623.16
2013-03-28,2660.96
2013-04-01,2688.28
2013-04-02,2723.62
2013-04-03,2702.15
2013-04-04,2650.64
2013-04-05,2651.08
2013-04-08,2644.76
2013-04-09,2619.32
2013-04-10,2630.98
2013-04-11,2631.7
2013-04-12,2628.89
2013-04-15,2628.46
2013-04-16,2654.32
2013-04-17,2654.31
2013-04-18,2677.15
2013-04-22,2718.94
2013-04-23,2709.2
2013-04-25,2723.63
2013-04-26,2710.77
2013-04-29,2728.71
2013-04-30,2735.24
2013-05-02,2760.31
2013-05-03,2747.25
2013-05-06,2775.49
2013-05-07,2803.52
2013-05-08,2814.69
2013-05-09,2799.89
2013-05-10,2817.15
2013-05-11,2823.39
2013-05-13,2780.7
2013-05-14,2792.38
2013-05-15,2840.91
2013-05-16,2852.6
2013-05-17,2860.82
2013-05-20,2849.0
2013-05-21,2833.64
2013-05-22,2809.51
2013-05-23,2755.97
2013-05-24,2760.8
2013-05-27,2791.95
2013-05-28,2812.1
2013-05-29,2802.51
2013-05-30,2798.61
2013-05-31,2770.63
2013-06-03,2773.98
2013-06-04,2776.83
2013-06-05,2779.79
2013-06-06,2778.8
2013-06-07,2766.52
2013-06-10,2738.18
2013-06-11,2692.92
2013-06-12,2682.03
2013-06-13,2644.95
2013-06-14,2680.55
2013-06-17,2689.14
2013-06-18,2695.51
2013-06-19,2708.45
2013-06-20,2656.22
2013-06-21,2619.11
2013-06-24,2549.94
2013-06-25,2537.57
2013-06-26,2529.15
2013-06-27,2541.82
2013-06-28,2603.35
2013-07-01,2647.34
2013-07-02,2638.02
2013-07-03,2594.14
2013-07-04,2615.81
2013-07-05,2622.73
2013-07-08,2615.82
2013-07-09,2635.7
2013-07-10,2625.36
2013-07-11,2646.33
2013-07-12,2648.21
2013-07-15,2676.85
2013-07-16,2639.37
2013-07-17,2622.04
2013-07-18,2641.31
2013-07-19,2627.63
2013-07-22,2635.54
2013-07-23,2640.61
2013-07-24,2599.18
2013-07-25,2570.56
2013-07-26,2552.39
2013-07-29,2525.15
2013-07-30,2477.01
2013-07-31,2466.33
2013-08-01,2432.8
2013-08-02,2423.92
2013-08-05,2429.5
2013-08-06,2365.28
2013-08-07,2375.4
2013-08-08,2407.51
2013-08-12,2446.29
2013-08-13,2482.59
2013-08-14,2499.59
2013-08-16,2439.3
2013-08-19,2397.68
2013-08-20,2378.38
2013-08-21,2350.43
2013-08-22,2366.52
2013-08-23,2398.79
2013-08-26,2417.2
2013-08-27,2359.72
2013-08-28,2334.54
2013-08-29,2366.43
2013-08-30,2373.47
2013-09-02,2402.97
2013-09-03,2354.68
2013-09-04,2378.98
2013-09-05,2417.15
2013-09-06,2435.31
2013-09-10,2473.03
2013-09-11,2504.96
2013-09-12,2499.54
2013-09-13,2508.04
2013-09-16,2500.28
2013-09-17,2491.26
2013-09-18,2505.41
2013-09-19,2562.06
2013-09-20,2538.27
2013-09-23,2511.71
2013-09-24,2519.55
2013-09-25,2527.9
2013-09-26,2530.88
2013-09-27,2528.12
2013-09-30,2520.77
2013-10-01,2533.09
2013-10-03,2568.08
2013-10-04,2573.72
2013-10-07,2586.25
2013-10-08,2587.27
2013-10-09,2611.58
2013-10-10,2623.18
2013-10-11,2628.12
2013-10-14,2644.38
2013-10-15,2614.53
2013-10-17,2612.5
2013-10-18,2643.77
2013-10-21,2668.84
2013-10-22,2686.4
2013-10-23,2680.0
2013-10-24,2682.33
2013-10-25,2668.02
2013-10-28,2644.68
2013-10-29,2683.51
2013-10-30,2691.03
2013-10-31,2730.81
2013-11-01,2767.72
2013-11-03,2790.68
2013-11-05,2816.92
2013-11-06,2806.64
2013-11-07,2779.19
2013-11-08,2775.87
2013-11-11,2754.16
2013-11-12,2730.02
2013-11-13,2715.55
2013-11-14,2741.32
2013-11-18,2771.87
2013-11-19,2779.99
2013-11-20,2770.46
2013-11-21,2736.99
2013-11-22,2737.84
2013-11-25,2768.36
2013-11-26,2754.8
2013-11-27,2761.33
2013-11-28,2787.08
2013-11-29,2811.66
2013-12-02,2833.46
2013-12-03,2842.27
2013-12-04,2819.2
2013-12-05,2827.81
2013-12-06,2844.76
2013-12-09,2864.22
2013-12-10,2854.26
2013-12-11,2849.38
2013-12-12,2840.95
2013-12-13,2804.51
2013-12-16,2809.94
2013-12-17,2806.01
2013-12-18,2844.18
2013-12-19,2815.18
2013-12-20,2862.59
2013-12-23,2892.18
2013-12-24,2910.74
2013-12-26,2919.74
2013-12-27,2933.66
2013-12-30,2929.47
2013-12-31,2951.72
2014-01-01,2967.85
2014-01-02,2910.68
2014-01-03,2923.46
2014-01-06,2936.45
2014-01-07,2922.88
2014-01-08,2933.4
2014-01-09,2915.54
2014-01-10,2890.38
2014-01-13,2891.52
2014-01-14,2878.62
2014-01-15,2891.46
2014-01-16,2889.05
2014-01-17,2855.28
2014-01-20,2884.43
2014-01-21,2889.19
2014-01-22,2899.36
2014-01-23,2886.73
2014-01-24,2841.57
2014-01-27,2762.77
2014-01-28,2758.48
2014-01-29,2760.05
2014-01-30,2735.83
2014-01-31,2786.9
2014-02-03,2761.05
2014-02-04,2769.93
2014-02-05,2781.95
2014-02-06,2782.5
2014-02-07,2803.58
2014-02-10,2801.86
2014-02-11,2809.55
2014-02-12,2814.2
2014-02-13,2787.48
2014-02-14,2787.69
2014-02-17,2782.41
2014-02-18,2799.31
2014-02-19,2810.16
2014-02-20,2806.75
2014-02-21,2827.79
2014-02-24,2838.83
2014-02-25,2846.18
2014-02-26,2850.9
2014-02-28,2867.07
2014-03-03,2854.78
2014-03-04,2887.08
2014-03-05,2914.69
2014-03-06,2952.88
2014-03-07,2950.78
2014-03-10,2963.47
2014-03-11,2957.93
2014-03-12,2957.55
2014-03-13,2939.46
2014-03-14,2932.47
2014-03-18,2960.1
2014-03-19,2965.87
2014-03-20,2951.05
2014-03-21,2977.55
2014-03-22,2987.73
2014-03-24,2997.48
2014-03-25,3017.17
2014-03-26,3035.88
2014-03-27,3052.71
2014-03-28,3104.67
2014-03-31,3140.17
2014-04-01,3134.34
2014-04-02,3185.58
2014-04-03,3170.42
2014-04-04,3180.15
2014-04-07,3162.09
2014-04-09,3218.81
2014-04-10,3243.48
2014-04-11,3251.64
2014-04-15,3236.93
2014-04-16,3203.09
2014-04-17,3256.07
2014-04-21,3280.42
2014-04-22,3274.81
2014-04-23,3277.87
2014-04-25,3265.27
2014-04-28,3299.43
2014-04-29,3283.76
2014-04-30,3245.69
2014-05-02,3259.04
2014-05-05,3254.5
2014-05-06,3264.18
2014-05-07,3259.72
2014-05-08,3250.64
2014-05-09,3305.07
2014-05-12,3331.3
2014-05-13,3382.55
2014-05-14,3426.7
2014-05-15,3397.14
2014-05-16,3459.77
2014-05-19,3614.91
2014-05-20,3668.36
2014-05-21,3713.88
2014-05-22,3791.76
2014-05-23,3857.95
2014-05-26,3777.76
2014-05-27,3752.51
2014-05-28,3765.73
2014-05-29,3755.2
2014-05-30,3778.07
2014-06-02,3863.12
2014-06-03,3882.54
2014-06-04,3954.57
2014-06-05,4003.75
2014-06-06,4074.96
2014-06-09,4126.78
2014-06-10,4117.08
2014-06-11,4073.34
2014-06-12,4091.48
2014-06-13,3989.01
2014-06-16,3999.53
2014-06-17,4059.53
2014-06-18,4029.97
2014-06-19,4007.54
2014-06-20,3986.58
2014-06-23,4017.28
2014-06-24,4083.46
2014-06-25,4110.29
2014-06-26,4095.32
2014-06-27,4114.47
2014-06-30,4193.07
2014-07-01,4213.75
2014-07-02,4248.85
2014-07-03,4249.79
2014-07-04,4275.66
2014-07-07,4286.76
2014-07-08,4120.7
2014-07-09,4055.64
2014-07-10,4077.52
2014-07-11,3963.6
2014-07-14,3961.72
2014-07-15,4047.07
2014-07-16,4101.17
2014-07-17,4157.65
2014-07-18,4135.93
2014-07-21,4147.67
2014-07-22,4147.62
2014-07-23,4154.53
2014-07-24,4149.06
2014-07-25,4096.08
2014-07-28,4078.41
2014-07-30,4098.1
2014-07-31,4106.34
2014-08-01,4076.38
2014-08-04,4116.22
2014-08-05,4148.72
2014-08-06,4117.13
2014-08-07,4092.96
2014-08-08,4008.57
2014-08-11,4035.39
2014-08-12,4065.07
2014-08-13,4011.05
2014-08-14,4052.39
2014-08-18,4123.96
2014-08-19,4165.93
2014-08-20,4172.0
2014-08-21,4193.84
2014-08-22,4202.04
2014-08-25,4172.17
2014-08-26,4170.91
2014-08-27,4199.8
2014-08-28,4187.79
2014-09-01,4263.79
2014-09-02,4293.48
2014-09-03,4339.91
2014-09-04,4346.61
2014-09-05,4366.45
2014-09-08,4424.99
2014-09-09,4446.66
2014-09-10,4450.14
2014-09-11,4501.93
2014-09-12,4512.65
2014-09-15,4531.72
2014-09-16,4370.37
2014-09-17,4389.96
2014-09-18,4465.24
2014-09-19,4469.84
2014-09-22,4465.41
2014-09-23,4391.01
2014-09-24,4344.49
2014-09-25,4255.63
2014-09-26,4294.03
2014-09-29,4329.79
2014-09-30,4338.63
2014-10-01,4332.85
2014-10-07,4291.72
2014-10-08,4285.33
2014-10-09,4362.68
2014-10-10,4297.26
2014-10-13,4320.36
2014-10-14,4312.33
2014-10-16,4206.08
2014-10-17,4217.86
2014-10-20,4264.46
2014-10-21,4299.09
2014-10-22,4344.72
2014-10-23,4388.66
2014-10-27,4358.16
2014-10-28,4369.88
2014-10-29,4391.61
2014-10-30,4419.25
2014-10-31,4475.32
2014-11-03,4513.5
2014-11-05,4534.14
2014-11-07,4545.63
2014-11-10,4555.13
2014-11-11,4586.23
2014-11-12,4615.64
2014-11-13,4588.82
2014-11-14,4620.82
2014-11-17,4659.86
2014-11-18,4674.06
2014-11-19,4636.16
2014-11-20,4629.32
2014-11-21,4629.82
2014-11-24,4641.8
2014-11-25,4581.28
2014-11-26,4609.07
2014-11-27,4645.37
2014-11-28,4708.07
2014-12-01,4712.2
2014-12-02,4757.51
2014-12-03,4834.43
2014-12-04,4852.51
2014-12-05,4833.6
2014-12-08,4782.22
2014-12-09,4703.61
2014-12-10,4745.25
2014-12-11,4710.53
2014-12-12,4661.21
2014-12-15,4630.92
2014-12-16,4508.3
2014-12-17,4487.16
2014-12-18,4607.75
2014-12-19,4625.33
2014-12-22,4673.32
2014-12-23,4659.91
2014-12-24,4659.35
2014-12-26,4679.9
2014-12-29,4730.1
2014-12-30,4753.46
2014-12-31,4801.44
2015-01-01,4820.26
2015-01-02,4861.18
2015-01-05,4864.11
2015-01-06,4736.67
2015-01-07,4753.16
2015-01-08,4839.66
2015-01-09,4845.32
2015-01-12,4870.27
2015-01-13,4872.94
2015-01-14,4866.13
2015-01-15,4919.06
2015-01-16,4943.4
2015-01-19,4957.59
2015-01-20,4973.34
2015-01-21,4975.14
2015-01-22,4978.46
2015-01-23,4986.02
2015-01-27,5034.26
2015-01-28,5060.57
2015-01-29,5036.87
2015-01-30,5013.67
2015-02-02,5040.46
2015-02-03,5029.69
2015-02-04,5014.15
2015-02-05,4949.66
2015-02-06,4906.4
2015-02-09,4838.95
2015-02-10,4866.57
2015-02-11,4954.02
2015-02-12,5014.0
2015-02-13,5061.52
2015-02-16,5050.56
2015-02-18,5103.16
2015-02-19,5106.88
2015-02-20,5111.33
2015-02-23,5070.34
2015-02-24,5061.96
2015-02-25,5044.49
2015-02-26,4995.85
2015-02-27,5091.88
2015-02-28,5088.8
2015-03-02,5155.17
2015-03-03,5214.68
2015-03-04,5157.54
2015-03-05,5201.74
2015-03-09,5132.79
2015-03-10,5114.43
2015-03-11,5092.9
2015-03-12,5159.01
2015-03-13,5085.07
2015-03-16,5066.65
2015-03-17,5111.67
2015-03-18,5119.6
2015-03-19,5093.92
2015-03-20,5028.33
2015-03-23,4994.9
2015-03-24,4976.3
2015-03-25,4959.49
2015-03-26,4923.59
2015-03-27,4927.11
2015-03-30,5004.28
2015-03-31,5015.68
2015-04-01,5076.14
2015-04-06,5117.63
2015-04-07,5146.18
2015-04-08,5173.94
2015-04-09,5192.67
2015-04-10,5221.16
2015-04-13,5232.14
2015-04-15,5197.41
2015-04-16,5160.39
2015-04-17,5081.89
2015-04-20,4970.64
2015-04-21,4958.37
2015-04-22,4959.89
2015-04-23,4950.7
2015-04-24,4844.33
2015-04-27,4724.68
2015-04-28,4792.78
2015-04-29,4840.44
2015-04-30,4842.27
2015-05-04,4928.33
2015-05-05,4922.07
2015-05-06,4773.99
2015-05-07,4706.47
2015-05-08,4790.91
2015-05-11,4855.11
2015-05-12,4775.0
2015-05-13,4818.58
2015-05-14,4878.48
2015-05-15,4906.68
2015-05-18,4944.44
2015-05-19,4953.22
2015-05-20,4968.26
2015-05-21,4974.71
2015-05-22,4982.92
2015-05-25,4980.62
2015-05-26,4983.05
2015-05-27,4997.16
2015-05-28,4984.58
2015-05-29,5038.53
2015-06-01,5048.19
2015-06-02,4929.55
2015-06-03,4857.86
2015-06-04,4867.07
2015-06-05,4863.03
2015-06-08,4785.8
2015-06-09,4778.52
2015-06-10,4825.05
2015-06-11,4754.58
2015-06-12,4747.06
2015-06-15,4750.48
2015-06-16,4768.17
2015-06-17,4835.62
2015-06-18,4892.12
2015-06-19,4906.63
2015-06-22,4982.85
2015-06-23,5007.14
2015-06-24,4969.39
2015-06-25,4999.97
2015-06-26,5001.62
2015-06-29,4927.7
2015-06-30,4976.94
2015-07-01,5047.96
2015-07-02,5084.16
2015-07-03,5077.26
2015-07-06,5123.31
2015-07-07,5159.36
2015-07-08,5081.45
2015-07-09,5057.75
2015-07-10,5066.49
2015-07-13,5118.96
2015-07-14,5139.13
2015-07-15,5153.33
2015-07-16,5208.66
2015-07-17,5232.55
2015-07-20,5252.37
2015-07-21,5175.79
2015-07-22,5227.69
2015-07-23,5238.12
2015-07-24,5209.68
2015-07-27,5161.37
2015-07-28,5140.93
2015-07-29,5171.77
2015-07-30,5209.26
2015-07-31,5270.16
2015-08-03,5316.37
2015-08-04,5366.86
2015-08-05,5409.98
2015-08-06,5417.44
2015-08-07,5412.45
2015-08-10,5401.82
2015-08-11,5355.44
2015-08-12,5243.08
2015-08-13,5228.59
2015-08-14,5322.41
2015-08-17,5343.69
2015-08-18,5375.62
2015-08-19,5380.81
2015-08-20,5278.73
2015-08-21,5242.0
2015-08-24,4794.45
2015-08-25,4881.11
2015-08-26,4878.35
2015-08-27,4991.05
2015-08-28,4999.15
2015-08-31,4984.49
2015-09-01,4896.63
2015-09-02,4895.52
2015-09-03,4945.48
2015-09-04,4849.02
2015-09-07,4771.71
2015-09-08,4796.35
2015-09-09,4881.36
2015-09-10,4859.38
2015-09-11,4879.36
2015-09-14,4933.3
2015-09-15,4900.89
2015-09-16,4869.13
2015-09-18,4912.26
2015-09-21,4959.16
2015-09-22,4909.94
2015-09-23,4949.12
2015-09-24,4975.32
2015-09-28,4967.68
2015-09-29,4956.28
2015-09-30,5016.34
2015-10-01,5018.16
2015-10-05,5094.87
2015-10-06,5127.21
2015-10-07,5145.9
2015-10-08,5124.09
2015-10-09,5129.24
2015-10-12,5134.94
2015-10-13,5137.7
2015-10-14,5150.4
2015-10-15,5177.0
2015-10-16,5181.84
2015-10-19,5214.51
2015-10-20,5235.94
2015-10-21,5215.45
2015-10-23,5208.57
2015-10-26,5189.75
2015-10-27,5196.5
2015-10-28,5176.89
2015-10-29,5167.63
2015-10-30,5143.74
2015-11-02,5129.11
2015-11-03,5132.33
2015-11-04,5123.6
2015-11-05,5051.3
2015-11-06,5023.2
2015-11-09,5057.04
2015-11-10,5008.66
2015-11-11,5064.08
2015-11-13,5024.99
2015-11-16,5048.62
2015-11-17,5076.15
2015-11-18,5045.4
2015-11-19,5106.57
2015-11-20,5139.29
2015-11-23,5149.09
2015-11-24,5151.72
2015-11-26,5173.17
2015-11-27,5208.45
2015-11-30,5226.93
2015-12-01,5243.85
2015-12-02,5241.09
2015-12-03,5213.16
2015-12-04,5181.52
2015-12-07,5181.32
2015-12-08,5118.02
2015-12-09,5035.62
2015-12-10,5073.09
2015-12-11,5025.29
2015-12-14,5028.13
2015-12-15,5060.06
2015-12-16,5068.45
2015-12-17,5152.47
2015-12-18,5141.62
2015-12-21,5172.34
2015-12-22,5154.52
2015-12-23,5175.38
2015-12-24,5203.23
2015-12-28,5228.39
2015-12-29,5233.55
2015-12-30,5240.03
2015-12-31,5267.4
2016-01-01,5320.72
2016-01-04,5268.21
2016-01-05,5301.58
2016-01-06,5285.74
2016-01-07,5152.71
2016-01-08,5211.34
2016-01-11,5182.42
2016-01-12,5130.87
2016-01-13,5079.46
2016-01-14,5009.89
2016-01-15,4864.6
2016-01-18,4710.16
2016-01-19,4783.48
2016-01-20,4689.51
2016-01-21,4704.67
2016-01-22,4801.18
2016-01-25,4827.15
2016-01-27,4847.64
2016-01-28,4836.96
2016-01-29,4894.99
2016-02-01,4901.09
2016-02-02,4850.41
2016-02-03,4749.94
2016-02-04,4727.43
2016-02-05,4802.33
2016-02-08,4796.98
2016-02-09,4732.1
2016-02-10,4677.64
2016-02-11,4487.22
2016-02-12,4446.72
2016-02-15,4598.28
2016-02-16,4495.56
2016-02-17,4517.65
2016-02-18,4543.6
2016-02-19,4548.2
2016-02-22,4563.26
2016-02-23,4515.45
2016-02-24,4480.76
2016-02-25,4425.1
2016-02-26,4418.19
2016-02-29,4420.67
2016-03-01,4542.87
2016-03-02,4632.96
2016-03-03,4688.66
2016-03-04,4723.37
2016-03-08,4727.94
2016-03-09,4740.77
2016-03-10,4731.42
2016-03-11,4728.64
2016-03-14,4751.3
2016-03-15,4718.99
2016-03-16,4706.41
2016-03-17,4734.17
2016-03-18,4778.86
2016-03-21,4847.88
2016-03-22,4863.39
2016-03-23,4870.34
2016-03-28,4801.8
2016-03-29,4802.66
2016-03-30,4885.64
2016-03-31,4931.69
2016-04-01,4956.96
2016-04-04,4971.86
2016-04-05,4894.19
2016-04-06,4917.56
2016-04-07,4891.21
2016-04-08,4920.91
2016-04-11,4963.63
2016-04-12,5012.5
2016-04-13,5074.72
2016-04-18,5131.22
2016-04-20,5159.92
2016-04-21,5126.89
2016-04-22,5126.05
2016-04-25,5114.71
2016-04-26,5157.47
2016-04-27,5164.33
2016-04-28,5101.14
2016-04-29,5103.86
2016-05-02,5124.17
2016-05-03,5099.56
2016-05-04,5053.52
2016-05-05,5037.63
2016-05-06,5043.81
2016-05-09,5109.75
2016-05-10,5113.27
2016-05-11,5100.52
2016-05-12,5136.07
2016-05-13,5133.08
2016-05-16,5136.33
2016-05-17,5150.06
2016-05-18,5160.96
2016-05-19,5092.76
2016-05-20,5068.02
2016-05-23,5050.18
2016-05-24,5037.52
2016-05-25,5089.95
2016-05-26,5140.96
2016-05-27,5183.38
2016-05-30,5214.96
2016-05-31,5208.37
2016-06-01,5194.32
2016-06-02,5223.53
2016-06-03,5195.39
2016-06-06,5211.02
2016-06-07,5252.89
2016-06-08,5285.14
2016-06-09,5274.66
2016-06-10,5262.42
2016-06-13,5227.44
2016-06-14,5261.24
2016-06-15,5291.11
2016-06-16,5262.35
2016-06-17,5278.45
2016-06-20,5303.47
2016-06-21,5318.12
2016-06-22,5296.74
2016-06-23,5300.49
2016-06-24,5235.37
2016-06-27,5285.42
2016-06-28,5321.72
2016-06-29,5382.4
2016-06-30,5437.41
2016-07-01,5484.49
2016-07-04,5530.7
2016-07-05,5525.92
2016-07-07,5516.79
2016-07-08,5504.55
2016-07-11,5566.4
2016-07-12,5580.12
2016-07-13,5540.34
2016-07-14,5569.42
2016-07-15,5529.33
2016-07-18,5498.92
2016-07-19,5508.62
2016-07-20,5572.09
2016-07-21,5553.7
2016-07-22,5609.71
2016-07-25,5667.12
2016-07-26,5629.03
2016-07-27,5663.81
2016-07-28,5695.57
2016-07-29,5733.85
2016-08-01,5759.14
2016-08-02,5726.74
2016-08-03,5657.63
2016-08-04,5690.98
2016-08-05,5781.2
2016-08-08,5812.16
2016-08-09,5793.44
2016-08-10,5730.76
2016-08-11,5736.05
2016-08-12,5755.32
2016-08-16,5781.5
2016-08-17,5811.07
2016-08-18,5863.82
2016-08-19,5903.7
2016-08-22,5866.1
2016-08-23,5860.88
2016-08-24,5888.02
2016-08-25,5875.47
2016-08-26,5882.22
2016-08-29,5908.51
2016-08-30,5978.06
2016-08-31,5991.26
2016-09-01,5963.34
2016-09-02,5994.48
2016-09-06,6072.75
2016-09-07,6082.53
2016-09-08,6124.41
2016-09-09,6087.34
2016-09-12,5925.98
2016-09-14,5997.5
2016-09-15,6006.22
2016-09-16,6005.34
2016-09-19,6033.58
2016-09-20,6006.28
2016-09-21,6009.92
2016-09-22,6079.66
2016-09-23,6095.39
2016-09-26,6057.72
2016-09-27,6066.72
2016-09-28,6131.27
2016-09-29,5928.87
2016-09-30,6037.31
2016-10-03,6183.04
2016-10-04,6230.44
2016-10-05,6271.56
2016-10-06,6244.34
2016-10-07,6235.9
2016-10-10,6238.81
2016-10-13,6164.01
2016-10-14,6211.0
2016-10-17,6145.46
2016-10-18,6229.79
2016-10-19,6236.79
2016-10-20,6256.31
2016-10-21,6276.66
2016-10-24,6281.17
2016-10-25,6277.5
2016-10-26,6232.37
2016-10-27,6176.55
2016-10-28,6248.77
2016-10-30,6290.91
2016-11-01,6282.3
2016-11-02,6168.78
2016-11-03,6098.91
2016-11-04,5995.44
2016-11-07,6040.19
2016-11-08,6068.26
2016-11-09,5928.03
2016-11-10,6032.07
2016-11-11,5822.1
2016-11-15,5593.32
2016-11-16,5604.4
2016-11-17,5581.85
2016-11-18,5593.8
2016-11-21,5444.23
2016-11-22,5528.59
2016-11-23,5584.13
2016-11-24,5549.19
2016-11-25,5640.08
2016-11-28,5672.37
2016-11-29,5717.15
2016-11-30,5787.45
2016-12-01,5734.4
2016-12-02,5651.04
2016-12-05,5676.67
2016-12-06,5701.33
2016-12-07,5681.44
2016-12-08,5759.37
2016-12-09,5781.89
2016-12-12,5719.27
2016-12-13,5698.35
2016-12-14,5662.84
2016-12-15,5670.63
2016-12-16,5659.25
2016-12-19,5633.69
2016-12-20,5567.62
2016-12-21,5566.15
2016-12-22,5501.09
2016-12-23,5497.4
2016-12-26,5373.5
2016-12-27,5455.42
2016-12-28,5498.99
2016-12-29,5579.9
2016-12-30,5611.6
2017-01-02,5661.39
2017-01-03,5697.85
2017-01-04,5709.66
2017-01-05,5764.58
2017-01-06,5749.6
2017-01-09,5768.93
2017-01-10,5789.36
2017-01-11,5864.73
2017-01-12,5868.17
2017-01-13,5860.65
2017-01-16,5878.99
2017-01-17,5899.86
2017-01-18,5935.17
2017-01-19,5964.28
2017-01-20,5878.49
2017-01-23,5904.87
2017-01-24,5973.49
2017-01-25,6043.24
2017-01-27,6083.63
2017-01-30,6065.25
2017-01-31,6001.98
2017-02-01,6112.41
2017-02-02,6165.52
2017-02-03,6231.49
2017-02-06,6275.79
2017-02-07,6260.94
2017-02-08,6283.32
2017-02-09,6296.49
2017-02-10,6305.09
2017-02-13,6266.45
2017-02-14,6261.38
2017-02-15,6182.46
2017-02-16,6266.75
2017-02-17,6285.99
2017-02-20,6342.02
2017-02-21,6374.6
2017-02-22,6344.06
2017-02-23,6370.02
2017-02-27,6385.36
2017-02-28,6415.04
2017-03-01,6432.83
2017-03-02,6342.01
2017-03-03,6368.59
2017-03-06,6388.15
2017-03-07,6387.39
2017-03-08,6355.13
2017-03-09,6351.72
2017-03-10,6347.86
2017-03-14,6436.96
2017-03-15,6490.11
2017-03-16,6576.17
2017-03-17,6591.47
2017-03-20,6612.12
2017-03-21,6612.67
2017-03-22,6538.94
2017-03-23,6589.6
2017-03-24,6613.96
2017-03-27,6618.81
2017-03-28,6647.69
2017-03-29,6677.27
2017-03-30,6715.61
2017-03-31,6766.76
2017-04-03,6824.42
2017-04-05,6875.49
2017-04-06,6861.26
2017-04-07,6831.06
2017-04-10,6862.01
2017-04-11,6922.85
2017-04-12,6876.36
2017-04-13,6857.65
2017-04-17,6877.48
2017-04-18,6858.48
2017-04-19,6900.32
2017-04-20,6962.61
2017-04-21,6952.78
2017-04-24,7004.81
2017-04-25,7057.06
2017-04-26,7036.56
2017-04-27,7045.98
2017-04-28,7096.43
2017-05-02,7121.5
2017-05-03,7101.05
2017-05-04,7133.78
2017-05-05,7087.53
2017-05-08,7124.88
2017-05-09,7142.61
2017-05-10,7182.25
2017-05-11,7189.17
2017-05-12,7129.09
2017-05-15,7204.06
2017-05-16,7230.79
2017-05-17,7207.19
2017-05-18,7049.16
2017-05-19,6996.37
2017-05-22,6923.91
2017-05-23,6809.98
2017-05-24,6739.58
2017-05-25,6843.59
2017-05-26,6933.78
2017-05-29,6826.76
2017-05-30,6875.6
2017-05-31,6952.57
2017-06-01,7019.09
2017-06-02,7065.56
2017-06-05,7101.55
2017-06-06,7077.2
2017-06-07,7133.23
2017-06-08,7147.83
2017-06-09,7173.16
2017-06-12,7121.7
2017-06-13,7130.71
2017-06-14,7173.11
2017-06-15,7180.82
2017-06-16,7178.8
2017-06-19,7165.14
2017-06-20,7172.41
2017-06-21,7177.58
2017-06-22,7142.04
2017-06-23,7053.43
2017-06-27,6965.66
2017-06-28,6978.55
2017-06-29,7023.53
2017-06-30,7089.78
2017-07-03,7151.5
2017-07-04,7135.52
2017-07-05,7206.42
2017-07-06,7221.43
2017-07-07,7226.13
2017-07-10,7254.7
2017-07-11,7200.62
2017-07-12,7252.86
2017-07-13,7288.07
2017-07-14,7287.85
2017-07-17,7285.28
2017-07-18,7244.21
2017-07-19,7300.91
2017-07-20,7292.98
2017-07-21,7288.57
2017-07-24,7296.59
2017-07-25,7331.03
2017-07-26,7345.39
2017-07-27,7343.05
2017-07-28,7375.02
2017-07-31,7397.37
2017-08-01,7397.71
2017-08-02,7402.44
2017-08-03,7320.89
2017-08-04,7343.4
2017-08-07,7430.79
2017-08-08,7371.71
2017-08-09,7254.92
2017-08-10,7040.38
2017-08-11,7008.21
2017-08-14,7179.94
2017-08-16,7276.43
2017-08-17,7278.63
2017-08-18,7254.51
2017-08-21,7182.28
2017-08-22,7140.04
2017-08-23,7218.56
2017-08-24,7252.01
2017-08-28,7330.08
2017-08-29,7266.57
2017-08-30,7356.65
2017-08-31,7405.94
2017-09-01,7469.88
2017-09-04,7421.74
2017-09-05,7493.07
2017-09-06,7504.69
2017-09-07,7534.92
2017-09-08,7529.68
2017-09-11,7583.5
2017-09-12,7664.33
2017-09-13,7616.61
2017-09-14,7665.74
2017-09-15,7699.32
2017-09-18,7760.13
2017-09-19,7770.98
2017-09-20,7738.34
2017-09-21,7714.16
2017-09-22,7514.2
2017-09-25,7398.45
2017-09-26,7455.04
2017-09-27,7320.18
2017-09-28,7376.0
2017-09-29,7436.17
2017-10-03,7485.69
2017-10-04,7515.01
2017-10-05,7555.57
2017-10-06,7628.53
2017-10-09,7630.05
2017-10-10,7692.52
2017-10-11,7622.82
2017-10-12,7705.95
2017-10-13,7712.98
2017-10-16,7758.24
2017-10-17,7788.0
2017-10-18,7775.14
2017-10-19,7748.18
2017-10-23,7785.33
2017-10-24,7816.22
2017-10-25,7848.82
2017-10-26,7884.03
2017-10-27,7883.76
2017-10-30,7988.17
2017-10-31,8008.15
2017-11-01,8046.34
2017-11-02,8083.53
2017-11-03,8087.7
2017-11-06,8098.13
2017-11-07,7995.17
2017-11-08,7938.66
2017-11-09,8032.5
2017-11-10,8053.14
2017-11-13,8035.55
2017-11-14,8013.15
2017-11-15,7926.89
2017-11-16,8021.29
2017-11-17,8090.57
2017-11-20,8143.84
2017-11-21,8159.26
2017-11-22,8164.78
2017-11-23,8190.31
2017-11-24,8239.73
2017-11-27,8284.59
2017-11-28,8288.39
2017-11-29,8266.74
2017-11-30,8249.3
2017-12-01,8178.56
2017-12-04,8178.58
2017-12-05,8198.02
2017-12-06,8134.99
2017-12-07,8228.81
2017-12-08,8299.34
2017-12-11,8330.09
2017-12-12,8270.85
2017-12-13,8207.41
2017-12-14,8199.07
2017-12-15,8301.86
2017-12-18,8358.87
2017-12-19,8462.5
2017-12-20,8508.08
2017-12-21,8590.3
2017-12-22,8609.59
2017-12-26,8644.98
2017-12-27,8652.68
2017-12-28,8666.78
2017-12-29,8739.16
2018-01-01,8725.96
2018-01-02,8651.29
2018-01-03,8698.85
2018-01-04,8758.32
2018-01-05,8847.42
2018-01-08,8924.35
2018-01-09,8911.73
2018-01-10,8877.22
2018-01-11,8911.54
2018-01-12,8896.53
2018-01-15,8899.65
2018-01-16,8747.81
2018-01-17,8810.18
2018-01-18,8663.54
2018-01-19,8755.12
2018-01-22,8809.93
2018-01-23,8870.79
2018-01-24,8807.89
2018-01-25,8735.56
2018-01-29,8669.22
2018-01-30,8596.4
2018-01-31,8488.5
2018-02-01,8455.23
2018-02-02,8101.7
2018-02-05,8057.29
2018-02-06,7911.32
2018-02-07,7955.06
2018-02-08,8100.87
2018-02-09,8106.62
2018-02-12,8225.69
2018-02-14,8245.87
2018-02-15,8187.55
2018-02-16,8120.21
2018-02-19,8040.87
2018-02-20,8025.15
2018-02-21,8033.99
2018-02-22,7992.72
2018-02-23,8122.62
2018-02-26,8183.6
2018-02-27,8149.72
2018-02-28,8153.57
2018-03-01,8114.94
2018-03-05,8045.56
2018-03-06,7969.68
2018-03-07,7849.87
2018-03-08,7908.25
2018-03-09,7891.08
2018-03-12,7957.12
2018-03-13,8026.23
2018-03-14,8038.55
2018-03-15,8067.36
2018-03-16,7979.32
2018-03-19,7853.13
2018-03-20,7875.39
2018-03-21,7897.88
2018-03-22,7842.42
2018-03-23,7735.92
2018-03-26,7835.33
2018-03-27,7927.73
2018-03-28,7894.37
2018-04-02,8017.18
2018-04-03,8080.17
2018-04-04,8002.93
2018-04-05,8142.24
2018-04-06,8176.06
2018-04-09,8199.21
2018-04-10,8212.97
2018-04-11,8220.69
2018-04-12,8196.19
2018-04-13,8233.19
2018-04-16,8283.09
2018-04-17,8304.73
2018-04-18,8292.38
2018-04-19,8340.54
2018-04-20,8316.32
2018-04-23,8352.48
2018-04-24,8349.0
2018-04-25,8321.67
2018-04-26,8351.99
2018-04-27,8405.01
2018-04-30,8475.78
2018-05-02,8371.13
2018-05-03,8294.46
2018-05-04,8267.34
2018-05-07,8325.87
2018-05-08,8324.36
2018-05-09,8278.94
2018-05-10,8168.57
2018-05-11,8197.87
2018-05-14,8118.77
2018-05-15,8054.78
2018-05-16,8044.39
2018-05-17,8072.18
2018-05-18,7973.25
2018-05-21,7840.45
2018-05-22,7865.54
2018-05-23,7826.54
2018-05-24,7797.94
2018-05-25,7921.27
2018-05-28,8017.81
2018-05-29,8002.55
2018-05-30,8003.15
2018-05-31,7992.22
2018-06-01,7895.9
2018-06-04,7811.12
2018-06-05,7712.03
2018-06-06,7810.76
2018-06-07,7917.55
2018-06-08,7959.73
2018-06-11,7969.39
2018-06-12,8028.72
2018-06-13,8002.41
2018-06-14,8010.76
2018-06-15,7973.03
2018-06-18,7945.27
2018-06-19,7855.89
2018-06-20,7886.75
2018-06-21,7848.02
2018-06-22,7871.11
2018-06-25,7822.36
2018-06-26,7804.21
2018-06-27,7691.63
2018-06-28,7561.77
2018-06-29,7688.89
2018-07-02,7654.42
2018-07-03,7703.99
2018-07-04,7725.76
2018-07-05,7677.97
2018-07-06,7712.34
2018-07-09,7826.01
2018-07-10,7882.04
2018-07-11,7854.19
2018-07-12,7827.85
2018-07-13,7753.01
2018-07-16,7576.89
2018-07-17,7724.46
2018-07-18,7653.19
2018-07-19,7601.54
2018-07-20,7668.74
2018-07-23,7746.25
2018-07-24,7855.89
2018-07-25,7855.52
2018-07-26,7890.92
2018-07-27,7960.27
2018-07-30,7974.84
2018-07-31,8006.16
2018-08-01,8025.46
2018-08-02,8024.82
2018-08-03,8103.59
2018-08-06,8131.5
2018-08-07,8117.95
2018-08-08,8123.93
2018-08-09,8154.58
2018-08-10,8120.63
2018-08-13,8076.13
2018-08-14,8170.54
2018-08-16,8160.08
2018-08-17,8236.25
2018-08-20,8286.0
2018-08-21,8310.23
2018-08-23,8303.5
2018-08-24,8282.05
2018-08-27,8378.03
2018-08-28,8378.77
2018-08-29,8412.67
2018-08-30,8426.69
2018-08-31,8458.69
2018-09-03,8431.66
2018-09-04,8239.99
2018-09-05,8190.87
2018-09-06,8220.2
2018-09-07,8305.83
2018-09-10,8181.5
2018-09-11,8081.62
2018-09-12,8101.04
2018-09-14,8224.5
2018-09-17,8175.62
2018-09-18,8065.44
2018-09-19,7991.69
2018-09-21,7836.52
2018-09-24,7634.35
2018-09-25,7623.92
2018-09-26,7651.13
2018-09-27,7495.74
2018-09-28,7363.11
2018-10-01,7380.4
2018-10-03,7305.17
2018-10-04,7158.84
2018-10-05,6971.89
2018-10-08,6850.76
2018-10-09,6826.69
2018-10-10,7088.54
2018-10-11,6939.99
2018-10-12,7120.85
2018-10-15,7183.48
2018-10-16,7289.48
2018-10-17,7144.49
2018-10-19,7044.23
2018-10-22,6952.35
2018-10-23,6885.3
2018-10-24,6964.06
2018-10-25,6926.21
2018-10-26,6919.09
2018-10-29,7105.93
2018-10-30,7159.87
2018-10-31,7285.24
2018-11-01,7343.11
2018-11-02,7380.3
2018-11-05,7351.06
2018-11-06,7319.02
2018-11-07,7380.97
2018-11-09,7453.51
2018-11-12,7388.46
2018-11-13,7408.07
2018-11-14,7416.68
2018-11-15,7454.6
2018-11-16,7447.35
2018-11-19,7476.91
2018-11-20,7410.32
2018-11-21,7436.51
2018-11-22,7376.94
2018-11-26,7398.32
2018-11-27,7436.53
2018-11-28,7380.26
2018-11-29,7416.14
2018-11-30,7463.25
2018-12-03,7504.66
2018-12-04,7501.77
2018-12-05,7411.26
2018-12-06,7300.34
2018-12-07,7298.28
2018-12-10,7153.82
2018-12-11,7262.34
2018-12-12,7445.47
2018-12-13,7506.03
2018-12-14,7517.03
2018-12-17,7544.69
2018-12-18,7563.71
2018-12-19,7652.71
2018-12-20,7658.68
2018-12-21,7551.58
2018-12-24,7502.59
2018-12-26,7491.52
2018-12-27,7522.6
2018-12-28,7594.29
2018-12-31,7636.14
2019-01-01,7639.01
2019-01-02,7558.59
2019-01-03,7508.59
2019-01-04,7541.56
2019-01-07,7543.76
2019-01-08,7540.92
2019-01-09,7535.5
2019-01-10,7568.94
2019-01-11,7561.85
2019-01-14,7536.59
2019-01-15,7577.36
2019-01-16,7564.72
2019-01-17,7546.0
2019-01-18,7508.15
2019-01-21,7456.45
2019-01-22,7447.08
2019-01-23,7430.07
2019-01-24,7408.42
2019-01-25,7310.47
2019-01-28,7187.49
2019-01-29,7202.8
2019-01-30,7243.63
2019-01-31,7282.25
2019-02-01,7320.07
2019-02-04,7272.07
2019-02-05,7218.08
2019-02-06,7225.36
2019-02-07,7274.72
2019-02-08,7191.18
2019-02-11,7080.68
2019-02-12,7069.18
2019-02-13,7049.41
2019-02-14,7077.67
2019-02-15,7022.06
2019-02-18,6947.81
2019-02-19,6981.02
2019-02-20,7042.19
2019-02-21,7108.05
2019-02-22,7141.11
2019-02-25,7167.84
2019-02-26,7161.22
2019-02-27,7189.58
2019-02-28,7226.02
2019-03-01,7317.47
2019-03-05,7467.39
2019-03-06,7499.59
2019-03-07,7480.4
2019-03-08,7472.63
2019-03-11,7617.63
2019-03-12,7661.24
2019-03-13,7625.47
2019-03-14,7625.84
2019-03-15,7674.36
2019-03-18,7649.16
2019-03-19,7691.0
2019-03-20,7661.03
2019-03-22,7629.14
2019-03-25,7568.15
2019-03-26,7641.0
2019-03-27,7683.15
2019-03-28,7769.65
2019-03-29,7843.19
2019-04-01,7865.64
2019-04-02,7868.84
2019-04-03,7793.51
2019-04-04,7782.52
2019-04-05,7835.94
2019-04-08,7780.45
2019-04-09,7787.26
2019-04-10,7773.27
2019-04-11,7777.62
2019-04-12,7806.7
2019-04-15,7845.81
2019-04-16,7855.35
2019-04-18,7789.18
2019-04-22,7671.1
2019-04-23,7679.39
2019-04-24,7699.97
2019-04-25,7671.69
2019-04-26,7650.67
2019-04-30,7589.96
2019-05-02,7547.1
2019-05-03,7544.24
2019-05-06,7490.0
2019-05-07,7417.19
2019-05-08,7350.81
2019-05-09,7336.18
2019-05-10,7363.09
2019-05-13,7221.0
2019-05-14,7248.95
2019-05-15,7210.17
2019-05-16,7229.06
2019-05-17,7299.14
2019-05-20,7565.87
2019-05-21,7493.16
2019-05-22,7495.88
2019-05-23,7487.43
2019-05-24,7630.55
2019-05-27,7754.32
2019-05-28,7771.29
2019-05-29,7723.61
2019-05-30,7769.76
2019-05-31,7774.49
2019-06-03,7838.29
2019-06-04,7832.78
2019-06-06,7717.23
2019-06-07,7706.3
2019-06-10,7715.53
2019-06-11,7761.08
2019-06-12,7697.68
2019-06-13,7677.49
2019-06-14,7614.14
2019-06-17,7523.31
2019-06-18,7514.1
2019-06-19,7445.75
2019-06-20,7546.77
2019-06-21,7549.32
2019-06-24,7529.5
2019-06-25,7577.47
2019-06-26,7635.28
2019-06-27,7673.28
2019-06-28,7664.59
2019-07-01,7681.81
2019-07-02,7705.1
2019-07-03,7717.34
2019-07-04,7706.49
2019-07-05,7590.67
2019-07-08,7408.0
2019-07-09,7430.6
2019-07-10,7366.35
2019-07-11,7422.94
2019-07-12,7451.35
2019-07-15,7400.42
2019-07-16,7448.76
2019-07-17,7433.49
2019-07-18,7328.81
2019-07-19,7194.4
2019-07-22,7148.89
2019-07-23,7124.39
2019-07-24,7027.25
2019-07-25,7062.07
2019-07-26,7095.68
2019-07-29,7034.98
2019-07-30,6920.47
2019-07-31,6995.01
2019-08-01,6932.86
2019-08-02,6924.35
2019-08-05,6828.8
2019-08-06,6949.44
2019-08-07,6917.97
2019-08-08,6962.7
2019-08-09,7030.32
2019-08-13,6902.75
2019-08-14,6960.89
2019-08-16,6983.0
2019-08-19,7004.23
2019-08-20,6955.75
2019-08-21,6861.63
2019-08-22,6745.22
2019-08-23,6804.87
2019-08-26,6896.1
2019-08-27,6955.19
2019-08-28,6895.92
2019-08-29,6868.68
2019-08-30,6932.88
2019-09-03,6828.67
2019-09-04,6852.53
2019-09-05,6869.17
2019-09-06,6913.75
2019-09-09,6988.16
2019-09-11,7044.28
2019-09-12,7027.4
2019-09-13,7063.98
2019-09-16,7057.97
2019-09-17,6930.8
2019-09-18,6954.52
2019-09-19,6851.09
2019-09-20,7237.38
2019-09-23,7434.62
2019-09-24,7397.13
2019-09-25,7279.63
2019-09-26,7337.61
2019-09-27,7274.53
2019-09-30,7180.34
2019-10-01,7063.0
2019-10-03,7057.05
2019-10-04,7000.59
2019-10-07,6981.22
2019-10-09,7060.66
2019-10-10,6994.08
2019-10-11,7009.02
2019-10-14,7027.92
2019-10-15,7048.41
2019-10-16,7035.96
2019-10-17,7151.8
2019-10-18,7277.25
2019-10-22,7285.79
2019-10-23,7294.93
2019-10-24,7280.55
2019-10-25,7269.97
2019-10-27,7327.79
2019-10-29,7401.23
2019-10-30,7436.48
2019-10-31,7533.06
2019-11-01,7558.35
2019-11-04,7551.44
2019-11-05,7481.17
2019-11-06,7471.61
2019-11-07,7521.39
2019-11-08,7475.28
2019-11-11,7515.25
2019-11-13,7456.19
2019-11-14,7475.13
2019-11-15,7495.83
2019-11-18,7546.43
2019-11-19,7567.1
2019-11-20,7580.03
2019-11-21,7526.57
2019-11-22,7530.78
2019-11-25,7604.13
2019-11-26,7547.68
2019-11-27,7602.25
2019-11-28,7665.76
2019-11-29,7682.89
2019-12-02,7642.25
2019-12-03,7572.21
2019-12-04,7617.36
2019-12-05,7600.62
2019-12-06,7503.93
2019-12-09,7506.21
2019-12-10,7423.45
2019-12-11,7465.49
2019-12-12,7518.66
2019-12-13,7587.34
2019-12-16,7554.23
2019-12-17,7592.37
2019-12-18,7572.73
2019-12-19,7583.64
2019-12-20,7582.61
2019-12-23,7569.53
2019-12-24,7561.02
2019-12-26,7571.6
2019-12-27,7639.84
2019-12-30,7671.27
2019-12-31,7683.16
2020-01-01,7710.32
2020-01-02,7806.24
2020-01-03,7771.73
2020-01-06,7606.83
2020-01-07,7661.56
2020-01-08,7675.61
2020-01-09,7782.74
2020-01-10,7806.33
2020-01-13,7858.35
2020-01-14,7913.48
2020-01-15,7986.48
2020-01-16,8052.81
2020-01-17,8089.35
2020-01-20,8053.88
2020-01-21,8045.18
2020-01-22,8028.88
2020-01-23,8130.54
2020-01-24,8194.66
2020-01-27,8182.34
2020-01-28,8168.77
2020-01-29,8190.99
2020-01-30,8132.31
2020-01-31,8096.66
2020-02-01,7904.1
2020-02-03,7972.91
2020-02-04,8059.29
2020-02-05,8146.21
2020-02-06,8192.47
2020-02-07,8256.58
2020-02-10,8200.89
2020-02-11,8208.58
2020-02-12,8195.06
2020-02-13,8186.35
2020-02-14,8136.28
2020-02-17,8064.45
2020-02-18,8023.17
2020-02-19,8138.85
2020-02-20,8200.3
2020-02-24,8059.57
2020-02-25,8024.21
2020-02-26,7932.11
2020-02-27,7875.88
2020-02-28,7640.58
2020-03-02,7589.99
2020-03-03,7721.42
2020-03-04,7605.49
2020-03-05,7624.36
2020-03-06,7473.48
2020-03-09,7161.35
2020-03-11,7108.93
2020-03-12,6553.07
2020-03-13,6703.28
2020-03-16,6311.01
2020-03-17,6159.11
2020-03-18,5829.64
2020-03-19,5596.2
2020-03-20,5840.4
2020-03-23,5081.74
2020-03-24,5134.2
2020-03-25,5302.69
2020-03-26,5499.55
2020-03-27,5477.9
2020-03-30,5349.01
2020-03-31,5483.52
2020-04-01,5383.93
2020-04-03,5311.56
2020-04-07,5567.21
2020-04-08,5659.04
2020-04-09,5841.1
2020-04-13,5776.15
2020-04-15,5852.47
2020-04-16,5943.15
2020-04-17,6075.28
2020-04-20,6104.19
2020-04-21,5927.16
2020-04-22,5968.36
2020-04-23,6035.48
2020-04-24,5930.2
2020-04-27,6029.97
2020-04-28,6098.17
2020-04-29,6173.07
2020-04-30,6284.53
2020-05-04,6041.44
2020-05-05,6002.04
2020-05-06,6033.3
2020-05-07,6004.26
2020-05-08,5982.78
2020-05-11,6006.68
2020-05-12,5967.32
2020-05-13,6081.44
2020-05-14,6054.31
2020-05-15,6038.69
2020-05-18,5801.69
2020-05-19,5817.35
2020-05-20,5899.69
2020-05-21,5948.17
2020-05-22,5917.79
2020-05-26,5984.66
2020-05-27,6005.06
2020-05-28,6091.06
2020-05-29,6167.59
2020-06-01,6346.04
2020-06-02,6431.05
2020-06-03,6474.98
2020-06-04,6459.82
2020-06-05,6572.73
2020-06-08,6602.28
2020-06-09,6570.91
2020-06-10,6643.77
2020-06-11,6560.66
2020-06-12,6622.4
2020-06-15,6553.32
2020-06-16,6590.02
2020-06-17,6612.61
2020-06-18,6693.83
2020-06-19,6778.96
2020-06-22,6884.22
2020-06-23,6995.68
2020-06-24,6919.64
2020-06-25,6985.56
2020-06-26,6992.36
2020-06-29,6892.99
2020-06-30,6873.76
2020-07-01,6891.05
2020-07-02,6968.08
2020-07-03,7014.64
2020-07-06,7125.72
2020-07-07,7161.87
2020-07-08,7121.23
2020-07-09,7133.69
2020-07-10,7086.02
2020-07-13,7071.95
2020-07-14,6996.83
2020-07-15,6972.78
2020-07-16,7001.75
2020-07-17,7084.7
2020-07-20,7150.57
2020-07-21,7160.76
2020-07-22,7158.69
2020-07-23,7208.72
2020-07-24,7192.8
2020-07-27,7111.68
2020-07-28,7164.16
2020-07-29,7195.7
2020-07-30,7141.79
2020-07-31,7178.12
2020-08-03,7183.07
2020-08-04,7255.83
2020-08-05,7294.15
2020-08-06,7375.95
2020-08-07,7468.94
2020-08-10,7559.63
2020-08-11,7532.4
2020-08-12,7535.28
2020-08-13,7645.3
2020-08-14,7588.05
2020-08-17,7621.2
2020-08-18,7718.59
2020-08-19,7771.99
2020-08-20,7834.36
2020-08-21,7892.47
2020-08-24,7963.08
2020-08-25,7989.99
2020-08-26,8031.68
2020-08-27,8044.75
2020-08-28,8092.52
2020-08-31,7789.69
2020-09-01,7849.01
2020-09-02,7966.79
2020-09-03,8034.86
2020-09-04,7909.55
2020-09-07,7854.26
2020-09-08,7758.91
2020-09-09,7712.55
2020-09-10,7800.3
2020-09-11,7846.89
2020-09-14,8061.11
2020-09-15,8159.6
2020-09-16,8186.78
2020-09-17,8156.53
2020-09-18,8144.08
2020-09-21,7867.25
2020-09-22,7736.15
2020-09-23,7707.46
2020-09-24,7544.89
2020-09-25,7732.59
2020-09-28,7942.93
2020-09-29,7933.72
2020-09-30,7942.91
2020-10-01,8002.51
2020-10-05,7996.27
2020-10-06,8040.01
2020-10-07,7996.39
2020-10-08,7987.6
2020-10-09,7968.64
2020-10-12,7928.43
2020-10-13,7891.16
2020-10-14,7878.78
2020-10-15,7759.3
2020-10-16,7838.17
2020-10-19,7885.47
2020-10-20,7926.59
2020-10-21,7941.32
2020-10-22,7995.8
2020-10-23,8049.91
2020-10-26,7933.65
2020-10-27,8023.28
2020-10-28,7957.81
2020-10-29,7928.44
2020-10-30,7959.61
2020-11-02,7975.15
2020-11-03,8035.68
2020-11-04,8075.72
2020-11-05,8218.92
2020-11-06,8273.72
2020-11-09,8342.59
2020-11-10,8358.98
2020-11-11,8380.66
2020-11-12,8426.4
2020-11-13,8506.02
2020-11-14,8555.58
2020-11-17,8662.32
2020-11-18,8786.97
2020-11-19,8748.5
2020-11-20,8825.97
2020-11-23,8929.79
2020-11-24,9004.26
2020-11-25,8866.31
2020-11-26,8928.37
2020-11-27,9146.07
2020-12-01,9227.01
2020-12-02,9282.86
2020-12-03,9320.91
2020-12-04,9355.35
2020-12-07,9454.37
2020-12-08,9448.19
2020-12-09,9501.54
2020-12-10,9431.7
2020-12-11,9452.44
2020-12-14,9506.47
2020-12-15,9533.8
2020-12-16,9640.94
2020-12-17,9623.15
2020-12-18,9608.98
2020-12-21,9192.2
2020-12-22,9249.15
2020-12-23,9461.95
2020-12-24,9488.66
2020-12-28,9587.11
2020-12-29,9578.65
2020-12-30,9610.87
2020-12-31,9647.3
2021-01-01,9758.24
2021-01-04,9898.98
2021-01-05,9976.45
2021-01-06,10012.57
2021-01-07,10139.4
2021-01-08,10243.86
2021-01-11,10223.7
2021-01-12,10271.88
2021-01-13,10218.34
2021-01-14,10226.74
2021-01-15,10118.39
2021-01-18,9928.3
2021-01-19,10142.03
2021-01-20,10234.72
2021-01-21,10128.39
2021-01-22,10001.0
2021-01-25,9894.4
2021-01-27,9752.8
2021-01-28,9693.76
2021-01-29,9672.9
2021-02-01,9960.85
2021-02-02,10191.05
2021-02-03,10332.24
2021-02-04,10465.04
2021-02-05,10370.14
2021-02-08,10528.51
2021-02-09,10534.52
2021-02-10,10609.01
2021-02-11,10629.31
2021-02-12,10617.89
2021-02-15,10744.48
2021-02-16,10801.16
2021-02-17,10834.31
2021-02-18,10879.83
2021-02-19,10733.65
2021-02-22,10604.16
2021-02-23,10708.14
2021-02-24,10811.83
2021-02-25,10965.76
2021-02-26,10831.62
2021-03-01,10996.38
2021-03-02,11169.39
2021-03-03,11347.21
2021-03-04,11403.13
2021-03-05,11182.42
2021-03-08,11223.77
2021-03-09,11182.17
2021-03-10,11266.63
2021-03-12,11236.05
2021-03-15,11159.31
2021-03-16,11192.92
2021-03-17,10944.91
2021-03-18,10796.03
2021-03-19,10887.22
2021-03-22,10977.19
2021-03-23,11055.17
2021-03-24,10854.95
2021-03-25,10660.06
2021-03-26,10822.9
2021-03-30,11010.05
2021-03-31,11052.87
2021-04-01,11225.99
2021-04-05,11073.12
2021-04-06,11143.71
2021-04-07,11278.77
2021-04-08,11346.52
2021-04-09,11363.52
2021-04-12,10775.19
2021-04-13,10928.91
2021-04-15,10932.56
2021-04-16,11045.48
2021-04-19,10835.62
2021-04-20,10859.67
2021-04-22,10904.32
2021-04-23,10940.13
2021-04-26,11026.66
2021-04-27,11186.22
2021-04-28,11304.85
2021-04-29,11279.03
2021-04-30,11230.3
2021-05-03,11276.05
2021-05-04,11241.58
2021-05-05,11336.37
2021-05-06,11416.61
2021-05-07,11379.24
2021-05-10,11451.29
2021-05-11,11544.85
2021-05-12,11471.2
2021-05-14,11304.37
2021-05-17,11491.7
2021-05-18,11681.99
2021-05-19,11682.19
2021-05-20,11666.19
2021-05-21,11751.7
2021-05-24,11837.64
2021-05-25,11831.06
2021-05-26,11849.82
2021-05-27,11913.55
2021-05-28,11906.95
2021-05-31,11955.56
2021-06-01,11932.83
2021-06-02,12087.28
2021-06-03,12192.59
2021-06-04,12274.86
2021-06-07,12427.38
2021-06-08,12506.96
2021-06-09,12416.31
2021-06-10,12599.02
2021-06-11,12630.36
2021-06-14,12596.29
2021-06-15,12668.44
2021-06-16,12556.91
2021-06-17,12433.27
2021-06-18,12320.8
2021-06-21,12399.79
2021-06-22,12420.31
2021-06-23,12404.54
2021-06-24,12375.32
2021-06-25,12486.36
2021-06-28,12548.47
2021-06-29,12495.32
2021-06-30,12541.44
2021-07-01,12518.01
2021-07-02,12596.45
2021-07-05,12649.63
2021-07-06,12660.88
2021-07-07,12720.19
2021-07-08,12670.24
2021-07-09,12729.09
2021-07-12,12781.56
2021-07-13,12818.22
2021-07-14,12861.0
2021-07-15,12908.54
2021-07-16,12944.36
2021-07-19,12864.01
2021-07-20,12689.91
2021-07-22,12828.72
2021-07-23,12845.71
2021-07-26,12851.46
2021-07-27,12794.45
2021-07-28,12744.33
2021-07-29,12838.64
2021-07-30,12955.56
2021-08-02,13126.79
2021-08-03,13153.58
2021-08-04,13026.18
2021-08-05,13030.04
2021-08-06,13033.76
2021-08-09,12948.88
2021-08-10,12804.43
2021-08-11,12753.78
2021-08-12,12886.01
2021-08-13,12871.6
2021-08-16,12827.92
2021-08-17,12874.22
2021-08-18,12898.82
2021-08-20,12658.62
2021-08-23,12563.18
2021-08-24,12718.46
2021-08-25,12770.73
2021-08-26,12793.74
2021-08-27,12915.25
2021-08-30,13152.21
2021-08-31,13241.94
2021-09-01,13321.98
2021-09-02,13431.46
2021-09-03,13484.3
2021-09-06,13546.57
2021-09-07,13518.98
2021-09-08,13571.17
2021-09-09,13616.64
2021-09-13,13689.87
2021-09-14,13859.51
2021-09-15,13995.14
2021-09-16,14053.87
2021-09-17,13870.28
2021-09-20,13611.06
2021-09-21,13680.38
2021-09-22,13875.87
2021-09-23,14055.46
2021-09-24,13959.74
2021-09-27,13946.32
2021-09-28,13855.79
2021-09-29,13973.88
2021-09-30,14044.04
2021-10-01,14057.5
2021-10-04,14273.8
2021-10-05,14337.98
2021-10-06,14216.7
2021-10-07,14478.05
2021-10-08,14549.57
2021-10-11,14630.69
2021-10-12,14678.95
2021-10-13,14860.21
2021-10-14,14952.67
2021-10-18,15104.02
2021-10-19,14808.62
2021-10-20,14506.87
2021-10-21,14423.98
2021-10-22,14314.7
2021-10-25,14084.45
2021-10-26,14322.52
2021-10-27,14339.03
2021-10-28,14102.31
2021-10-29,14082.26
2021-11-01,14315.55
2021-11-02,14445.83
2021-11-03,14409.87
2021-11-04,14539.84
2021-11-08,14704.2
2021-11-09,14853.64
2021-11-10,14798.35
2021-11-11,14705.42
2021-11-12,14776.1
2021-11-15,14827.28
2021-11-16,14796.78
2021-11-17,14737.67
2021-11-18,14520.86
2021-11-22,14116.93
2021-11-23,14334.68
2021-11-24,14298.03
2021-11-25,14364.18
2021-11-26,13939.16
2021-11-29,13791.97
2021-11-30,13897.11
2021-12-01,14011.1
2021-12-02,14174.95
2021-12-03,14148.83
2021-12-06,13966.55
2021-12-07,14133.89
2021-12-08,14345.47
2021-12-09,14427.48
2021-12-10,14523.07
2021-12-13,14518.45
2021-12-14,14479.63
2021-12-15,14400.98
2021-12-16,14312.33
2021-12-17,14023.63
2021-12-20,13548.01
2021-12-21,13723.33
2021-12-22,13926.5
2021-12-23,14044.68
2021-12-24,13908.0
2021-12-27,13953.58
2021-12-28,14111.36
2021-12-29,14131.41
2021-12-30,14110.31
2021-12-31,14293.42
2022-01-03,14454.27
2022-01-04,14489.74
2022-01-05,14493.41
2022-01-06,14485.56
2022-01-07,14539.13
2022-01-10,14636.22
2022-01-11,14659.66
2022-01-12,14833.95
2022-01-13,14908.06
2022-01-14,14903.34
2022-01-17,14949.2
2022-01-18,14671.3
2022-01-19,14648.9
2022-01-20,14612.49
2022-01-21,14303.5
2022-01-24,13775.26
2022-01-25,13894.51
2022-01-27,13739.25
2022-01-28,13921.53
2022-01-31,14133.66
2022-02-01,14279.31
2022-02-02,14441.24
2022-02-03,14300.72
2022-02-04,14191.45
2022-02-07,14066.43
2022-02-08,13955.82
2022-02-09,14113.33
2022-02-10,14148.53
2022-02-11,13872.59
2022-02-14,13342.14
2022-02-15,13690.1
2022-02-16,13667.74
2022-02-17,13636.39
2022-02-18,13520.09
2022-02-21,13367.73
2022-02-22,13245.99
2022-02-23,13296.18
2022-02-24,12578.83
2022-02-25,13072.04
2022-02-28,13183.22
2022-03-02,13152.01
2022-03-03,13117.19
2022-03-04,12848.63
2022-03-07,12566.37
2022-03-08,12699.89
2022-03-09,12957.76
2022-03-10,13092.17
2022-03-11,13164.87
2022-03-14,13183.36
2022-03-15,13077.42
2022-03-16,13332.65
2022-03-17,13495.28
2022-03-21,13478.48
2022-03-22,13496.51
2022-03-23,13543.59
2022-03-24,13615.72
2022-03-25,13588.19
2022-03-28,13566.24
2022-03-29,13648.76
2022-03-30,13772.58
2022-03-31,13821.4
2022-04-01,13997.36
2022-04-04,14204.96
2022-04-05,14414.9
2022-04-06,14479.02
2022-04-07,14351.49
2022-04-08,14486.66
2022-04-11,14587.26
2022-04-12,14326.21
2022-04-13,14313.47
2022-04-18,14150.18
2022-04-19,13979.66
2022-04-20,14068.64
2022-04-21,14214.22
2022-04-22,14096.38
2022-04-25,13840.72
2022-04-26,14040.73
2022-04-27,13924.31
2022-04-28,14006.36
2022-04-29,13910.1
2022-05-02,13839.23
2022-05-04,13555.47
2022-05-05,13558.63
2022-05-06,13325.79
2022-05-09,13096.1
2022-05-10,12857.41
2022-05-11,12769.61
2022-05-12,12495.61
2022-05-13,12619.03
2022-05-16,12779.81
2022-05-17,13102.32
2022-05-18,13086.37
2022-05-19,12730.71
2022-05-20,12990.15
2022-05-23,12938.57
2022-05-24,12858.48
2022-05-25,12565.86
2022-05-26,12715.01
2022-05-27,12874.98
2022-05-30,13179.34
2022-05-31,13185.01
2022-06-01,13233.54
2022-06-02,13302.83
2022-06-03,13101.78
2022-06-06,13076.76
2022-06-07,12987.06
2022-06-08,12933.44
2022-06-09,12988.94
2022-06-10,12898.83
2022-06-13,12549.78
2022-06-14,12520.8
2022-06-15,12571.33
2022-06-16,12292.24
2022-06-17,12152.62
2022-06-20,11913.98
2022-06-21,12283.41
2022-06-22,12105.55
2022-06-23,12245.4
2022-06-24,12414.49
2022-06-27,12542.55
2022-06-28,12591.91
2022-06-29,12564.05
2022-06-30,12493.52
2022-07-01,12537.29
2022-07-04,12621.63
2022-07-05,12609.5
2022-07-06,12835.2
2022-07-07,13009.63
2022-07-08,13037.76
2022-07-11,13169.2
2022-07-12,13101.38
2022-07-13,13114.61
2022-07-14,13107.66
2022-07-15,13195.82
2022-07-18,13375.01
2022-07-19,13477.51
2022-07-20,13496.65
2022-07-21,13672.73
2022-07-22,13697.21
2022-07-25,13687.81
2022-07-26,13541.64
2022-07-27,13658.27
2022-07-28,13759.31
2022-07-29,13951.46
2022-08-01,14162.63
2022-08-02,14231.7
2022-08-03,14157.6
2022-08-04,14236.62
2022-08-05,14281.34
2022-08-08,14318.75
2022-08-10,14289.62
2022-08-11,14405.59
2022-08-12,14498.88
2022-08-16,14695.56
2022-08-17,14757.15
2022-08-18,14782.9
2022-08-19,14599.45
2022-08-22,14335.52
2022-08-23,14471.92
2022-08-24,14567.04
2022-08-25,14580.53
2022-08-26,14636.38
2022-08-29,14515.71
2022-08-30,14806.56
2022-09-01,14846.51
2022-09-02,14807.98
2022-09-05,14888.83
2022-09-06,14944.66
2022-09-07,15024.42
2022-09-08,15076.74
2022-09-09,15137.47
2022-09-12,15261.03
2022-09-13,15282.98
2022-09-14,15230.45
2022-09-15,15287.2
2022-09-16,14900.67
2022-09-19,14907.34
2022-09-20,15126.87
2022-09-21,15022.27
2022-09-22,15072.18
2022-09-23,14753.08
2022-09-26,14315.7
2022-09-27,14325.76
2022-09-28,14287.85
2022-09-29,14349.29
2022-09-30,14556.43
2022-10-03,14405.14
2022-10-04,14731.14
2022-10-06,14904.77
2022-10-07,14866.91
2022-10-10,14733.31
2022-10-11,14497.14
2022-10-12,14578.88
2022-10-13,14488.05
2022-10-14,14477.96
2022-10-17,14502.94
2022-10-18,14647.96
2022-10-19,14660.68
2022-10-20,14621.02
2022-10-21,14535.35
2022-10-24,14617.05
2022-10-25,14636.91
2022-10-27,14728.33
2022-10-28,14633.09
2022-10-31,14824.43
2022-11-01,14949.53
2022-11-02,14946.95
2022-11-03,14971.61
2022-11-04,14963.58
2022-11-07,15073.71
2022-11-09,14980.28
2022-11-10,14844.0
2022-11-11,14864.96
2022-11-14,14858.79
2022-11-15,14852.1
2022-11-16,14762.55
2022-11-17,14701.51
2022-11-18,14643.76
2022-11-21,14643.62
2022-11-22,14698.52
2022-11-23,14733.06
2022-11-24,14792.57
2022-11-25,14925.02
2022-11-28,15027.98
2022-11-29,14974.4
2022-11-30,15112.4
2022-12-01,15227.01
2022-12-02,15357.42
2022-12-05,15368.54
2022-12-06,15294.58
2022-12-07,15219.01
2022-12-08,15291.78
2022-12-09,15222.47
2022-12-12,15269.16
2022-12-13,15333.5
2022-12-14,15432.52
2022-12-15,15292.84
2022-12-16,15072.07
2022-12-19,15144.18
2022-12-20,15118.68
2022-12-21,14880.77
2022-12-22,14741.95
2022-12-23,14224.57
2022-12-26,14577.28
2022-12-27,14713.31
2022-12-28,14760.88
2022-12-29,14782.15
2022-12-30,14852.77
2023-01-02,14958.43
2023-01-03,14991.07
2023-01-04,14856.78
2023-01-05,14914.16
2023-01-06,14811.36
2023-01-09,14934.19
2023-01-10,14872.51
2023-01-11,14826.65
2023-01-12,14793.62
2023-01-13,14786.11
2023-01-16,14748.48
2023-01-17,14740.11
2023-01-18,14802.71
2023-01-19,14788.53
2023-01-20,14684.29
2023-01-23,14711.92
2023-01-24,14660.47
2023-01-25,14479.04
2023-01-27,14299.54
2023-01-30,14277.94
2023-01-31,14495.89
2023-02-01,14372.13
2023-02-02,14398.62
2023-02-03,14382.51
2023-02-06,14506.51
2023-02-07,14505.73
2023-02-08,14628.33
2023-02-09,14640.97
2023-02-10,14677.07
2023-02-13,14486.28
2023-02-14,14423.96
2023-02-15,14493.36
2023-02-16,14604.44
2023-02-17,14516.62
2023-02-20,14517.33
2023-02-21,14479.97
2023-02-22,14334.98
2023-02-23,14300.01
2023-02-24,14265.08
2023-02-27,14185.63
2023-02-28,14274.97
2023-03-01,14476.29
2023-03-02,14444.83
2023-03-03,14517.61
2023-03-06,14619.81
2023-03-08,14666.96
2023-03-09,14586.16
2023-03-10,14488.75
2023-03-13,14229.89
2023-03-14,14141.69
2023-03-15,14147.61
2023-03-16,14143.11
2023-03-17,14204.45
2023-03-20,14068.52
2023-03-21,14146.88
2023-03-22,14185.82
2023-03-23,14131.52
2023-03-24,13968.62
2023-03-27,13890.37
2023-03-28,13844.78
2023-03-29,14076.33
2023-03-31,14203.8
2023-04-03,14269.03
2023-04-05,14283.3
2023-04-06,14377.7
2023-04-10,14429.77
2023-04-11,14493.09
2023-04-12,14580.07
2023-04-13,14603.7
2023-04-17,14657.85
2023-04-18,14744.06
2023-04-19,14719.77
2023-04-20,14709.79
2023-04-21,14649.23
2023-04-24,14688.04
2023-04-25,14678.03
2023-04-26,14693.68
2023-04-27,14779.29
2023-04-28,14944.49
2023-05-02,15061.63
2023-05-03,15098.68
2023-05-04,15197.36
2023-05-05,15097.89
2023-05-08,15237.64
2023-05-09,15246.72
2023-05-10,15260.49
2023-05-11,15307.63
2023-05-12,15261.6
2023-05-15,15347.42
2023-05-16,15383.21
2023-05-17,15372.31
2023-05-18,15284.01
2023-05-19,15264.82
2023-05-22,15347.68
2023-05-23,15436.51
2023-05-24,15459.36
2023-05-25,15507.92
2023-05-26,15626.47
2023-05-29,15681.29
2023-05-30,15738.77
2023-05-31,15797.26
2023-06-01,15828.39
2023-06-02,15901.01
2023-06-05,15948.51
2023-06-06,15966.08
2023-06-07,16145.56
2023-06-08,16058.68
2023-06-09,16039.64
2023-06-12,16134.52
2023-06-13,16324.24
2023-06-14,16372.3
2023-06-15,16399.97
2023-06-16,16520.41
2023-06-19,16523.07
2023-06-20,16599.27
2023-06-21,16723.5
2023-06-22,16585.63
2023-06-23,16381.77
2023-06-26,16521.71
2023-06-27,16600.69
2023-06-28,16683.97
2023-06-30,16791.34
2023-07-03,16824.11
2023-07-04,16796.2
2023-07-05,16892.78
2023-07-06,17032.44
2023-07-07,16911.71
2023-07-10,16839.98
2023-07-11,16967.59
2023-07-12,17050.3
2023-07-13,16953.0
2023-07-14,17125.68
2023-07-17,17190.45
2023-07-18,17164.72
2023-07-19,17267.21
2023-07-20,17305.21
2023-07-21,17275.03
2023-07-24,17261.69
2023-07-25,17345.65
2023-07-26,17402.83
2023-07-27,17435.37
2023-07-28,17533.65
2023-07-31,17739.41
2023-08-01,17753.58
2023-08-02,17533.21
2023-08-03,17540.34
2023-08-04,17668.16
2023-08-07,17756.82
2023-08-08,17802.31
2023-08-09,17858.25
2023-08-10,17856.93
2023-08-11,17813.6
2023-08-14,17771.16
2023-08-16,17794.58
2023-08-17,17848.45
2023-08-18,17823.64
2023-08-21,17960.14
2023-08-22,18152.4
2023-08-23,18221.03
2023-08-24,18270.14
2023-08-25,18135.51
2023-08-28,18213.3
2023-08-29,18284.5
2023-08-30,18404.05
2023-08-31,18453.64
2023-09-01,18600.63
2023-09-04,18757.46
2023-09-05,18965.76
2023-09-06,18969.93
2023-09-07,19090.52
2023-09-08,19268.84
2023-09-11,19475.59
2023-09-12,18898.57
2023-09-13,18921.73
2023-09-14,19098.53
2023-09-15,19122.22
2023-09-18,19054.79
2023-09-20,18995.63
2023-09-21,18832.46
2023-09-22,18813.23
2023-09-25,18912.95
2023-09-26,18901.35
2023-09-27,19042.9
2023-09-28,18825.82
2023-09-29,19021.23
2023-10-03,19070.75
2023-10-04,18825.13
2023-10-05,18813.49
2023-10-06,18923.82
2023-10-09,18670.03
2023-10-10,18902.35
2023-10-11,18996.71
2023-10-12,19042.64
2023-10-13,19021.6
2023-10-16,19054.37
2023-10-17,19138.47
2023-10-18,19001.99
2023-10-19,18978.41
2023-10-20,18797.94
2023-10-23,18287.92
2023-10-25,18178.81
2023-10-26,17971.51
2023-10-27,18235.03
2023-10-30,18259.79
2023-10-31,18301.37
2023-11-01,18274.75
2023-11-02,18494.14
2023-11-03,18620.49
2023-11-06,18789.69
2023-11-07,18840.83
2023-11-08,19022.74
2023-11-09,19027.87
2023-11-10,19100.14
2023-11-12,19225.6
2023-11-13,19220.73
2023-11-15,19389.17
2023-11-16,19525.95
2023-11-17,19593.33
2023-11-20,19598.96
2023-11-21,19606.04
2023-11-22,19646.23
2023-11-23,19666.04
2023-11-24,19711.61
2023-11-28,19788.18
2023-11-29,19919.58
2023-11-30,20076.04
2023-12-01,20254.06
2023-12-04,20502.65
2023-12-05,20580.14
2023-12-06,20611.56
2023-12-07,20725.72
2023-12-08,20685.59
2023-12-11,20827.17
2023-12-12,20739.12
2023-12-13,20914.02
2023-12-14,21146.92
2023-12-15,21192.58
2023-12-18,21258.51
2023-12-19,21175.87
2023-12-20,20530.85
2023-12-21,20828.63
2023-12-22,20995.15
2023-12-26,21113.39
2023-12-27,21195.75
2023-12-28,21297.96
2023-12-29,21478.21
2024-01-01,21600.17
2024-01-02,21567.59
2024-01-03,21620.19
2024-01-04,21939.42
2024-01-05,22009.73
2024-01-08,21822.17
2024-01-09,21861.73
2024-01-10,21916.26
2024-01-11,22010.79
2024-01-12,22090.46
2024-01-15,22206.83
2024-01-16,22135.7
2024-01-17,21900.92
2024-01-18,21896.29
2024-01-19,22225.07
2024-01-20,22292.79
2024-01-23,21638.3
2024-01-24,22004.54
2024-01-25,21901.66
2024-01-29,22223.59
2024-01-30,22146.28
2024-01-31,22495.94
2024-02-01,22367.76
2024-02-02,22482.1
2024-02-05,22482.0
2024-02-06,22746.77
2024-02-07,22900.29
2024-02-08,22849.02
2024-02-09,22649.63
2024-02-12,22107.68
2024-02-13,22171.82
2024-02-14,22362.58
2024-02-15,22573.97
2024-02-16,22755.04
2024-02-19,22861.95
2024-02-20,22830.89
2024-02-21,22583.77
2024-02-22,22767.46
2024-02-23,22851.5
2024-02-26,22780.87
2024-02-27,22757.35
2024-02-28,22347.79
2024-02-29,22451.13
2024-03-01,22631.9
2024-03-02,22780.9
2024-03-04,22802.38
2024-03-05,22745.91
2024-03-06,22600.85
2024-03-07,22658.4
2024-03-11,22552.71
2024-03-12,22267.95
2024-03-13,21339.54
2024-03-14,21793.47
2024-03-15,21724.77
2024-03-18,21678.98
2024-03-19,21435.74
2024-03-20,21422.01
2024-03-21,21906.71
2024-03-22,22044.43
2024-03-26,22247.91
2024-03-27,22274.99
2024-03-28,22376.46
2024-04-01,22777.89
2024-04-02,23032.19
2024-04-03,23148.4
2024-04-04,23157.64
2024-04-05,23267.62
2024-04-08,23315.57
2024-04-09,23258.12
2024-04-10,23459.46
2024-04-12,23345.2
2024-04-15,23028.44
2024-04-16,22999.94
2024-04-18,22918.17
2024-04-19,22812.74
2024-04-22,22967.75
2024-04-23,23199.02
2024-04-24,23388.45
2024-04-25,23482.86
2024-04-26,23658.24
2024-04-29,23739.5
2024-04-30,23797.41
2024-05-02,23901.0
2024-05-03,23816.07
2024-05-06,23707.27
2024-05-07,23267.09
2024-05-08,23389.21
2024-05-09,22981.92
2024-05-10,23206.03
2024-05-13,23323.76
2024-05-14,23542.11
2024-05-15,23763.63
2024-05-16,23994.89
2024-05-17,24247.32
2024-05-18,24377.58
2024-05-21,24453.95
2024-05-22,24524.82
2024-05-23,24642.25
2024-05-24,24630.42
2024-05-27,24722.05
2024-05-28,24531.91
2024-05-29,24464.18
2024-05-30,24181.39
2024-05-31,24327.24
2024-06-03,25059.73
2024-06-04,23278.67
2024-06-05,24177.69
2024-06-06,24703.61
2024-06-07,25054.14
2024-06-10,25145.52
2024-06-11,25350.75
2024-06-12,25606.79
2024-06-13,25807.47
2024-06-14,26086.35
2024-06-18,26234.33
2024-06-19,25959.73
2024-06-20,26180.42
2024-06-21,26142.53
2024-06-24,26204.21
2024-06-25,26144.92
2024-06-26,26077.01
2024-06-27,26130.55
2024-06-28,26267.88
2024-07-01,26519.11
2024-07-02,26367.76
2024-07-03,26573.14
2024-07-04,26753.08
2024-07-05,26931.35
2024-07-08,26851.67
2024-07-09,26928.38
2024-07-10,26826.3
2024-07-11,26883.8
2024-07-12,26871.68
2024-07-15,27059.39
2024-07-16,27071.31
2024-07-18,26817.81
2024-07-19,26262.64
2024-07-22,26550.74
2024-07-23,26434.06
2024-07-24,26668.81
2024-07-25,26603.02
2024-07-26,27060.41
2024-07-29,27316.32
2024-07-30,27448.41
2024-07-31,27590.73
2024-08-01,27396.26
2024-08-02,27126.96
2024-08-05,26171.16
2024-08-06,26015.27
2024-08-07,26586.45
2024-08-08,26494.74
2024-08-09,26699.0
2024-08-12,26773.07
2024-08-13,26567.41
2024-08-14,26407.94
2024-08-16,26892.8
2024-08-19,26959.75
2024-08-20,27186.36
2024-08-21,27298.27
2024-08-22,27478.4
2024-08-23,27339.45
2024-08-26,27481.93
2024-08-27,27622.49
2024-08-28,27583.26
2024-08-29,27460.3
2024-08-30,27694.85
2024-09-02,27615.83
2024-09-03,27680.18
2024-09-04,27656.86
2024-09-05,27759.88
2024-09-06,27380.02
2024-09-09,27312.11
2024-09-10,27605.34
2024-09-11,27536.34
2024-09-12,27850.97
2024-09-13,28032.57
2024-09-16,28126.53
2024-09-17,28091.52
2024-09-18,27895.16
2024-09-19,27752.47
2024-09-20,28120.23
2024-09-23,28333.18
2024-09-24,28421.39
2024-09-25,28249.45
2024-09-26,28262.65
2024-09-27,28253.79
2024-09-30,28192.01
2024-10-01,28277.68
2024-10-03,27677.44
2024-10-04,27432.2
2024-10-07,26868.49
2024-10-08,27400.64
2024-10-09,27694.62
2024-10-10,27653.34
2024-10-11,27772.52
2024-10-14,27873.16
2024-10-15,27961.43
2024-10-16,27906.39
2024-10-17,27443.15
2024-10-18,27490.06
2024-10-21,27078.49
2024-10-22,26382.91
2024-10-23,26516.6
2024-10-24,26450.31
2024-10-25,25984.56
2024-10-28,26151.21
2024-10-29,26368.32
2024-10-30,26432.02
2024-10-31,26381.69
2024-11-01,26564.21
2024-11-04,26246.88
2024-11-05,26366.59
2024-11-06,26920.14
2024-11-07,26789.57
2024-11-08,26442.2
2024-11-11,26227.35
2024-11-12,25989.54
2024-11-13,25294.53
2024-11-14,25417.32
2024-11-18,25371.84
2024-11-19,25614.67
2024-11-21,25517.07
2024-11-22,25810.08
2024-11-25,26205.9
2024-11-26,26218.11
2024-11-27,26348.67
2024-11-28,26351.73
2024-11-29,26436.15
2024-12-02,26688.15
2024-12-03,26922.62
2024-12-04,27167.68
2024-12-05,27284.64
2024-12-06,27395.59
2024-12-09,27500.64
2024-12-10,27577.27
2024-12-11,27666.35
2024-12-12,27527.93
2024-12-13,27500.16
2024-12-16,27690.73
2024-12-17,27507.72
2024-12-18,27342.13
2024-12-19,27276.63
2024-12-20,26618.21
2024-12-23,26650.5
2024-12-24,26656.27
2024-12-26,26676.67
2024-12-27,26645.08
2024-12-30,26692.33
2024-12-31,26732.77
2025-01-01,26865.92
2025-01-02,27152.47
2025-01-03,27084.39
2025-01-06,26402.02
2025-01-07,26631.09
2025-01-08,26352.27
2025-01-09,26142.28
2025-01-10,25609.55
2025-01-13,24604.76
2025-01-14,25142.23
2025-01-15,25233.31
2025-01-16,25508.04
2025-01-17,25537.41
2025-01-20,25733.44
2025-01-21,25221.8
2025-01-22,24906.42
2025-01-23,25350.37
2025-01-24,24921.87
2025-01-27,24217.94
2025-01-28,24049.77
2025-01-29,24634.76
2025-01-30,24677.91
2025-01-31,25105.36
2025-02-01,25007.29
2025-02-03,24761.7
2025-02-04,25104.43
2025-02-05,25290.85
2025-02-06,25036.5
2025-02-07,25072.43
2025-02-10,24550.4
2025-02-11,23829.4
2025-02-12,23743.08
2025-02-13,23781.87
2025-02-14,23216.87
2025-02-17,23297.89
2025-02-18,23257.28
2025-02-19,23597.75
2025-02-20,23907.3
2025-02-21,23645.34
2025-02-24,23420.75
2025-02-25,23300.93
2025-02-27,23007.39
2025-02-28,22467.8
2025-03-03,22503.24
2025-03-04,22539.64
2025-03-05,23087.47
2025-03-06,23215.17
2025-03-07,23151.87
2025-03-10,22823.39
2025-03-11,22919.31
2025-03-12,22802.06
2025-03-13,22660.54
2025-03-17,22831.73
2025-03-18,23301.59
2025-03-19,23853.48
2025-03-20,23985.19
2025-03-21,24308.41
2025-03-24,24580.57
2025-03-25,24340.09
2025-03-26,24186.09
2025-03-27,24273.06
2025-03-28,24204.03
2025-04-01,23964.87
2025-04-02,24305.83
2025-04-03,24353.47
2025-04-04,23640.66
2025-04-07,22792.31
2025-04-08,23275.81
2025-04-09,23131.11
2025-04-11,23563.78
2025-04-15,24278.15
2025-04-16,24458.22
2025-04-17,24601.03
2025-04-21,25145.65
2025-04-22,25359.12
2025-04-23,25609.05
2025-04-24,25565.2
2025-04-25,24934.94
2025-04-28,25279.15
2025-04-29,25333.47
2025-04-30,25161.44
2025-05-02,24990.45
2025-05-05,25384.45
2025-05-06,24874.23
2025-05-07,25251.0
2025-05-08,24805.52
2025-05-09,24812.11
2025-05-12,25743.05
2025-05-13,25803.61
2025-05-14,26133.45
2025-05-15,26314.81
2025-05-16,26541.5
2025-05-19,26582.83
2025-05-20,26168.05
2025-05-21,26376.08
2025-05-22,26284.73
2025-05-23,26438.87
2025-05-26,26586.67
2025-05-27,26643.36
2025-05-28,26658.68
2025-05-29,26809.12
2025-05-30,26763.04
2025-06-02,26909.02
2025-06-03,26812.68
2025-06-04,27027.85
2025-06-05,27207.58
2025-06-06,27478.33
2025-06-09,27756.74
2025-06-10,27766.54
2025-06-11,27680.02
2025-06-12,27253.84
2025-06-13,27157.18
2025-06-16,27363.28
2025-06-17,27196.94
2025-06-18,27067.09
2025-06-19,26644.08
2025-06-20,26979.21
2025-06-23,27088.78
2025-06-24,27282.47
2025-06-25,27431.59
2025-06-26,27574.15
2025-06-27,27684.69
2025-06-30,27872.86
2025-07-01,27825.39
2025-07-02,27811.58
2025-07-03,27858.57
2025-07-04,27860.59
2025-07-07,27788.52
2025-07-08,27750.96
2025-07-09,27742.5
2025-07-10,27666.04
2025-07-11,27440.39
2025-07-14,27616.04
2025-07-15,27870.97
2025-07-16,27898.1
2025-07-17,27911.53
2025-07-18,27730.28
2025-07-21,27905.57
2025-07-22,27762.27
2025-07-23,27845.15
2025-07-24,27727.09
2025-07-25,27283.81
2025-07-28,27047.77
2025-07-29,27285.08
2025-07-30,27334.9
2025-07-31,27109.61
2025-08-01,26767.16
2025-08-04,27073.18
2025-08-05,27022.72
2025-08-06,26778.79
2025-08-07,26849.93
2025-08-08,26465.55
2025-08-11,26637.61
2025-08-12,26575.9
2025-08-13,26745.15
2025-08-14,26687.97
2025-08-18,27005.46
2025-08-19,27259.12
2025-08-20,27385.16
2025-08-21,27271.76
2025-08-22,27230.05
2025-08-25,27222.61
2025-08-26,26825.05
2025-08-28,26501.73
2025-08-29,26356.47
2025-09-01,26815.68
2025-09-02,26863.75
2025-09-03,27045.22
2025-09-04,26877.3
2025-09-05,26895.97
2025-09-08,27001.61
2025-09-09,27054.71
2025-09-10,27311.91
2025-09-11,27323.85
2025-09-12,27399.52
2025-09-15,27515.59
2025-09-16,27685.76
2025-09-17,27736.45
2025-09-18,27822.67
2025-09-19,27827.27
2025-09-22,27670.9
2025-09-23,27589.72
2025-09-24,27347.98
2025-09-25,27167.76
2025-09-26,26642.03
2025-09-29,26708.44
2025-09-30,26732.2
2025-10-01,26963.11
2025-10-03,27191.96
2025-10-06,27383.49
2025-10-07,27491.32
2025-10-08,27290.48
2025-10-09,27516.68
2025-10-10,27629.15
2025-10-13,27632.73
2025-10-14,27441.08
2025-10-15,27695.9
2025-10-16,27828.56
2025-10-17,27678.5
2025-10-20,27859.21
2025-10-21,27919.15
2025-10-23,27878.48
2025-10-24,27816.41
2025-10-27,28038.88
2025-10-28,28036.82
2025-10-29,28198.83
2025-10-30,28153.03
2025-10-31,28016.13
2025-11-03,28237.53
2025-11-04,28135.61
2025-11-06,27869.84
2025-11-07,28002.59
2025-11-10,28131.39
2025-11-11,28255.85
2025-11-12,28472.05
2025-11-13,28380.94
2025-11-14,28394.78
2025-11-17,28587.0
2025-11-18,28411.77
2025-11-19,28504.32
2025-11-20,28494.94
2025-11-21,28172.43
2025-11-24,28081.17
2025-11-25,28153.7
2025-11-26,28513.18
2025-11-27,28514.44
2025-11-28,28483.02
2025-12-01,28453.67
2025-12-02,28397.14
2025-12-03,28145.67
2025-12-04,28133.74
2025-12-05,28244.59
2025-12-08,27763.97
2025-12-09,27866.99
2025-12-10,27608.64
2025-12-11,27844.38
2025-12-12,28173.64
2025-12-15,28154.16
2025-12-16,27937.14
2025-12-17,27784.6
2025-12-18,27843.75
2025-12-19,28166.03
2025-12-22,28398.52
2025-12-23,28429.77
2025-12-24,28294.73
2025-12-26,28222.74
2025-12-29,28108.56
2025-12-30,28058.88
2025-12-31,28332.35
2026-01-01,28449.64
2026-01-02,28716.65
2026-01-05,28686.63
2026-01-06,28629.58
2026-01-07,28751.51
2026-01-08,28209.8
2026-01-09,27962.24
2026-01-12,27915.12
2026-01-13,27876.76
2026-01-14,27936.2
2026-01-16,27948.48
2026-01-19,27825.57
2026-01-20,27136.28
2026-01-21,26861.32
2026-01-22,27188.94
2026-01-23,26721.69
2026-01-27,26864.64
2026-01-28,27299.71
2026-01-29,27328.77
2026-01-30,27340.18
2026-02-01,26768.87
2026-02-02,27033.18
2026-02-03,27822.75
2026-02-04,27991.96
2026-02-05,27903.6
2026-02-06,27901.9
2026-02-09,28342.24
2026-02-10,28458.19
2026-02-11,28477.65
2026-02-12,28335.09
2026-02-13,27866.6
2026-02-16,27987.37
2026-02-17,28066.98
2026-02-18,28225.12
2026-02-19,27783.68
2026-02-20,27920.42
2026-02-23,27874.76
2026-02-24,27795.88
2026-02-25,27972.73
2026-02-26,28135.97
2026-02-27,27830.49
2026-03-02,27357.74
2026-03-04,26757.34
2026-03-05,27166.37
2026-03-06,26982.66
2026-03-09,26431.91
2026-03-10,26852.63
2026-03-11,26546.96
2026-03-12,26485.24
2026-03-13,25774.53
2026-03-16,25679.57
2026-03-17,25945.16
2026-03-18,26429.07
2026-03-19,25616.5
2026-03-20,25766.8
2026-03-23,24771.69
2026-03-24,25390.47
2026-03-25,25984.42
2026-03-27,25418.01
2026-03-30,24753.21
2026-04-01,25311.44
2026-04-02,25231.26
2026-04-06,25594.45
2026-04-07,25620.29
2026-04-08,26637.64
2026-04-09,26709.04
2026-04-10,27135.53
2026-04-13,26979.25
2026-04-15,27573.97
2026-04-16,27747.32
2026-04-17,28084.54
2026-04-20,28058.97
2026-04-21,28207.35
2026-04-22,28270.31
2026-04-23,28154.63
2026-04-24,27870.47
2026-04-27,28282.5
2026-04-28,28310.91
2026-04-29,28300.16
2026-04-30,28029.72
2026-05-04,28227.73
2026-05-05,28260.16
2026-05-06,28739.56
2026-05-07,29056.13
2026-05-08,29016.36
2026-05-11,28703.15
2026-05-12,27978.17
2026-05-13,28155.13
2026-05-14,28487.39
2026-05-15,28360.97
2026-05-18,28291.64
2026-05-19,28509.83
2026-05-20,28615.11
2026-05-21,28643.62
2026-05-22,28679.12
2026-05-25,28921.46
2026-05-26,29050.33
2026-05-27,29164.97
2026-05-29,28766.84
2026-06-01,28378.9
2026-06-02,28430.71
2026-06-03,28326.99
2026-06-04,28448.68
2026-06-05,28369.92
2026-06-08,27955.1
2026-06-09,28324.57
2026-06-10,27949.3
2026-06-11,27710.66
2026-06-12,28382.92
2026-06-15,28800.12
2026-06-16,28910.18
2026-06-17,29056.67
2026-06-18,29193.51
2026-06-19,29299.5
2026-06-22,29427.17
2026-06-23,29147.49
2026-06-24,29171.7
2026-06-25,29020.31
2026-06-29,28929.27
2026-06-30,29049.9
2026-07-01,29112.75
2026-07-02,29254.84
2026-07-03,29193.83
2026-07-06,29308.55
2026-07-07,29230.66
2026-07-08,28752.93
2026-07-09,29158.54
2026-07-10,29559.27
2026-07-13,29560.43
2026-07-14,29415.26
2026-07-15,29542.57
2026-07-16,29423.61
2026-07-17,29318.2
2026-07-20,29469.16
2026-07-21,29577.0
2026-07-22,29264.33
2026-07-23,28983.25
2026-07-24,28966.52
2026-07-27,29284.53
2026-07-28,29283.92
2026-07-29,29529.43
2026-07-30,29412.92
2026-07-31,29551.89
2026-08-03,29911.1
2026-08-04,29820.83
2026-08-05,29893.7
2026-08-06,29775.25
2026-08-07,29845.46
2026-08-10,29983.42
2026-08-11,29970.23
2026-08-12,30050.2
2026-08-13,30073.27
2026-08-14,29923.11
2026-08-17,29968.3
2026-08-18,29853.57
2026-08-19,29778.65
2026-08-20,29884.95
2026-08-21,29913.44
2026-08-24,29934.7
2026-08-25,30069.21
2026-08-26,30073.35
2026-08-27,30042.8
2026-08-28,30042.78
