Date,TotalReturnsIndex
2005-04-01,1000.0
2005-04-04,997.47
2005-04-05,989.53
2005-04-06,994.5
2005-04-07,992.75
2005-04-08,983.2
2005-04-11,975.38
2005-04-12,984.93
2005-04-13,987.41
2005-04-15,958.74
2005-04-18,943.98
2005-04-19,934.59
2005-04-20,951.8
2005-04-21,961.82
2005-04-22,969.66
2005-04-25,968.12
2005-04-26,965.28
2005-04-27,961.93
2005-04-28,968.39
2005-04-29,950.53
2005-05-02,955.35
2005-05-03,957.06
2005-05-04,968.87
2005-05-05,975.63
2005-05-06,979.9
2005-05-09,992.36
2005-05-10,990.18
2005-05-11,987.24
2005-05-12,993.2
2005-05-13,994.62
2005-05-16,1001.23
2005-05-17,992.0
2005-05-18,991.23
2005-05-19,994.99
2005-05-20,995.05
2005-05-23,1000.09
2005-05-24,1006.85
2005-05-25,1014.68
2005-05-26,1025.7
2005-05-27,1030.01
2005-05-30,1025.68
2005-05-31,1030.0
2005-06-01,1032.82
2005-06-02,1024.42
2005-06-03,1034.95
2005-06-04,1038.51
2005-06-06,1038.36
2005-06-07,1044.67
2005-06-08,1053.06
2005-06-09,1049.71
2005-06-10,1044.67
2005-06-13,1045.53
2005-06-14,1048.11
2005-06-15,1052.39
2005-06-16,1050.84
2005-06-17,1051.81
2005-06-20,1057.45
2005-06-21,1069.4
2005-06-22,1075.95
2005-06-23,1076.97
2005-06-24,1084.22
2005-06-27,1084.96
2005-06-28,1067.96
2005-06-29,1076.7
2005-06-30,1088.83
2005-07-01,1090.44
2005-07-04,1101.37
2005-07-05,1094.69
2005-07-06,1106.17
2005-07-07,1087.42
2005-07-08,1098.98
2005-07-11,1105.74
2005-07-12,1105.03
2005-07-13,1101.66
2005-07-14,1095.05
2005-07-15,1108.61
2005-07-18,1120.84
2005-07-19,1123.35
2005-07-20,1124.18
2005-07-21,1121.81
2005-07-22,1132.92
2005-07-25,1139.39
2005-07-26,1137.85
2005-07-27,1142.24
2005-07-29,1137.68
2005-08-01,1145.74
2005-08-02,1163.92
2005-08-03,1167.97
2005-08-04,1175.05
2005-08-05,1167.93
2005-08-08,1148.95
2005-08-09,1140.38
2005-08-10,1163.24
2005-08-11,1176.39
2005-08-12,1176.15
2005-08-16,1179.29
2005-08-17,1188.86
2005-08-18,1177.81
2005-08-19,1175.85
2005-08-22,1171.25
2005-08-23,1150.36
2005-08-24,1142.66
2005-08-25,1152.9
2005-08-26,1162.24
2005-08-29,1151.11
2005-08-30,1165.86
2005-08-31,1174.71
2005-09-01,1188.4
2005-09-02,1195.55
2005-09-05,1202.34
2005-09-06,1207.35
2005-09-08,1217.62
2005-09-09,1214.77
2005-09-12,1230.27
2005-09-13,1241.71
2005-09-14,1238.78
2005-09-15,1252.34
2005-09-16,1261.32
2005-09-19,1267.17
2005-09-20,1267.59
2005-09-21,1258.7
2005-09-22,1216.45
2005-09-23,1214.04
2005-09-26,1252.11
2005-09-27,1259.8
2005-09-28,1271.93
2005-09-29,1274.07
2005-09-30,1275.37
2005-10-03,1295.67
2005-10-04,1311.79
2005-10-05,1303.68
2005-10-06,1277.79
2005-10-07,1270.25
2005-10-10,1266.93
2005-10-11,1271.38
2005-10-13,1247.82
2005-10-14,1230.19
2005-10-17,1231.76
2005-10-18,1228.09
2005-10-19,1200.88
2005-10-20,1191.39
2005-10-21,1214.46
2005-10-24,1188.02
2005-10-25,1194.15
2005-10-26,1188.06
2005-10-27,1165.36
2005-10-28,1141.03
2005-10-31,1165.56
2005-11-01,1174.87
2005-11-02,1186.79
2005-11-07,1213.98
2005-11-08,1235.47
2005-11-09,1234.64
2005-11-10,1239.87
2005-11-11,1263.04
2005-11-14,1265.4
2005-11-16,1278.59
2005-11-17,1290.12
2005-11-18,1294.36
2005-11-21,1288.36
2005-11-22,1272.4
2005-11-23,1284.36
2005-11-24,1296.46
2005-11-25,1316.95
2005-11-26,1327.27
2005-11-28,1339.9
2005-11-29,1336.08
2005-11-30,1317.09
2005-12-01,1337.13
2005-12-02,1343.11
2005-12-05,1324.23
2005-12-06,1324.65
2005-12-07,1334.96
2005-12-08,1342.18
2005-12-09,1357.53
2005-12-12,1366.79
2005-12-13,1383.48
2005-12-14,1385.46
2005-12-15,1370.61
2005-12-16,1381.02
2005-12-19,1399.14
2005-12-20,1392.39
2005-12-21,1397.22
2005-12-22,1403.31
2005-12-23,1384.89
2005-12-26,1362.19
2005-12-27,1386.04
2005-12-28,1384.46
2005-12-29,1396.8
2005-12-30,1409.24
2006-01-02,1411.06
2006-01-03,1432.1
2006-01-04,1442.8
2006-01-05,1445.77
2006-01-06,1457.13
2006-01-09,1457.18
2006-01-10,1441.02
2006-01-12,1432.62
2006-01-13,1432.16
2006-01-16,1424.28
2006-01-17,1414.04
2006-01-18,1407.95
2006-01-19,1434.24
2006-01-20,1452.14
2006-01-23,1442.55
2006-01-24,1456.04
2006-01-25,1474.14
2006-01-27,1501.14
2006-01-30,1497.36
2006-01-31,1516.37
2006-02-01,1508.89
2006-02-02,1524.46
2006-02-03,1508.99
2006-02-06,1529.84
2006-02-07,1541.79
2006-02-08,1547.19
2006-02-10,1560.36
2006-02-13,1559.75
2006-02-14,1546.18
2006-02-15,1553.5
2006-02-16,1548.02
2006-02-17,1521.73
2006-02-20,1530.13
2006-02-21,1542.46
2006-02-22,1558.63
2006-02-23,1561.05
2006-02-24,1557.8
2006-02-27,1564.79
2006-02-28,1563.04
2006-03-01,1580.8
2006-03-02,1593.52
2006-03-03,1588.43
2006-03-06,1616.71
2006-03-07,1614.83
2006-03-08,1586.15
2006-03-09,1590.15
2006-03-10,1613.61
2006-03-13,1617.38
2006-03-14,1609.84
2006-03-16,1624.59
2006-03-17,1624.87
2006-03-20,1643.14
2006-03-21,1639.01
2006-03-22,1625.21
2006-03-23,1634.48
2006-03-24,1648.67
2006-03-27,1665.32
2006-03-28,1667.21
2006-03-29,1679.48
2006-03-30,1711.35
2006-03-31,1710.81
2006-04-03,1742.51
2006-04-04,1758.23
2006-04-05,1782.55
2006-04-07,1747.22
2006-04-10,1758.98
2006-04-12,1712.75
2006-04-13,1684.95
2006-04-17,1730.51
2006-04-18,1772.28
2006-04-19,1771.5
2006-04-20,1782.24
2006-04-21,1779.88
2006-04-24,1773.51
2006-04-25,1731.8
2006-04-26,1771.11
2006-04-27,1747.98
2006-04-28,1758.93
2006-04-29,1777.14
2006-05-02,1801.79
2006-05-03,1815.43
2006-05-04,1824.14
2006-05-05,1828.73
2006-05-08,1838.87
2006-05-09,1841.99
2006-05-10,1860.83
2006-05-11,1837.83
2006-05-12,1822.35
2006-05-15,1739.63
2006-05-16,1744.78
2006-05-17,1788.78
2006-05-18,1672.91
2006-05-19,1588.92
2006-05-22,1517.59
2006-05-23,1575.08
2006-05-24,1537.06
2006-05-25,1558.41
2006-05-26,1597.21
2006-05-29,1596.11
2006-05-30,1577.2
2006-05-31,1519.88
2006-06-01,1465.84
2006-06-02,1523.03
2006-06-05,1487.04
2006-06-06,1448.02
2006-06-07,1404.44
2006-06-08,1323.78
2006-06-09,1406.12
2006-06-12,1365.81
2006-06-13,1293.42
2006-06-14,1273.23
2006-06-15,1350.47
2006-06-16,1402.61
2006-06-19,1419.45
2006-06-20,1398.51
2006-06-21,1428.28
2006-06-22,1466.87
2006-06-23,1487.49
2006-06-25,1494.26
2006-06-26,1440.78
2006-06-27,1458.59
2006-06-28,1458.02
2006-06-29,1476.05
2006-06-30,1530.44
2006-07-03,1538.1
2006-07-04,1524.5
2006-07-05,1549.46
2006-07-06,1536.78
2006-07-07,1491.93
2006-07-10,1524.54
2006-07-11,1517.9
2006-07-12,1548.29
2006-07-13,1537.4
2006-07-14,1517.84
2006-07-17,1466.19
2006-07-18,1458.27
2006-07-19,1431.88
2006-07-20,1470.32
2006-07-21,1435.02
2006-07-24,1441.23
2006-07-25,1472.2
2006-07-26,1509.51
2006-07-27,1527.16
2006-07-28,1515.26
2006-07-31,1513.26
2006-08-01,1511.15
2006-08-02,1528.09
2006-08-03,1528.05
2006-08-04,1519.21
2006-08-07,1512.28
2006-08-08,1535.72
2006-08-09,1555.34
2006-08-10,1559.46
2006-08-11,1570.39
2006-08-14,1590.09
2006-08-16,1612.17
2006-08-17,1611.57
2006-08-18,1612.85
2006-08-21,1617.29
2006-08-22,1622.43
2006-08-23,1604.15
2006-08-24,1620.29
2006-08-25,1630.69
2006-08-28,1635.57
2006-08-29,1648.34
2006-08-30,1650.85
2006-08-31,1640.81
2006-09-01,1657.84
2006-09-04,1676.49
2006-09-05,1679.42
2006-09-06,1680.01
2006-09-07,1665.65
2006-09-08,1672.89
2006-09-11,1618.6
2006-09-12,1636.38
2006-09-13,1665.64
2006-09-14,1668.02
2006-09-15,1672.28
2006-09-18,1686.55
2006-09-19,1665.67
2006-09-20,1678.51
2006-09-21,1702.1
2006-09-22,1701.39
2006-09-25,1690.95
2006-09-26,1709.93
2006-09-27,1714.41
2006-09-28,1721.58
2006-09-29,1727.32
2006-10-03,1716.71
2006-10-04,1693.8
2006-10-05,1720.75
2006-10-06,1721.98
2006-10-09,1721.42
2006-10-10,1721.55
2006-10-11,1717.68
2006-10-12,1745.93
2006-10-13,1766.13
2006-10-16,1786.62
2006-10-17,1779.9
2006-10-18,1777.97
2006-10-19,1764.35
2006-10-20,1764.71
2006-10-21,1769.88
2006-10-23,1758.32
2006-10-26,1774.27
2006-10-27,1801.89
2006-10-30,1805.5
2006-10-31,1798.01
2006-11-01,1797.05
2006-11-02,1800.69
2006-11-03,1798.35
2006-11-06,1808.18
2006-11-07,1801.3
2006-11-08,1791.37
2006-11-09,1809.63
2006-11-10,1819.17
2006-11-13,1831.6
2006-11-14,1832.91
2006-11-15,1830.05
2006-11-16,1839.4
2006-11-17,1821.4
2006-11-20,1817.27
2006-11-21,1840.88
2006-11-22,1864.07
2006-11-23,1858.59
2006-11-24,1856.03
2006-11-27,1853.46
2006-11-28,1831.56
2006-11-29,1835.58
2006-11-30,1842.19
2006-12-01,1871.61
2006-12-04,1866.99
2006-12-05,1866.22
2006-12-06,1858.16
2006-12-07,1862.57
2006-12-08,1837.6
2006-12-11,1793.22
2006-12-12,1733.18
2006-12-13,1750.92
2006-12-14,1794.21
2006-12-15,1810.22
2006-12-18,1829.78
2006-12-19,1788.99
2006-12-20,1779.84
2006-12-21,1786.92
2006-12-22,1800.36
2006-12-26,1830.17
2006-12-27,1856.8
2006-12-28,1854.79
2006-12-29,1858.48
2007-01-02,1874.93
2007-01-03,1877.84
2007-01-04,1857.65
2007-01-05,1855.63
2007-01-08,1826.2
2007-01-09,1812.52
2007-01-10,1796.21
2007-01-11,1832.04
2007-01-12,1875.95
2007-01-15,1888.86
2007-01-16,1884.48
2007-01-17,1886.31
2007-01-18,1906.57
2007-01-19,1888.79
2007-01-22,1884.68
2007-01-23,1873.41
2007-01-24,1883.55
2007-01-25,1903.18
2007-01-29,1893.94
2007-01-31,1883.79
2007-02-01,1908.81
2007-02-02,1922.34
2007-02-05,1936.55
2007-02-06,1942.31
2007-02-07,1959.82
2007-02-08,1959.31
2007-02-09,1941.94
2007-02-12,1898.33
2007-02-13,1889.17
2007-02-14,1893.34
2007-02-15,1948.07
2007-02-19,1946.5
2007-02-20,1921.58
2007-02-21,1911.65
2007-02-22,1875.04
2007-02-23,1835.96
2007-02-26,1844.75
2007-02-27,1826.23
2007-02-28,1758.74
2007-03-01,1792.21
2007-03-02,1768.3
2007-03-05,1697.1
2007-03-06,1725.84
2007-03-07,1707.02
2007-03-08,1754.47
2007-03-09,1748.43
2007-03-12,1757.05
2007-03-13,1775.1
2007-03-14,1720.51
2007-03-15,1725.54
2007-03-16,1705.46
2007-03-19,1730.64
2007-03-20,1749.61
2007-03-21,1769.78
2007-03-22,1815.43
2007-03-23,1811.25
2007-03-26,1792.43
2007-03-28,1770.2
2007-03-29,1776.68
2007-03-30,1798.44
2007-04-02,1718.41
2007-04-03,1744.65
2007-04-04,1764.64
2007-04-05,1780.91
2007-04-09,1815.8
2007-04-10,1817.6
2007-04-11,1821.46
2007-04-12,1805.64
2007-04-13,1844.29
2007-04-16,1869.9
2007-04-17,1853.76
2007-04-18,1869.06
2007-04-19,1864.4
2007-04-20,1898.09
2007-04-23,1899.61
2007-04-24,1920.46
2007-04-25,1940.23
2007-04-26,1943.82
2007-04-27,1909.12
2007-04-30,1921.42
2007-05-03,1942.04
2007-05-04,1932.26
2007-05-07,1926.35
2007-05-08,1904.84
2007-05-09,1904.81
2007-05-10,1902.78
2007-05-11,1898.38
2007-05-14,1917.42
2007-05-15,1909.8
2007-05-16,1924.46
2007-05-17,1936.75
2007-05-18,1945.25
2007-05-21,1954.56
2007-05-22,1967.74
2007-05-23,1956.91
2007-05-24,1947.33
2007-05-25,1965.31
2007-05-28,1981.28
2007-05-29,2000.19
2007-05-30,1990.91
2007-05-31,2014.91
2007-06-01,2030.05
2007-06-04,2015.84
2007-06-05,2017.56
2007-06-06,1989.21
2007-06-07,1983.28
2007-06-08,1969.62
2007-06-11,1974.67
2007-06-12,1969.51
2007-06-13,1955.65
2007-06-14,1981.89
2007-06-15,1979.4
2007-06-18,1969.42
2007-06-19,1984.73
2007-06-20,1996.47
2007-06-21,2002.71
2007-06-22,2003.52
2007-06-25,2004.47
2007-06-26,2011.75
2007-06-27,2005.93
2007-06-28,2021.81
2007-06-29,2047.79
2007-07-02,2049.05
2007-07-03,2060.65
2007-07-04,2059.75
2007-07-05,2050.29
2007-07-06,2066.02
2007-07-09,2074.77
2007-07-10,2072.39
2007-07-11,2063.2
2007-07-12,2086.22
2007-07-13,2105.03
2007-07-16,2107.12
2007-07-17,2099.99
2007-07-18,2087.12
2007-07-19,2103.73
2007-07-20,2097.08
2007-07-23,2127.97
2007-07-24,2128.16
2007-07-25,2117.56
2007-07-26,2142.3
2007-07-27,2063.48
2007-07-30,2063.12
2007-07-31,2105.78
2007-08-01,2030.62
2007-08-02,2024.92
2007-08-03,2049.59
2007-08-06,2021.76
2007-08-07,2027.54
2007-08-08,2077.71
2007-08-09,2044.91
2007-08-10,2016.64
2007-08-13,2034.74
2007-08-14,2031.81
2007-08-16,1967.91
2007-08-17,1937.12
2007-08-20,1972.01
2007-08-21,1911.9
2007-08-22,1943.8
2007-08-23,1929.74
2007-08-24,1953.04
2007-08-27,1997.55
2007-08-28,2014.4
2007-08-29,2023.1
2007-08-30,2041.51
2007-08-31,2056.59
2007-09-03,2074.35
2007-09-04,2084.71
2007-09-05,2089.13
2007-09-06,2107.32
2007-09-07,2106.16
2007-09-10,2102.29
2007-09-11,2104.9
2007-09-12,2101.47
2007-09-13,2117.71
2007-09-14,2108.33
2007-09-17,2101.68
2007-09-18,2123.24
2007-09-19,2187.74
2007-09-20,2194.28
2007-09-21,2224.21
2007-09-24,2239.98
2007-09-25,2232.7
2007-09-26,2249.13
2007-09-27,2267.95
2007-09-28,2280.58
2007-10-01,2287.56
2007-10-03,2319.42
2007-10-04,2334.47
2007-10-05,2318.22
2007-10-08,2283.34
2007-10-09,2356.97
2007-10-10,2397.74
2007-10-11,2412.14
2007-10-12,2378.9
2007-10-15,2447.33
2007-10-16,2441.6
2007-10-17,2392.66
2007-10-18,2347.82
2007-10-19,2292.84
2007-10-22,2300.08
2007-10-23,2398.35
2007-10-24,2401.94
2007-10-25,2420.55
2007-10-26,2474.14
2007-10-29,2554.95
2007-10-30,2559.65
2007-10-31,2587.69
2007-11-01,2560.69
2007-11-02,2569.41
2007-11-05,2544.26
2007-11-06,2524.21
2007-11-07,2506.99
2007-11-08,2484.77
2007-11-09,2464.28
2007-11-12,2463.87
2007-11-13,2488.97
2007-11-14,2575.56
2007-11-15,2571.89
2007-11-16,2579.15
2007-11-19,2623.66
2007-11-20,2562.39
2007-11-21,2467.51
2007-11-22,2429.69
2007-11-23,2492.11
2007-11-26,2571.68
2007-11-27,2561.54
2007-11-28,2527.53
2007-11-29,2518.69
2007-11-30,2572.17
2007-12-03,2611.3
2007-12-04,2636.74
2007-12-05,2662.52
2007-12-06,2675.27
2007-12-07,2687.61
2007-12-10,2685.32
2007-12-11,2737.75
2007-12-12,2779.89
2007-12-13,2755.01
2007-12-14,2767.33
2007-12-17,2660.12
2007-12-18,2635.16
2007-12-19,2641.36
2007-12-20,2648.16
2007-12-24,2732.15
2007-12-26,2755.01
2007-12-27,2753.59
2007-12-28,2789.16
2007-12-31,2797.33
2008-01-01,2820.06
2008-01-02,2853.01
2008-01-03,2829.46
2008-01-04,2856.37
2008-01-07,2863.7
2008-01-08,2838.96
2008-01-09,2827.17
2008-01-10,2761.15
2008-01-11,2732.88
2008-01-14,2727.09
2008-01-15,2684.84
2008-01-16,2635.1
2008-01-17,2667.45
2008-01-18,2586.82
2008-01-21,2351.34
2008-01-22,2206.19
2008-01-23,2316.3
2008-01-24,2238.82
2008-01-25,2418.38
2008-01-28,2370.75
2008-01-29,2390.14
2008-01-30,2346.08
2008-01-31,2340.28
2008-02-01,2389.03
2008-02-04,2459.08
2008-02-05,2486.15
2008-02-06,2404.38
2008-02-07,2325.24
2008-02-08,2328.03
2008-02-11,2218.51
2008-02-12,2204.88
2008-02-13,2243.72
2008-02-14,2345.7
2008-02-15,2381.34
2008-02-18,2392.57
2008-02-19,2399.59
2008-02-20,2341.65
2008-02-21,2374.89
2008-02-22,2353.43
2008-02-25,2388.15
2008-02-26,2420.71
2008-02-27,2419.42
2008-02-28,2441.86
2008-02-29,2409.44
2008-03-03,2330.66
2008-03-04,2287.23
2008-03-05,2317.19
2008-03-07,2242.54
2008-03-10,2222.74
2008-03-11,2250.84
2008-03-12,2268.74
2008-03-13,2165.77
2008-03-14,2213.95
2008-03-17,2090.64
2008-03-18,2108.91
2008-03-19,2127.81
2008-03-24,2153.33
2008-03-25,2263.8
2008-03-26,2251.49
2008-03-27,2244.87
2008-03-28,2310.12
2008-03-31,2235.51
2008-04-01,2219.03
2008-04-02,2231.93
2008-04-03,2241.09
2008-04-04,2181.9
2008-04-07,2228.83
2008-04-08,2199.42
2008-04-09,2214.66
2008-04-10,2206.95
2008-04-11,2211.17
2008-04-15,2258.47
2008-04-16,2274.64
2008-04-17,2308.23
2008-04-21,2334.28
2008-04-22,2347.89
2008-04-23,2354.92
2008-04-24,2350.98
2008-04-25,2386.44
2008-04-28,2380.0
2008-04-29,2458.96
2008-04-30,2451.14
2008-05-02,2473.9
2008-05-05,2465.15
2008-05-06,2457.94
2008-05-07,2441.66
2008-05-08,2406.12
2008-05-09,2371.06
2008-05-12,2373.98
2008-05-13,2376.28
2008-05-14,2409.11
2008-05-15,2438.23
2008-05-16,2442.29
2008-05-20,2420.61
2008-05-21,2417.76
2008-05-22,2380.63
2008-05-23,2358.44
2008-05-26,2326.1
2008-05-27,2323.02
2008-05-28,2360.41
2008-05-29,2348.77
2008-05-30,2372.52
2008-06-02,2327.57
2008-06-03,2308.52
2008-06-04,2249.55
2008-06-05,2309.72
2008-06-06,2284.83
2008-06-09,2222.33
2008-06-10,2186.21
2008-06-11,2209.08
2008-06-12,2217.64
2008-06-13,2205.17
2008-06-16,2228.82
2008-06-17,2264.03
2008-06-18,2241.55
2008-06-19,2211.09
2008-06-20,2147.2
2008-06-23,2103.7
2008-06-24,2041.81
2008-06-25,2035.41
2008-06-26,2071.59
2008-06-27,1981.93
2008-06-30,1953.51
2008-07-01,1887.61
2008-07-02,1969.95
2008-07-03,1898.91
2008-07-04,1931.34
2008-07-07,1974.23
2008-07-08,1948.02
2008-07-09,2018.48
2008-07-10,2026.03
2008-07-11,1967.1
2008-07-14,1945.11
2008-07-15,1876.97
2008-07-16,1852.23
2008-07-17,1899.67
2008-07-18,1919.42
2008-07-21,1945.28
2008-07-22,1997.44
2008-07-23,2094.67
2008-07-24,2082.08
2008-07-25,2057.91
2008-07-28,2066.97
2008-07-29,2020.06
2008-07-30,2072.16
2008-07-31,2067.11
2008-08-01,2109.82
2008-08-04,2127.74
2008-08-05,2173.67
2008-08-06,2162.98
2008-08-07,2175.85
2008-08-08,2177.32
2008-08-11,2209.65
2008-08-12,2173.98
2008-08-13,2170.17
2008-08-14,2146.39
2008-08-18,2145.63
2008-08-19,2124.26
2008-08-20,2145.0
2008-08-21,2090.33
2008-08-22,2100.34
2008-08-25,2111.89
2008-08-26,2122.54
2008-08-27,2111.67
2008-08-28,2081.72
2008-08-29,2137.26
2008-09-01,2141.33
2008-09-02,2203.32
2008-09-04,2177.19
2008-09-05,2136.0
2008-09-08,2185.37
2008-09-09,2171.96
2008-09-10,2150.95
2008-09-11,2115.69
2008-09-12,2088.8
2008-09-15,2012.6
2008-09-16,1985.39
2008-09-17,1948.21
2008-09-18,1942.12
2008-09-19,2011.01
2008-09-22,2019.16
2008-09-23,1994.33
2008-09-24,1995.81
2008-09-25,1963.53
2008-09-26,1915.16
2008-09-29,1865.68
2008-09-30,1889.52
2008-10-01,1900.7
2008-10-03,1859.7
2008-10-06,1754.04
2008-10-07,1729.04
2008-10-08,1667.3
2008-10-10,1563.02
2008-10-13,1622.57
2008-10-14,1635.84
2008-10-15,1567.72
2008-10-16,1567.38
2008-10-17,1509.56
2008-10-20,1530.32
2008-10-21,1590.58
2008-10-22,1535.14
2008-10-23,1482.67
2008-10-24,1348.71
2008-10-27,1300.0
2008-10-28,1371.58
2008-10-29,1370.07
2008-10-31,1428.29
2008-11-03,1461.69
2008-11-04,1491.09
2008-11-05,1472.95
2008-11-06,1437.49
2008-11-07,1458.75
2008-11-10,1522.37
2008-11-11,1455.19
2008-11-12,1428.63
2008-11-14,1405.29
2008-11-17,1388.85
2008-11-18,1337.84
2008-11-19,1317.15
2008-11-20,1281.32
2008-11-21,1303.12
2008-11-24,1305.05
2008-11-25,1303.46
2008-11-26,1316.05
2008-11-28,1326.26
2008-12-01,1300.0
2008-12-02,1290.49
2008-12-03,1284.99
2008-12-04,1325.76
2008-12-05,1308.96
2008-12-08,1327.0
2008-12-10,1365.72
2008-12-11,1356.24
2008-12-12,1341.04
2008-12-15,1371.87
2008-12-16,1411.65
2008-12-17,1390.27
2008-12-18,1430.83
2008-12-19,1448.31
2008-12-22,1433.68
2008-12-23,1408.27
2008-12-24,1380.59
2008-12-26,1358.89
2008-12-29,1373.05
2008-12-30,1397.88
2008-12-31,1398.92
2009-01-01,1434.82
2009-01-02,1440.63
2009-01-05,1459.31
2009-01-06,1465.3
2009-01-07,1408.22
2009-01-09,1399.31
2009-01-12,1367.28
2009-01-13,1362.64
2009-01-14,1392.13
2009-01-15,1362.12
2009-01-16,1379.42
2009-01-19,1385.3
2009-01-20,1362.45
2009-01-21,1340.0
2009-01-22,1337.51
2009-01-23,1317.68
2009-01-27,1335.2
2009-01-28,1369.89
2009-01-29,1360.28
2009-01-30,1382.22
2009-02-02,1349.26
2009-02-03,1356.08
2009-02-04,1364.85
2009-02-05,1359.68
2009-02-06,1379.91
2009-02-09,1396.94
2009-02-10,1405.66
2009-02-11,1402.37
2009-02-12,1395.69
2009-02-13,1409.92
2009-02-16,1378.96
2009-02-17,1352.5
2009-02-18,1352.53
2009-02-19,1352.04
2009-02-20,1336.87
2009-02-24,1328.32
2009-02-25,1341.31
2009-02-26,1355.4
2009-02-27,1345.72
2009-03-02,1309.64
2009-03-03,1289.39
2009-03-04,1302.07
2009-03-05,1283.06
2009-03-06,1292.15
2009-03-09,1272.27
2009-03-12,1297.35
2009-03-13,1332.04
2009-03-16,1351.43
2009-03-17,1350.88
2009-03-18,1363.71
2009-03-19,1366.59
2009-03-20,1367.29
2009-03-23,1400.37
2009-03-24,1399.32
2009-03-25,1409.05
2009-03-26,1453.61
2009-03-27,1474.71
2009-03-30,1440.11
2009-03-31,1464.84
2009-04-01,1467.73
2009-04-02,1507.93
2009-04-06,1513.49
2009-04-08,1561.63
2009-04-09,1568.72
2009-04-13,1595.28
2009-04-15,1646.12
2009-04-16,1606.55
2009-04-17,1632.75
2009-04-20,1652.92
2009-04-21,1649.16
2009-04-22,1621.89
2009-04-23,1659.26
2009-04-24,1677.24
2009-04-27,1664.97
2009-04-28,1625.0
2009-04-29,1666.93
2009-05-04,1746.23
2009-05-05,1754.45
2009-05-06,1728.81
2009-05-07,1763.48
2009-05-08,1746.78
2009-05-11,1727.47
2009-05-12,1758.12
2009-05-13,1750.8
2009-05-14,1752.64
2009-05-15,1790.01
2009-05-18,2036.41
2009-05-19,2031.55
2009-05-20,2082.75
2009-05-21,2064.86
2009-05-22,2071.77
2009-05-25,2073.47
2009-05-26,2021.58
2009-05-27,2089.47
2009-05-28,2082.02
2009-05-29,2114.96
2009-06-01,2186.25
2009-06-02,2184.07
2009-06-03,2212.95
2009-06-04,2235.96
2009-06-05,2246.92
2009-06-08,2171.25
2009-06-09,2252.95
2009-06-10,2298.78
2009-06-11,2294.16
2009-06-12,2287.23
2009-06-15,2269.47
2009-06-16,2300.86
2009-06-17,2217.14
2009-06-18,2161.67
2009-06-19,2206.7
2009-06-22,2181.9
2009-06-23,2168.7
2009-06-24,2202.12
2009-06-25,2191.59
2009-06-26,2239.87
2009-06-29,2258.39
2009-06-30,2206.17
2009-07-01,2222.97
2009-07-02,2241.24
2009-07-03,2257.74
2009-07-06,2182.83
2009-07-07,2204.5
2009-07-08,2159.84
2009-07-09,2181.12
2009-07-10,2156.39
2009-07-13,2119.09
2009-07-14,2186.38
2009-07-15,2252.31
2009-07-16,2258.35
2009-07-17,2324.0
2009-07-20,2400.35
2009-07-21,2394.06
2009-07-22,2367.64
2009-07-23,2425.11
2009-07-24,2463.37
2009-07-27,2490.02
2009-07-28,2514.14
2009-07-29,2476.78
2009-07-30,2495.79
2009-07-31,2518.62
2009-08-03,2556.12
2009-08-04,2536.24
2009-08-05,2550.58
2009-08-06,2482.6
2009-08-07,2429.28
2009-08-10,2412.23
2009-08-11,2441.62
2009-08-12,2435.55
2009-08-13,2529.64
2009-08-14,2517.63
2009-08-17,2404.65
2009-08-18,2435.07
2009-08-19,2393.76
2009-08-20,2423.75
2009-08-21,2473.45
2009-08-24,2541.62
2009-08-25,2566.8
2009-08-26,2570.98
2009-08-27,2585.56
2009-08-28,2605.45
2009-08-31,2596.43
2009-09-01,2578.75
2009-09-02,2578.22
2009-09-03,2579.71
2009-09-04,2625.1
2009-09-07,2675.62
2009-09-08,2665.01
2009-09-09,2651.83
2009-09-10,2656.42
2009-09-11,2651.36
2009-09-14,2649.04
2009-09-15,2710.02
2009-09-16,2760.51
2009-09-17,2785.14
2009-09-18,2805.42
2009-09-22,2831.47
2009-09-23,2798.81
2009-09-24,2793.62
2009-09-25,2780.18
2009-09-29,2805.78
2009-09-30,2827.33
2009-10-01,2830.73
2009-10-05,2823.25
2009-10-06,2823.88
2009-10-07,2827.04
2009-10-08,2851.86
2009-10-09,2831.8
2009-10-12,2895.39
2009-10-14,2975.81
2009-10-15,2971.54
2009-10-16,2978.81
2009-10-17,2985.64
2009-10-20,2980.45
2009-10-21,2948.1
2009-10-22,2928.61
2009-10-23,2982.32
2009-10-26,2984.08
2009-10-27,2928.21
2009-10-28,2939.29
2009-10-29,2919.84
2009-10-30,2909.21
2009-11-03,2838.96
2009-11-04,2890.98
2009-11-05,2925.08
2009-11-06,2948.18
2009-11-09,2987.99
2009-11-10,2973.26
2009-11-11,3045.05
2009-11-12,3031.63
2009-11-13,3061.27
2009-11-16,3090.62
2009-11-17,3095.69
2009-11-18,3103.53
2009-11-19,3062.24
2009-11-20,3077.32
2009-11-23,3110.56
2009-11-24,3110.2
2009-11-25,3118.3
2009-11-26,3086.36
2009-11-27,3053.57
2009-11-30,3088.84
2009-12-01,3127.49
2009-12-02,3105.14
2009-12-03,3131.32
2009-12-04,3142.59
2009-12-07,3126.27
2009-12-08,3158.34
2009-12-09,3159.14
2009-12-10,3146.87
2009-12-11,3145.2
2009-12-14,3143.82
2009-12-15,3128.22
2009-12-16,3147.2
2009-12-17,3171.47
2009-12-18,3163.08
2009-12-21,3136.92
2009-12-22,3150.58
2009-12-23,3212.34
2009-12-24,3234.91
2009-12-29,3220.52
2009-12-30,3219.67
2009-12-31,3231.05
2010-01-04,3265.13
2010-01-05,3301.19
2010-01-06,3300.43
2010-01-07,3278.56
2010-01-08,3267.74
2010-01-11,3285.48
2010-01-12,3273.64
2010-01-13,3299.49
2010-01-14,3323.19
2010-01-15,3313.38
2010-01-18,3326.25
2010-01-19,3290.84
2010-01-20,3289.81
2010-01-21,3221.65
2010-01-22,3195.29
2010-01-25,3178.46
2010-01-27,3083.78
2010-01-28,3097.96
2010-01-29,3098.05
2010-02-01,3169.4
2010-02-02,3131.15
2010-02-03,3189.38
2010-02-04,3136.57
2010-02-05,3083.78
2010-02-06,3111.42
2010-02-08,3115.24
2010-02-09,3141.08
2010-02-10,3136.97
2010-02-11,3166.32
2010-02-15,3172.62
2010-02-16,3200.09
2010-02-17,3213.81
2010-02-18,3202.01
2010-02-19,3186.43
2010-02-22,3177.26
2010-02-23,3183.38
2010-02-24,3173.91
2010-02-25,3170.13
2010-02-26,3201.88
2010-03-02,3252.59
2010-03-03,3293.12
2010-03-04,3314.79
2010-03-05,3324.0
2010-03-08,3348.42
2010-03-09,3333.83
2010-03-10,3337.08
2010-03-11,3336.59
2010-03-12,3334.18
2010-03-15,3321.4
2010-03-16,3337.37
2010-03-17,3371.24
2010-03-18,3365.82
2010-03-19,3382.12
2010-03-22,3369.65
2010-03-23,3375.99
2010-03-25,3397.65
2010-03-26,3408.99
2010-03-29,3410.85
2010-03-30,3395.95
2010-03-31,3396.13
2010-04-01,3404.63
2010-04-05,3435.91
2010-04-06,3420.72
2010-04-07,3422.58
2010-04-08,3411.96
2010-04-09,3426.42
2010-04-12,3428.78
2010-04-13,3434.39
2010-04-15,3434.33
2010-04-16,3443.92
2010-04-19,3396.6
2010-04-20,3404.01
2010-04-21,3430.01
2010-04-22,3433.4
2010-04-23,3425.75
2010-04-26,3425.58
2010-04-27,3429.0
2010-04-28,3417.7
2010-04-29,3402.11
2010-04-30,3431.86
2010-05-03,3406.77
2010-05-04,3375.28
2010-05-05,3383.33
2010-05-06,3362.71
2010-05-07,3317.27
2010-05-10,3374.14
2010-05-11,3334.45
2010-05-12,3351.71
2010-05-13,3381.23
2010-05-14,3364.67
2010-05-17,3380.39
2010-05-18,3381.3
2010-05-19,3303.18
2010-05-20,3328.41
2010-05-21,3307.49
2010-05-24,3322.46
2010-05-25,3253.83
2010-05-26,3293.39
2010-05-27,3326.48
2010-05-28,3388.75
2010-05-31,3415.76
2010-06-01,3373.14
2010-06-02,3406.85
2010-06-03,3448.89
2010-06-04,3460.87
2010-06-07,3437.37
2010-06-08,3425.16
2010-06-09,3429.73
2010-06-10,3467.25
2010-06-11,3475.28
2010-06-14,3512.53
2010-06-15,3528.96
2010-06-16,3531.96
2010-06-17,3550.79
2010-06-18,3547.47
2010-06-21,3599.06
2010-06-22,3580.7
2010-06-23,3592.49
2010-06-24,3607.76
2010-06-25,3587.98
2010-06-28,3613.73
2010-06-29,3589.69
2010-06-30,3607.87
2010-07-01,3585.87
2010-07-02,3574.42
2010-07-05,3574.69
2010-07-06,3604.88
2010-07-07,3587.9
2010-07-08,3609.39
2010-07-09,3615.2
2010-07-12,3613.86
2010-07-13,3612.43
2010-07-14,3597.4
2010-07-15,3592.52
2010-07-16,3615.54
2010-07-19,3603.05
2010-07-20,3589.43
2010-07-21,3609.17
2010-07-22,3633.7
2010-07-23,3641.89
2010-07-26,3623.9
2010-07-27,3628.55
2010-07-28,3632.76
2010-07-29,3618.48
2010-07-30,3598.76
2010-08-02,3621.4
2010-08-03,3621.16
2010-08-04,3648.23
2010-08-05,3641.11
2010-08-06,3644.03
2010-08-09,3667.35
2010-08-10,3654.32
2010-08-11,3635.5
2010-08-12,3623.69
2010-08-13,3656.91
2010-08-16,3635.39
2010-08-17,3622.45
2010-08-18,3658.83
2010-08-19,3679.78
2010-08-20,3675.0
2010-08-23,3690.68
2010-08-24,3676.59
2010-08-25,3662.31
2010-08-26,3678.32
2010-08-27,3642.47
2010-08-30,3640.65
2010-08-31,3640.35
2010-09-01,3664.81
2010-09-02,3678.79
2010-09-03,3682.82
2010-09-06,3711.77
2010-09-07,3729.23
2010-09-08,3733.69
2010-09-09,3738.43
2010-09-13,3764.47
2010-09-14,3774.66
2010-09-15,3811.22
2010-09-16,3789.96
2010-09-17,3830.91
2010-09-20,3886.56
2010-09-21,3891.87
2010-09-22,3887.82
2010-09-23,3898.9
2010-09-24,3947.18
2010-09-27,3951.85
2010-09-28,3948.81
2010-09-29,3931.96
2010-09-30,3927.7
2010-10-01,3991.89
2010-10-04,4003.56
2010-10-05,3998.86
2010-10-06,4023.01
2010-10-07,3995.17
2010-10-08,3983.73
2010-10-11,3999.58
2010-10-12,3972.55
2010-10-13,4030.87
2010-10-14,4023.74
2010-10-15,3950.5
2010-10-18,3953.8
2010-10-19,3936.03
2010-10-20,3916.83
2010-10-21,3977.9
2010-10-22,3973.1
2010-10-25,3989.76
2010-10-26,3976.95
2010-10-27,3935.29
2010-10-28,3934.18
2010-10-29,3935.86
2010-11-01,3979.23
2010-11-02,4004.39
2010-11-03,4028.23
2010-11-04,4050.18
2010-11-05,4068.73
2010-11-08,4050.19
2010-11-09,4100.36
2010-11-10,4087.15
2010-11-11,4032.64
2010-11-12,3991.12
2010-11-15,4016.79
2010-11-16,3966.14
2010-11-18,3985.87
2010-11-19,3934.36
2010-11-22,3988.81
2010-11-23,3972.6
2010-11-24,3937.41
2010-11-25,3897.36
2010-11-26,3871.4
2010-11-29,3910.95
2010-11-30,3949.38
2010-12-01,3978.87
2010-12-02,3990.42
2010-12-03,3999.23
2010-12-06,3994.52
2010-12-07,4000.14
2010-12-08,3965.09
2010-12-09,3896.61
2010-12-10,3931.13
2010-12-13,3959.16
2010-12-14,3971.17
2010-12-15,3941.8
2010-12-16,3968.33
2010-12-20,4022.71
2010-12-21,4036.85
2010-12-22,4030.19
2010-12-23,4032.12
2010-12-24,4052.79
2010-12-27,4062.35
2010-12-28,4069.37
2010-12-29,4098.73
2010-12-30,4125.08
2010-12-31,4147.72
2011-01-03,4149.6
2011-01-04,4158.68
2011-01-05,4144.72
2011-01-06,4113.19
2011-01-07,4027.78
2011-01-10,3946.94
2011-01-11,3950.14
2011-01-12,3995.33
2011-01-13,3956.01
2011-01-14,3924.15
2011-01-17,3921.98
2011-01-18,3969.82
2011-01-19,3956.73
2011-01-20,3965.61
2011-01-21,3937.32
2011-01-24,3932.47
2011-01-25,3910.94
2011-01-27,3861.67
2011-01-28,3808.94
2011-01-31,3826.1
2011-02-01,3765.12
2011-02-02,3762.86
2011-02-03,3783.06
2011-02-04,3730.56
2011-02-07,3721.32
2011-02-08,3674.09
2011-02-09,3611.12
2011-02-10,3617.7
2011-02-11,3635.35
2011-02-14,3719.71
2011-02-15,3722.1
2011-02-16,3721.37
2011-02-17,3742.77
2011-02-18,3710.24
2011-02-21,3753.39
2011-02-22,3717.18
2011-02-23,3704.67
2011-02-24,3623.34
2011-02-25,3619.47
2011-02-28,3629.7
2011-03-01,3715.14
2011-03-03,3724.71
2011-03-04,3733.45
2011-03-07,3697.51
2011-03-08,3725.81
2011-03-09,3734.97
2011-03-10,3725.65
2011-03-11,3701.85
2011-03-14,3728.66
2011-03-15,3680.12
2011-03-16,3705.97
2011-03-17,3686.8
2011-03-18,3647.85
2011-03-21,3633.33
2011-03-22,3651.41
2011-03-23,3678.82
2011-03-24,3695.21
2011-03-25,3747.27
2011-03-28,3760.06
2011-03-29,3799.83
2011-03-30,3836.41
2011-03-31,3873.39
2011-04-01,3884.48
2011-04-04,3918.32
2011-04-05,3950.61
2011-04-06,3958.3
2011-04-07,3944.58
2011-04-08,3919.58
2011-04-11,3888.8
2011-04-13,3973.68
2011-04-15,3933.91
2011-04-18,3906.38
2011-04-19,3893.49
2011-04-20,3965.4
2011-04-21,3980.75
2011-04-25,3994.06
2011-04-26,3994.74
2011-04-27,3988.34
2011-04-28,3977.08
2011-04-29,3974.61
2011-05-02,3950.62
2011-05-03,3886.02
2011-05-04,3860.3
2011-05-05,3827.29
2011-05-06,3867.54
2011-05-09,3874.23
2011-05-10,3875.86
2011-05-11,3912.38
2011-05-12,3881.53
2011-05-13,3932.84
2011-05-16,3924.6
2011-05-17,3915.5
2011-05-18,3909.39
2011-05-19,3905.66
2011-05-20,3929.34
2011-05-23,3892.17
2011-05-24,3901.39
2011-05-25,3902.31
2011-05-26,3935.29
2011-05-27,3955.01
2011-05-30,3970.33
2011-05-31,4022.53
2011-06-01,4041.64
2011-06-02,4040.96
2011-06-03,4028.5
2011-06-06,4029.62
2011-06-07,4038.52
2011-06-08,4018.26
2011-06-09,4003.59
2011-06-10,3992.82
2011-06-13,4008.03
2011-06-14,4029.11
2011-06-15,4021.89
2011-06-16,3992.28
2011-06-17,3948.52
2011-06-20,3874.33
2011-06-21,3888.43
2011-06-22,3871.48
2011-06-23,3901.54
2011-06-24,3988.03
2011-06-27,4018.8
2011-06-28,4027.64
2011-06-29,4068.6
2011-06-30,4083.07
2011-07-01,4110.23
2011-07-04,4124.51
2011-07-05,4102.89
2011-07-06,4095.53
2011-07-07,4158.29
2011-07-08,4126.22
2011-07-11,4109.88
2011-07-12,4057.7
2011-07-13,4088.11
2011-07-14,4092.2
2011-07-15,4087.17
2011-07-18,4073.98
2011-07-19,4076.03
2011-07-20,4023.72
2011-07-21,4007.23
2011-07-22,4041.98
2011-07-25,4047.37
2011-07-26,4016.94
2011-07-27,4011.03
2011-07-28,4007.52
2011-07-29,3984.33
2011-08-01,3977.97
2011-08-02,3967.41
2011-08-03,3935.78
2011-08-04,3898.28
2011-08-05,3832.53
2011-08-08,3797.45
2011-08-09,3764.95
2011-08-10,3799.85
2011-08-11,3778.15
2011-08-12,3762.31
2011-08-16,3740.52
2011-08-17,3771.6
2011-08-18,3717.54
2011-08-19,3670.87
2011-08-22,3734.22
2011-08-23,3761.21
2011-08-24,3733.23
2011-08-25,3714.99
2011-08-26,3674.91
2011-08-29,3752.52
2011-08-30,3797.11
2011-09-02,3828.21
2011-09-05,3834.28
2011-09-06,3836.19
2011-09-07,3861.06
2011-09-08,3865.85
2011-09-09,3842.57
2011-09-12,3787.51
2011-09-13,3786.33
2011-09-14,3832.32
2011-09-15,3862.7
2011-09-16,3829.37
2011-09-19,3810.84
2011-09-20,3855.45
2011-09-21,3862.68
2011-09-22,3752.55
2011-09-23,3738.01
2011-09-26,3691.64
2011-09-27,3751.64
2011-09-28,3747.93
2011-09-29,3791.49
2011-09-30,3758.68
2011-10-03,3712.42
2011-10-04,3677.08
2011-10-05,3669.26
2011-10-07,3725.05
2011-10-10,3788.12
2011-10-11,3790.47
2011-10-12,3865.85
2011-10-13,3841.32
2011-10-14,3882.48
2011-10-17,3904.79
2011-10-18,3825.24
2011-10-19,3868.32
2011-10-20,3838.14
2011-10-21,3816.77
2011-10-24,3867.99
2011-10-25,3907.29
2011-10-26,3917.34
2011-10-28,3993.73
2011-10-31,3988.58
2011-11-01,3976.71
2011-11-02,3981.68
2011-11-03,3972.89
2011-11-04,4013.03
2011-11-08,4001.82
2011-11-09,3974.2
2011-11-11,3961.45
2011-11-14,3955.02
2011-11-15,3908.48
2011-11-16,3880.04
2011-11-17,3835.14
2011-11-18,3823.78
2011-11-21,3745.04
2011-11-22,3761.0
2011-11-23,3705.35
2011-11-24,3755.54
2011-11-25,3728.26
2011-11-28,3792.88
2011-11-29,3787.97
2011-11-30,3798.4
2011-12-01,3842.28
2011-12-02,3907.05
2011-12-05,3896.92
2011-12-07,3911.03
2011-12-08,3873.74
2011-12-09,3823.73
2011-12-12,3790.37
2011-12-13,3803.87
2011-12-14,3793.42
2011-12-15,3787.8
2011-12-16,3743.71
2011-12-19,3721.17
2011-12-20,3663.76
2011-12-21,3731.68
2011-12-22,3759.35
2011-12-23,3759.78
2011-12-26,3793.51
2011-12-27,3777.73
2011-12-28,3749.68
2011-12-29,3732.36
2011-12-30,3730.44
2012-01-02,3720.02
2012-01-03,3795.14
2012-01-04,3790.65
2012-01-05,3794.29
2012-01-06,3772.24
2012-01-07,3775.41
2012-01-09,3776.17
2012-01-10,3829.53
2012-01-11,3830.81
2012-01-12,3819.23
2012-01-13,3817.37
2012-01-16,3829.28
2012-01-17,3885.54
2012-01-18,3856.75
2012-01-19,3876.19
2012-01-20,3902.81
2012-01-23,3915.99
2012-01-24,3938.45
2012-01-25,3965.86
2012-01-27,4003.82
2012-01-30,3968.74
2012-01-31,4038.87
2012-02-01,4072.62
2012-02-02,4096.81
2012-02-03,4118.94
2012-02-06,4152.49
2012-02-07,4139.71
2012-02-08,4172.29
2012-02-09,4208.53
2012-02-10,4223.12
2012-02-13,4231.01
2012-02-14,4232.59
2012-02-15,4303.56
2012-02-16,4320.83
2012-02-17,4330.57
2012-02-21,4350.68
2012-02-22,4298.25
2012-02-23,4295.19
2012-02-24,4296.24
2012-02-27,4209.75
2012-02-28,4270.27
2012-02-29,4285.76
2012-03-01,4261.99
2012-03-02,4256.92
2012-03-03,4252.13
2012-03-05,4223.47
2012-03-06,4206.77
2012-03-07,4217.28
2012-03-09,4286.35
2012-03-12,4306.92
2012-03-13,4347.79
2012-03-14,4361.02
2012-03-15,4333.27
2012-03-16,4289.14
2012-03-19,4280.09
2012-03-20,4292.89
2012-03-21,4339.21
2012-03-22,4252.41
2012-03-23,4289.45
2012-03-26,4241.87
2012-03-27,4287.59
2012-03-28,4251.02
2012-03-29,4261.82
2012-03-30,4331.27
2012-04-02,4360.54
2012-04-03,4376.25
2012-04-04,4346.84
2012-04-09,4295.48
2012-04-10,4311.05
2012-04-11,4290.0
2012-04-12,4321.0
2012-04-13,4276.9
2012-04-16,4300.88
2012-04-17,4335.52
2012-04-18,4370.44
2012-04-19,4404.33
2012-04-20,4384.8
2012-04-23,4321.58
2012-04-24,4363.72
2012-04-25,4343.0
2012-04-26,4315.23
2012-04-27,4325.8
2012-04-28,4337.34
2012-04-30,4373.88
2012-05-02,4379.41
2012-05-03,4356.57
2012-05-04,4308.26
2012-05-07,4334.04
2012-05-08,4244.57
2012-05-09,4255.9
2012-05-10,4248.25
2012-05-11,4228.77
2012-05-14,4247.09
2012-05-15,4269.36
2012-05-16,4208.7
2012-05-17,4196.26
2012-05-18,4182.72
2012-05-21,4175.23
2012-05-22,4143.13
2012-05-23,4122.89
2012-05-24,4157.28
2012-05-25,4163.28
2012-05-28,4216.61
2012-05-29,4215.42
2012-05-30,4166.58
2012-05-31,4175.7
2012-06-01,4094.43
2012-06-04,4072.92
2012-06-05,4078.68
2012-06-06,4169.89
2012-06-07,4197.79
2012-06-08,4211.47
2012-06-11,4189.16
2012-06-12,4223.68
2012-06-13,4241.65
2012-06-14,4216.89
2012-06-15,4249.71
2012-06-18,4214.58
2012-06-19,4233.4
2012-06-20,4271.43
2012-06-21,4299.06
2012-06-22,4303.12
2012-06-25,4278.54
2012-06-26,4290.1
2012-06-27,4308.33
2012-06-28,4313.73
2012-06-29,4408.29
2012-07-02,4396.21
2012-07-03,4409.36
2012-07-04,4401.63
2012-07-05,4416.28
2012-07-06,4394.17
2012-07-09,4358.38
2012-07-10,4400.11
2012-07-11,4362.78
2012-07-12,4319.85
2012-07-13,4317.46
2012-07-16,4306.41
2012-07-17,4295.94
2012-07-18,4316.61
2012-07-19,4345.14
2012-07-20,4346.88
2012-07-23,4282.47
2012-07-24,4300.91
2012-07-25,4287.25
2012-07-26,4244.22
2012-07-27,4257.34
2012-07-30,4313.2
2012-07-31,4340.43
2012-08-01,4354.66
2012-08-02,4366.93
2012-08-03,4377.78
2012-08-06,4404.36
2012-08-07,4435.81
2012-08-08,4447.73
2012-08-09,4455.76
2012-08-10,4451.59
2012-08-13,4471.42
2012-08-14,4482.82
2012-08-16,4456.76
2012-08-17,4468.49
2012-08-21,4502.35
2012-08-22,4503.81
2012-08-23,4526.72
2012-08-24,4528.8
2012-08-27,4510.1
2012-08-28,4497.05
2012-08-29,4457.79
2012-08-30,4482.79
2012-08-31,4447.16
2012-09-03,4464.69
2012-09-04,4476.98
2012-09-05,4454.3
2012-09-06,4478.15
2012-09-07,4545.38
2012-09-08,4567.88
2012-09-10,4579.99
2012-09-11,4586.48
2012-09-12,4597.91
2012-09-13,4591.81
2012-09-14,4620.83
2012-09-17,4588.03
2012-09-18,4588.05
2012-09-20,4582.68
2012-09-21,4633.35
2012-09-24,4621.9
2012-09-25,4631.49
2012-09-26,4646.29
2012-09-27,4632.89
2012-09-28,4700.77
2012-10-01,4725.67
2012-10-03,4735.99
2012-10-04,4740.35
2012-10-05,4718.86
2012-10-08,4687.23
2012-10-09,4714.44
2012-10-10,4677.66
2012-10-11,4703.05
2012-10-12,4687.93
2012-10-15,4693.09
2012-10-16,4677.16
2012-10-17,4687.47
2012-10-18,4716.18
2012-10-19,4691.86
2012-10-22,4697.45
2012-10-23,4668.33
2012-10-25,4656.93
2012-10-26,4619.67
2012-10-29,4608.95
2012-10-30,4585.27
2012-10-31,4610.56
2012-11-01,4665.59
2012-11-02,4704.72
2012-11-05,4711.51
2012-11-06,4726.97
2012-11-07,4750.57
2012-11-08,4755.58
2012-11-09,4720.48
2012-11-12,4711.14
2012-11-13,4706.88
2012-11-15,4676.6
2012-11-16,4633.64
2012-11-19,4625.79
2012-11-20,4620.83
2012-11-21,4651.37
2012-11-22,4644.09
2012-11-23,4654.05
2012-11-26,4687.66
2012-11-27,4749.72
2012-11-29,4814.98
2012-11-30,4848.76
2012-12-03,4850.82
2012-12-04,4849.11
2012-12-05,4841.98
2012-12-06,4847.41
2012-12-07,4825.47
2012-12-10,4825.7
2012-12-11,4816.87
2012-12-12,4820.06
2012-12-13,4791.1
2012-12-14,4793.43
2012-12-17,4779.57
2012-12-18,4820.23
2012-12-19,4882.6
2012-12-20,4888.84
2012-12-21,4828.4
2012-12-24,4850.88
2012-12-26,4871.7
2012-12-27,4849.18
2012-12-28,4886.18
2012-12-31,4901.07
2013-01-01,4918.99
2013-01-02,4941.22
2013-01-03,4948.67
2013-01-04,4957.05
2013-01-07,4952.9
2013-01-08,4967.29
2013-01-09,4940.81
2013-01-10,4930.33
2013-01-11,4927.33
2013-01-14,4972.19
2013-01-15,4982.83
2013-01-16,4939.2
2013-01-17,4960.92
2013-01-18,4949.4
2013-01-21,4947.94
2013-01-22,4921.85
2013-01-23,4883.39
2013-01-24,4847.58
2013-01-25,4911.4
2013-01-28,4915.27
2013-01-29,4892.14
2013-01-30,4905.93
2013-01-31,4920.17
2013-02-01,4906.27
2013-02-04,4897.88
2013-02-05,4876.17
2013-02-06,4868.92
2013-02-07,4841.41
2013-02-08,4822.02
2013-02-11,4826.21
2013-02-12,4865.16
2013-02-13,4863.53
2013-02-14,4828.73
2013-02-15,4825.98
2013-02-18,4820.24
2013-02-19,4878.11
2013-02-20,4881.49
2013-02-21,4821.41
2013-02-22,4813.9
2013-02-25,4828.03
2013-02-26,4761.13
2013-02-27,4774.26
2013-02-28,4738.01
2013-03-01,4795.78
2013-03-04,4775.13
2013-03-05,4836.38
2013-03-06,4854.64
2013-03-07,4892.67
2013-03-08,4923.05
2013-03-11,4910.59
2013-03-12,4889.47
2013-03-13,4851.81
2013-03-14,4868.02
2013-03-15,4886.34
2013-03-18,4887.71
2013-03-19,4829.61
2013-03-20,4821.97
2013-03-21,4768.08
2013-03-22,4768.78
2013-03-25,4755.65
2013-03-26,4763.13
2013-03-28,4799.25
2013-04-01,4816.11
2013-04-02,4868.98
2013-04-03,4808.81
2013-04-04,4740.04
2013-04-05,4755.92
2013-04-08,4754.34
2013-04-09,4715.31
2013-04-10,4744.03
2013-04-11,4786.71
2013-04-12,4754.92
2013-04-15,4731.46
2013-04-16,4800.43
2013-04-17,4813.96
2013-04-18,4864.72
2013-04-22,4893.05
2013-04-23,4895.54
2013-04-25,4954.25
2013-04-26,4933.89
2013-04-29,4989.92
2013-04-30,5061.52
2013-05-02,5091.74
2013-05-03,5073.32
2013-05-06,5109.46
2013-05-07,5167.7
2013-05-08,5168.12
2013-05-09,5153.64
2013-05-10,5191.58
2013-05-11,5220.47
2013-05-13,5131.81
2013-05-14,5142.93
2013-05-15,5223.97
2013-05-16,5216.69
2013-05-17,5215.68
2013-05-20,5174.27
2013-05-21,5149.82
2013-05-22,5148.85
2013-05-23,5108.21
2013-05-24,5104.02
2013-05-27,5173.49
2013-05-28,5208.42
2013-05-29,5247.25
2013-05-30,5255.7
2013-05-31,5185.62
2013-06-03,5146.77
2013-06-04,5147.49
2013-06-05,5160.64
2013-06-06,5142.5
2013-06-07,5124.79
2013-06-10,5093.33
2013-06-11,5038.51
2013-06-12,4989.42
2013-06-13,4909.63
2013-06-14,4975.5
2013-06-17,5010.94
2013-06-18,4994.93
2013-06-19,5001.81
2013-06-20,4922.38
2013-06-21,4934.38
2013-06-24,4859.63
2013-06-25,4855.28
2013-06-26,4877.73
2013-06-27,4946.47
2013-06-28,5049.58
2013-07-01,5085.42
2013-07-02,5078.29
2013-07-03,5028.64
2013-07-04,5097.92
2013-07-05,5125.61
2013-07-08,5117.71
2013-07-09,5167.45
2013-07-10,5155.14
2013-07-11,5223.89
2013-07-12,5286.3
2013-07-15,5323.33
2013-07-16,5317.88
2013-07-17,5392.82
2013-07-18,5462.87
2013-07-19,5468.38
2013-07-22,5457.13
2013-07-23,5498.32
2013-07-24,5471.83
2013-07-25,5434.82
2013-07-26,5423.0
2013-07-29,5382.92
2013-07-30,5280.58
2013-07-31,5310.76
2013-08-01,5273.89
2013-08-02,5257.76
2013-08-05,5226.12
2013-08-06,5120.1
2013-08-07,5075.37
2013-08-08,5101.14
2013-08-12,5188.95
2013-08-13,5261.39
2013-08-14,5298.76
2013-08-16,5134.44
2013-08-19,5031.86
2013-08-20,4975.68
2013-08-21,4885.92
2013-08-22,4981.49
2013-08-23,5032.34
2013-08-26,5054.93
2013-08-27,4956.64
2013-08-28,4958.29
2013-08-29,5059.81
2013-08-30,5154.72
2013-09-02,5217.77
2013-09-03,5067.84
2013-09-04,5173.96
2013-09-05,5210.23
2013-09-06,5248.11
2013-09-10,5431.93
2013-09-11,5431.38
2013-09-12,5370.16
2013-09-13,5377.57
2013-09-16,5335.39
2013-09-17,5355.34
2013-09-18,5371.39
2013-09-19,5507.13
2013-09-20,5478.13
2013-09-23,5433.74
2013-09-24,5449.91
2013-09-25,5465.6
2013-09-26,5465.53
2013-09-27,5451.43
2013-09-30,5398.88
2013-10-01,5412.15
2013-10-03,5498.68
2013-10-04,5500.63
2013-10-07,5544.41
2013-10-08,5542.11
2013-10-09,5610.83
2013-10-10,5620.33
2013-10-11,5647.02
2013-10-14,5637.99
2013-10-15,5617.63
2013-10-17,5589.58
2013-10-18,5655.0
2013-10-21,5675.9
2013-10-22,5706.17
2013-10-23,5693.16
2013-10-24,5661.54
2013-10-25,5631.35
2013-10-28,5569.09
2013-10-29,5655.0
2013-10-30,5701.44
2013-10-31,5737.91
2013-11-01,5748.6
2013-11-03,5767.58
2013-11-05,5713.97
2013-11-06,5706.8
2013-11-07,5681.65
2013-11-08,5644.53
2013-11-11,5598.18
2013-11-12,5571.38
2013-11-13,5554.63
2013-11-14,5574.6
2013-11-18,5640.98
2013-11-19,5641.54
2013-11-20,5583.3
2013-11-21,5491.52
2013-11-22,5494.03
2013-11-25,5574.62
2013-11-26,5557.92
2013-11-27,5550.63
2013-11-28,5576.84
2013-11-29,5654.12
2013-12-02,5685.63
2013-12-03,5674.55
2013-12-04,5646.21
2013-12-05,5654.88
2013-12-06,5687.79
2013-12-09,5730.24
2013-12-10,5754.94
2013-12-11,5733.09
2013-12-12,5683.33
2013-12-13,5612.5
2013-12-16,5612.97
2013-12-17,5643.01
2013-12-18,5733.1
2013-12-19,5725.73
2013-12-20,5792.02
2013-12-23,5820.87
2013-12-24,5815.95
2013-12-26,5823.59
2013-12-27,5858.28
2013-12-30,5851.73
2013-12-31,5860.02
2014-01-01,5881.1
2014-01-02,5795.25
2014-01-03,5828.67
2014-01-06,5826.17
2014-01-07,5807.7
2014-01-08,5823.9
2014-01-09,5826.62
2014-01-10,5832.66
2014-01-13,5864.38
2014-01-14,5856.77
2014-01-15,5896.77
2014-01-16,5900.14
2014-01-17,5862.25
2014-01-20,5919.83
2014-01-21,5896.07
2014-01-22,5914.52
2014-01-23,5915.54
2014-01-24,5861.63
2014-01-27,5778.63
2014-01-28,5758.73
2014-01-29,5795.85
2014-01-30,5770.84
2014-01-31,5809.1
2014-02-03,5790.44
2014-02-04,5763.31
2014-02-05,5785.72
2014-02-06,5799.03
2014-02-07,5821.66
2014-02-10,5824.35
2014-02-11,5830.1
2014-02-12,5851.61
2014-02-13,5758.07
2014-02-14,5790.03
2014-02-17,5803.81
2014-02-18,5804.15
2014-02-19,5837.14
2014-02-20,5809.28
2014-02-21,5860.02
2014-02-24,5894.78
2014-02-25,5907.73
2014-02-26,5948.25
2014-02-28,6014.17
2014-03-03,5955.33
2014-03-04,6010.12
2014-03-05,6021.59
2014-03-06,6077.97
2014-03-07,6099.55
2014-03-10,6059.78
2014-03-11,6042.39
2014-03-12,6069.36
2014-03-13,6019.79
2014-03-14,6041.08
2014-03-18,6071.53
2014-03-19,6067.84
2014-03-20,6074.7
2014-03-21,6063.97
2014-03-22,6079.61
2014-03-24,6140.02
2014-03-25,6167.08
2014-03-26,6145.86
2014-03-27,6169.65
2014-03-28,6226.67
2014-03-31,6246.31
2014-04-01,6252.9
2014-04-02,6266.14
2014-04-03,6299.14
2014-04-04,6270.7
2014-04-07,6277.14
2014-04-09,6339.43
2014-04-10,6298.35
2014-04-11,6317.51
2014-04-15,6299.91
2014-04-16,6242.37
2014-04-17,6323.99
2014-04-21,6339.59
2014-04-22,6354.98
2014-04-23,6358.72
2014-04-25,6337.27
2014-04-28,6331.04
2014-04-29,6281.47
2014-04-30,6264.85
2014-05-02,6291.39
2014-05-05,6267.71
2014-05-06,6261.24
2014-05-07,6203.77
2014-05-08,6204.08
2014-05-09,6296.45
2014-05-12,6382.02
2014-05-13,6476.58
2014-05-14,6519.45
2014-05-15,6523.9
2014-05-16,6506.79
2014-05-19,6503.68
2014-05-20,6528.92
2014-05-21,6522.75
2014-05-22,6564.76
2014-05-23,6620.82
2014-05-26,6540.7
2014-05-27,6506.58
2014-05-28,6514.37
2014-05-29,6450.41
2014-05-30,6543.45
2014-06-02,6591.92
2014-06-03,6641.18
2014-06-04,6649.0
2014-06-05,6736.73
2014-06-06,6857.35
2014-06-09,6896.41
2014-06-10,6938.1
2014-06-11,6916.47
2014-06-12,6956.13
2014-06-13,6869.0
2014-06-16,6913.98
2014-06-17,6974.72
2014-06-18,6924.08
2014-06-19,6946.35
2014-06-20,6922.69
2014-06-23,6918.42
2014-06-24,6979.58
2014-06-25,6999.49
2014-06-26,6976.43
2014-06-27,7058.69
2014-06-30,7159.21
2014-07-01,7169.62
2014-07-02,7266.53
2014-07-03,7256.67
2014-07-04,7292.25
2014-07-07,7336.55
2014-07-08,7165.49
2014-07-09,7130.04
2014-07-10,7094.72
2014-07-11,7059.29
2014-07-14,7056.39
2014-07-15,7115.2
2014-07-16,7155.6
2014-07-17,7207.64
2014-07-18,7227.56
2014-07-21,7237.19
2014-07-22,7295.59
2014-07-23,7308.2
2014-07-24,7322.92
2014-07-25,7354.18
2014-07-28,7345.95
2014-07-30,7425.98
2014-07-31,7397.55
2014-08-01,7291.41
2014-08-04,7379.74
2014-08-05,7412.84
2014-08-06,7371.5
2014-08-07,7337.99
2014-08-08,7286.11
2014-08-11,7277.73
2014-08-12,7341.3
2014-08-13,7362.45
2014-08-14,7407.74
2014-08-18,7483.48
2014-08-19,7522.5
2014-08-20,7548.86
2014-08-21,7589.81
2014-08-22,7606.4
2014-08-25,7620.07
2014-08-26,7663.53
2014-08-27,7744.4
2014-08-28,7748.99
2014-09-01,7832.44
2014-09-02,7901.95
2014-09-03,7924.25
2014-09-04,7922.2
2014-09-05,7954.78
2014-09-08,8049.67
2014-09-09,8042.1
2014-09-10,7980.79
2014-09-11,7962.49
2014-09-12,8038.37
2014-09-15,8009.58
2014-09-16,7893.59
2014-09-17,7922.48
2014-09-18,8061.22
2014-09-19,8076.47
2014-09-22,8098.66
2014-09-23,7995.58
2014-09-24,8028.07
2014-09-25,7986.14
2014-09-26,8028.11
2014-09-29,8070.45
2014-09-30,8122.79
2014-10-01,8141.12
2014-10-07,8042.67
2014-10-08,7938.42
2014-10-09,7996.44
2014-10-10,7957.59
2014-10-13,7958.17
2014-10-14,7929.93
2014-10-16,7828.32
2014-10-17,7791.99
2014-10-20,7866.79
2014-10-21,7903.67
2014-10-22,7979.6
2014-10-23,8006.09
2014-10-27,7961.36
2014-10-28,7977.33
2014-10-29,8035.55
2014-10-30,8114.16
2014-10-31,8238.23
2014-11-03,8201.08
2014-11-05,8213.82
2014-11-07,8250.16
2014-11-10,8312.14
2014-11-11,8295.86
2014-11-12,8311.78
2014-11-13,8337.99
2014-11-14,8359.45
2014-11-17,8385.27
2014-11-18,8348.42
2014-11-19,8308.56
2014-11-20,8347.5
2014-11-21,8355.01
2014-11-24,8398.07
2014-11-25,8350.25
2014-11-26,8375.14
2014-11-27,8426.43
2014-11-28,8459.05
2014-12-01,8533.22
2014-12-02,8487.48
2014-12-03,8552.6
2014-12-04,8588.6
2014-12-05,8504.13
2014-12-08,8422.52
2014-12-09,8344.17
2014-12-10,8342.71
2014-12-11,8280.98
2014-12-12,8201.77
2014-12-15,8140.8
2014-12-16,8037.13
2014-12-17,7969.49
2014-12-18,8104.69
2014-12-19,8129.61
2014-12-22,8213.99
2014-12-23,8184.6
2014-12-24,8079.55
2014-12-26,8117.29
2014-12-29,8190.09
2014-12-30,8202.75
2014-12-31,8230.68
2015-01-01,8237.97
2015-01-02,8301.47
2015-01-05,8279.54
2015-01-06,8079.98
2015-01-07,8055.4
2015-01-08,8189.36
2015-01-09,8293.36
2015-01-12,8346.74
2015-01-13,8346.22
2015-01-14,8373.42
2015-01-15,8445.45
2015-01-16,8511.84
2015-01-19,8524.84
2015-01-20,8569.12
2015-01-21,8611.77
2015-01-22,8645.79
2015-01-23,8682.12
2015-01-27,8679.08
2015-01-28,8747.82
2015-01-29,8782.47
2015-01-30,8740.63
2015-02-02,8697.7
2015-02-03,8697.41
2015-02-04,8694.74
2015-02-05,8712.79
2015-02-06,8668.47
2015-02-09,8625.82
2015-02-10,8628.45
2015-02-11,8699.03
2015-02-12,8751.85
2015-02-13,8825.07
2015-02-16,8817.87
2015-02-18,8842.93
2015-02-19,8853.1
2015-02-20,8825.34
2015-02-23,8737.72
2015-02-24,8765.27
2015-02-25,8741.34
2015-02-26,8657.18
2015-02-27,8764.27
2015-02-28,8802.26
2015-03-02,8847.8
2015-03-03,8920.13
2015-03-04,8873.01
2015-03-05,8939.29
2015-03-09,8895.79
2015-03-10,8876.56
2015-03-11,8861.46
2015-03-12,8921.96
2015-03-13,8798.01
2015-03-16,8807.94
2015-03-17,8888.26
2015-03-18,8839.09
2015-03-19,8834.66
2015-03-20,8744.13
2015-03-23,8727.97
2015-03-24,8763.95
2015-03-25,8768.47
2015-03-26,8633.09
2015-03-27,8588.1
2015-03-30,8699.37
2015-03-31,8707.15
2015-04-01,8755.42
2015-04-06,8891.68
2015-04-07,8941.74
2015-04-08,8990.98
2015-04-09,8987.92
2015-04-10,8994.03
2015-04-13,9062.02
2015-04-15,8944.69
2015-04-16,8864.19
2015-04-17,8715.59
2015-04-20,8550.89
2015-04-21,8435.46
2015-04-22,8435.96
2015-04-23,8441.08
2015-04-24,8364.87
2015-04-27,8230.91
2015-04-28,8265.03
2015-04-29,8273.24
2015-04-30,8215.97
2015-05-04,8409.7
2015-05-05,8444.73
2015-05-06,8242.86
2015-05-07,8238.5
2015-05-08,8322.08
2015-05-11,8410.89
2015-05-12,8317.06
2015-05-13,8355.26
2015-05-14,8371.1
2015-05-15,8408.53
2015-05-18,8490.26
2015-05-19,8503.93
2015-05-20,8532.12
2015-05-21,8576.56
2015-05-22,8642.33
2015-05-25,8591.53
2015-05-26,8579.04
2015-05-27,8514.61
2015-05-28,8502.05
2015-05-29,8597.76
2015-06-01,8560.68
2015-06-02,8379.49
2015-06-03,8281.77
2015-06-04,8237.89
2015-06-05,8248.12
2015-06-08,8153.85
2015-06-09,8098.35
2015-06-10,8193.59
2015-06-11,8054.04
2015-06-12,8035.51
2015-06-15,8084.66
2015-06-16,8131.72
2015-06-17,8208.52
2015-06-18,8276.7
2015-06-19,8323.78
2015-06-22,8415.91
2015-06-23,8405.43
2015-06-24,8405.5
2015-06-25,8388.51
2015-06-26,8440.01
2015-06-29,8354.67
2015-06-30,8410.17
2015-07-01,8481.15
2015-07-02,8462.02
2015-07-03,8498.08
2015-07-06,8558.99
2015-07-07,8566.86
2015-07-08,8467.11
2015-07-09,8428.15
2015-07-10,8396.51
2015-07-13,8498.77
2015-07-14,8543.17
2015-07-15,8591.62
2015-07-16,8658.92
2015-07-17,8678.32
2015-07-20,8695.81
2015-07-21,8600.68
2015-07-22,8659.13
2015-07-23,8619.0
2015-07-24,8581.14
2015-07-27,8467.94
2015-07-28,8401.6
2015-07-29,8462.16
2015-07-30,8528.94
2015-07-31,8648.1
2015-08-03,8634.99
2015-08-04,8623.5
2015-08-05,8731.77
2015-08-06,8747.14
2015-08-07,8738.67
2015-08-10,8724.71
2015-08-11,8700.88
2015-08-12,8691.32
2015-08-13,8699.04
2015-08-14,8807.98
2015-08-17,8779.36
2015-08-18,8776.15
2015-08-19,8841.32
2015-08-20,8770.84
2015-08-21,8742.05
2015-08-24,8239.43
2015-08-25,8288.84
2015-08-26,8233.35
2015-08-27,8385.83
2015-08-28,8442.01
2015-08-31,8479.08
2015-09-01,8342.85
2015-09-02,8319.02
2015-09-03,8376.75
2015-09-04,8237.88
2015-09-07,8122.55
2015-09-08,8158.24
2015-09-09,8259.79
2015-09-10,8204.42
2015-09-11,8227.84
2015-09-14,8316.98
2015-09-15,8320.83
2015-09-16,8377.25
2015-09-18,8427.46
2015-09-21,8424.08
2015-09-22,8346.67
2015-09-23,8335.16
2015-09-24,8416.23
2015-09-28,8395.68
2015-09-29,8358.77
2015-09-30,8524.48
2015-10-01,8537.9
2015-10-05,8614.41
2015-10-06,8663.49
2015-10-07,8647.5
2015-10-08,8606.35
2015-10-09,8634.11
2015-10-12,8570.51
2015-10-13,8554.33
2015-10-14,8513.32
2015-10-15,8533.79
2015-10-16,8572.85
2015-10-19,8658.41
2015-10-20,8660.07
2015-10-21,8673.08
2015-10-23,8665.54
2015-10-26,8662.2
2015-10-27,8656.09
2015-10-28,8678.74
2015-10-29,8657.25
2015-10-30,8606.81
2015-11-02,8564.38
2015-11-03,8569.07
2015-11-04,8540.38
2015-11-05,8480.25
2015-11-06,8399.07
2015-11-09,8399.15
2015-11-10,8289.59
2015-11-11,8317.3
2015-11-13,8214.15
2015-11-16,8200.61
2015-11-17,8243.47
2015-11-18,8193.03
2015-11-19,8311.66
2015-11-20,8354.65
2015-11-23,8388.58
2015-11-24,8362.59
2015-11-26,8358.6
2015-11-27,8375.38
2015-11-30,8374.7
2015-12-01,8435.54
2015-12-02,8441.73
2015-12-03,8366.55
2015-12-04,8304.09
2015-12-07,8304.03
2015-12-08,8247.19
2015-12-09,8113.92
2015-12-10,8193.78
2015-12-11,8154.89
2015-12-14,8206.49
2015-12-15,8275.17
2015-12-16,8277.05
2015-12-17,8381.5
2015-12-18,8308.51
2015-12-21,8373.71
2015-12-22,8325.75
2015-12-23,8361.84
2015-12-24,8375.64
2015-12-28,8425.17
2015-12-29,8427.16
2015-12-30,8390.6
2015-12-31,8425.61
2016-01-01,8441.2
2016-01-04,8354.82
2016-01-05,8380.83
2016-01-06,8313.8
2016-01-07,8141.78
2016-01-08,8176.17
2016-01-11,8099.74
2016-01-12,8081.61
2016-01-13,8075.72
2016-01-14,8104.76
2016-01-15,8002.44
2016-01-18,7925.09
2016-01-19,7944.57
2016-01-20,7874.38
2016-01-21,7817.51
2016-01-22,7939.26
2016-01-25,7961.43
2016-01-27,7947.78
2016-01-28,7936.66
2016-01-29,8106.12
2016-02-01,8136.28
2016-02-02,8080.13
2016-02-03,8011.31
2016-02-04,8051.43
2016-02-05,8190.85
2016-02-08,8110.71
2016-02-09,8007.82
2016-02-10,7936.46
2016-02-11,7722.14
2016-02-12,7699.73
2016-02-15,7846.35
2016-02-16,7739.66
2016-02-17,7764.74
2016-02-18,7883.98
2016-02-19,7924.41
2016-02-22,7986.87
2016-02-23,7877.78
2016-02-24,7785.33
2016-02-25,7712.51
2016-02-26,7720.36
2016-02-29,7653.7
2016-03-01,7874.26
2016-03-02,7981.56
2016-03-03,8061.89
2016-03-04,8077.7
2016-03-08,8077.83
2016-03-09,8103.65
2016-03-10,8087.78
2016-03-11,8120.29
2016-03-14,8177.05
2016-03-15,8036.82
2016-03-16,8045.14
2016-03-17,8076.5
2016-03-18,8130.99
2016-03-21,8182.57
2016-03-22,8186.26
2016-03-23,8177.91
2016-03-28,8070.83
2016-03-29,8034.37
2016-03-30,8176.28
2016-03-31,8239.04
2016-04-01,8225.41
2016-04-04,8279.45
2016-04-05,8207.18
2016-04-06,8225.68
2016-04-07,8173.53
2016-04-08,8189.98
2016-04-11,8285.94
2016-04-12,8338.31
2016-04-13,8448.13
2016-04-18,8521.74
2016-04-20,8556.67
2016-04-21,8473.44
2016-04-22,8459.6
2016-04-25,8425.72
2016-04-26,8485.95
2016-04-27,8528.02
2016-04-28,8414.09
2016-04-29,8400.78
2016-05-02,8413.41
2016-05-03,8309.22
2016-05-04,8264.26
2016-05-05,8303.66
2016-05-06,8310.13
2016-05-09,8386.45
2016-05-10,8415.98
2016-05-11,8380.9
2016-05-12,8451.3
2016-05-13,8415.34
2016-05-16,8456.16
2016-05-17,8499.33
2016-05-18,8487.69
2016-05-19,8412.5
2016-05-20,8344.86
2016-05-23,8286.65
2016-05-24,8285.0
2016-05-25,8445.78
2016-05-26,8515.9
2016-05-27,8583.38
2016-05-30,8658.37
2016-05-31,8593.77
2016-06-01,8644.29
2016-06-02,8673.88
2016-06-03,8678.33
2016-06-06,8649.93
2016-06-07,8704.1
2016-06-08,8698.23
2016-06-09,8609.72
2016-06-10,8586.69
2016-06-13,8574.78
2016-06-14,8571.72
2016-06-15,8636.0
2016-06-16,8614.1
2016-06-17,8619.13
2016-06-20,8678.12
2016-06-21,8654.7
2016-06-22,8663.92
2016-06-23,8693.63
2016-06-24,8614.66
2016-06-27,8611.21
2016-06-28,8651.25
2016-06-29,8727.99
2016-06-30,8806.85
2016-07-01,8868.32
2016-07-04,8882.76
2016-07-05,8847.9
2016-07-07,8866.8
2016-07-08,8872.72
2016-07-11,8975.64
2016-07-12,8972.75
2016-07-13,8975.13
2016-07-14,9006.97
2016-07-15,8931.67
2016-07-18,8927.19
2016-07-19,8937.46
2016-07-20,8999.78
2016-07-21,8997.05
2016-07-22,9018.41
2016-07-25,9069.04
2016-07-26,9008.28
2016-07-27,8985.0
2016-07-28,9067.51
2016-07-29,9109.28
2016-08-01,9186.39
2016-08-02,9199.52
2016-08-03,9102.35
2016-08-04,9099.81
2016-08-05,9210.0
2016-08-08,9318.27
2016-08-09,9254.51
2016-08-10,9139.29
2016-08-11,9213.49
2016-08-12,9220.76
2016-08-16,9215.75
2016-08-17,9227.9
2016-08-18,9219.57
2016-08-19,9220.29
2016-08-22,9196.46
2016-08-23,9208.04
2016-08-24,9227.19
2016-08-25,9182.27
2016-08-26,9164.82
2016-08-29,9112.93
2016-08-30,9270.93
2016-08-31,9298.38
2016-09-01,9313.92
2016-09-02,9343.53
2016-09-06,9450.85
2016-09-07,9426.55
2016-09-08,9435.95
2016-09-09,9357.05
2016-09-12,9220.86
2016-09-14,9259.51
2016-09-15,9269.43
2016-09-16,9291.73
2016-09-19,9292.27
2016-09-20,9267.84
2016-09-21,9262.8
2016-09-22,9303.72
2016-09-23,9292.09
2016-09-26,9232.76
2016-09-27,9251.32
2016-09-28,9270.2
2016-09-29,9070.16
2016-09-30,9096.65
2016-10-03,9258.79
2016-10-04,9277.51
2016-10-05,9269.92
2016-10-06,9209.72
2016-10-07,9179.31
2016-10-10,9214.98
2016-10-13,9116.29
2016-10-14,9079.86
2016-10-17,8990.95
2016-10-18,9135.25
2016-10-19,9121.25
2016-10-20,9119.5
2016-10-21,9171.76
2016-10-24,9136.28
2016-10-25,9126.09
2016-10-26,9106.33
2016-10-27,8988.85
2016-10-28,9075.99
2016-10-30,9086.02
2016-11-01,9072.55
2016-11-02,8969.87
2016-11-03,8925.64
2016-11-04,8904.51
2016-11-07,8970.02
2016-11-08,8983.58
2016-11-09,8830.85
2016-11-10,8831.01
2016-11-11,8525.61
2016-11-15,8313.57
2016-11-16,8364.32
2016-11-17,8320.53
2016-11-18,8298.41
2016-11-21,8191.97
2016-11-22,8284.47
2016-11-23,8357.4
2016-11-24,8356.8
2016-11-25,8526.52
2016-11-28,8562.0
2016-11-29,8596.34
2016-11-30,8658.63
2016-12-01,8619.62
2016-12-02,8510.49
2016-12-05,8581.95
2016-12-06,8557.06
2016-12-07,8529.61
2016-12-08,8667.31
2016-12-09,8668.4
2016-12-12,8560.42
2016-12-13,8583.38
2016-12-14,8550.39
2016-12-15,8543.5
2016-12-16,8518.15
2016-12-19,8482.39
2016-12-20,8458.4
2016-12-21,8433.85
2016-12-22,8345.24
2016-12-23,8283.0
2016-12-26,8180.05
2016-12-27,8311.54
2016-12-28,8356.26
2016-12-29,8429.3
2016-12-30,8511.32
2017-01-02,8526.43
2017-01-03,8548.68
2017-01-04,8599.01
2017-01-05,8641.3
2017-01-06,8563.61
2017-01-09,8549.55
2017-01-10,8591.84
2017-01-11,8650.55
2017-01-12,8654.41
2017-01-13,8637.85
2017-01-16,8640.06
2017-01-17,8660.77
2017-01-18,8707.2
2017-01-19,8724.65
2017-01-20,8654.89
2017-01-23,8697.05
2017-01-24,8758.36
2017-01-25,8806.61
2017-01-27,8786.44
2017-01-30,8794.02
2017-01-31,8685.97
2017-02-01,8766.16
2017-02-02,8859.51
2017-02-03,8937.33
2017-02-06,8978.39
2017-02-07,8941.38
2017-02-08,8971.92
2017-02-09,9032.06
2017-02-10,9068.87
2017-02-13,9067.15
2017-02-14,9032.3
2017-02-15,8963.27
2017-02-16,9043.38
2017-02-17,9020.15
2017-02-20,9076.96
2017-02-21,9122.38
2017-02-22,9074.2
2017-02-23,9085.22
2017-02-27,9114.86
2017-02-28,9105.05
2017-03-01,9163.08
2017-03-02,9132.16
2017-03-03,9160.82
2017-03-06,9185.5
2017-03-07,9178.51
2017-03-08,9161.15
2017-03-09,9143.76
2017-03-10,9138.13
2017-03-14,9254.47
2017-03-15,9246.36
2017-03-16,9349.11
2017-03-17,9403.14
2017-03-20,9389.81
2017-03-21,9348.99
2017-03-22,9284.99
2017-03-23,9337.94
2017-03-24,9320.55
2017-03-27,9256.36
2017-03-28,9300.69
2017-03-29,9345.97
2017-03-30,9348.91
2017-03-31,9357.18
2017-04-03,9367.75
2017-04-05,9355.07
2017-04-06,9338.1
2017-04-07,9292.25
2017-04-10,9291.97
2017-04-11,9350.38
2017-04-12,9329.49
2017-04-13,9271.49
2017-04-17,9237.33
2017-04-18,9170.7
2017-04-19,9204.24
2017-04-20,9262.41
2017-04-21,9240.53
2017-04-24,9287.32
2017-04-25,9380.1
2017-04-26,9376.39
2017-04-27,9338.83
2017-04-28,9328.66
2017-05-02,9343.21
2017-05-03,9354.5
2017-05-04,9396.82
2017-05-05,9326.61
2017-05-08,9347.69
2017-05-09,9350.15
2017-05-10,9452.79
2017-05-11,9502.52
2017-05-12,9502.52
2017-05-15,9535.02
2017-05-16,9584.79
2017-05-17,9572.09
2017-05-18,9489.4
2017-05-19,9481.14
2017-05-22,9480.88
2017-05-23,9380.68
2017-05-24,9303.8
2017-05-25,9381.8
2017-05-26,9444.25
2017-05-29,9438.35
2017-05-30,9492.04
2017-05-31,9501.15
2017-06-01,9563.98
2017-06-02,9625.65
2017-06-05,9701.88
2017-06-06,9708.46
2017-06-07,9718.6
2017-06-08,9681.19
2017-06-09,9651.74
2017-06-12,9629.24
2017-06-13,9615.93
2017-06-14,9626.45
2017-06-15,9613.81
2017-06-16,9600.25
2017-06-19,9626.64
2017-06-20,9635.21
2017-06-21,9653.02
2017-06-22,9603.93
2017-06-23,9559.05
2017-06-27,9505.47
2017-06-28,9495.81
2017-06-29,9501.94
2017-06-30,9585.36
2017-07-03,9706.3
2017-07-04,9666.08
2017-07-05,9688.82
2017-07-06,9701.72
2017-07-07,9658.85
2017-07-10,9780.92
2017-07-11,9780.4
2017-07-12,9796.1
2017-07-13,9832.48
2017-07-14,9798.2
2017-07-17,9811.82
2017-07-18,9767.76
2017-07-19,9845.95
2017-07-20,9778.29
2017-07-21,9850.89
2017-07-24,9863.29
2017-07-25,9854.4
2017-07-26,9851.23
2017-07-27,9788.79
2017-07-28,9786.73
2017-07-31,9795.17
2017-08-01,9822.66
2017-08-02,9784.89
2017-08-03,9775.15
2017-08-04,9873.16
2017-08-07,9898.77
2017-08-08,9813.92
2017-08-09,9742.67
2017-08-10,9655.14
2017-08-11,9610.22
2017-08-14,9730.27
2017-08-16,9839.55
2017-08-17,9854.61
2017-08-18,9824.82
2017-08-21,9721.64
2017-08-22,9708.64
2017-08-23,9733.42
2017-08-24,9756.9
2017-08-28,9830.37
2017-08-29,9745.71
2017-08-30,9820.31
2017-08-31,9863.19
2017-09-01,9967.7
2017-09-04,9939.88
2017-09-05,10025.57
2017-09-06,9984.22
2017-09-07,10014.59
2017-09-08,10028.38
2017-09-11,10069.4
2017-09-12,10161.8
2017-09-13,10137.86
2017-09-14,10155.67
2017-09-15,10187.42
2017-09-18,10287.36
2017-09-19,10300.82
2017-09-20,10278.68
2017-09-21,10284.4
2017-09-22,10135.2
2017-09-25,10057.79
2017-09-26,10030.27
2017-09-27,9892.97
2017-09-28,9910.34
2017-09-29,9916.89
2017-10-03,9992.96
2017-10-04,10041.74
2017-10-05,10019.68
2017-10-06,10088.58
2017-10-09,10114.03
2017-10-10,10166.35
2017-10-11,10141.99
2017-10-12,10270.12
2017-10-13,10290.53
2017-10-16,10342.66
2017-10-17,10375.02
2017-10-18,10363.06
2017-10-19,10312.9
2017-10-23,10355.51
2017-10-24,10335.41
2017-10-25,10341.56
2017-10-26,10320.05
2017-10-27,10325.49
2017-10-30,10364.45
2017-10-31,10372.45
2017-11-01,10415.86
2017-11-02,10476.55
2017-11-03,10449.18
2017-11-06,10533.0
2017-11-07,10506.82
2017-11-08,10506.82
2017-11-09,10622.24
2017-11-10,10642.4
2017-11-13,10584.97
2017-11-14,10571.33
2017-11-15,10497.44
2017-11-16,10571.23
2017-11-17,10568.9
2017-11-20,10579.08
2017-11-21,10634.43
2017-11-22,10597.88
2017-11-23,10607.28
2017-11-24,10667.52
2017-11-27,10678.91
2017-11-28,10697.1
2017-11-29,10692.18
2017-11-30,10625.7
2017-12-01,10511.36
2017-12-04,10525.69
2017-12-05,10458.52
2017-12-06,10435.42
2017-12-07,10582.96
2017-12-08,10683.83
2017-12-11,10756.53
2017-12-12,10689.62
2017-12-13,10638.48
2017-12-14,10665.12
2017-12-15,10736.0
2017-12-18,10835.58
2017-12-19,10932.46
2017-12-20,10942.57
2017-12-21,10976.57
2017-12-22,11014.18
2017-12-26,11017.5
2017-12-27,11003.05
2017-12-28,10974.89
2017-12-29,11087.14
2018-01-01,11021.23
2018-01-02,10967.96
2018-01-03,11010.01
2018-01-04,11049.67
2018-01-05,11139.4
2018-01-08,11218.69
2018-01-09,11210.16
2018-01-10,11206.79
2018-01-11,11241.51
2018-01-12,11245.73
2018-01-15,11210.31
2018-01-16,11189.51
2018-01-17,11237.98
2018-01-18,11181.74
2018-01-19,11219.49
2018-01-22,11297.4
2018-01-23,11378.16
2018-01-24,11401.84
2018-01-25,11329.33
2018-01-29,11426.91
2018-01-30,11363.27
2018-01-31,11261.26
2018-02-01,11267.82
2018-02-02,11064.14
2018-02-05,11010.39
2018-02-06,10820.33
2018-02-07,10837.8
2018-02-08,10977.25
2018-02-09,10943.57
2018-02-12,11033.2
2018-02-14,11055.79
2018-02-15,11065.56
2018-02-16,10964.64
2018-02-19,10863.51
2018-02-20,10908.25
2018-02-21,11008.58
2018-02-22,10935.71
2018-02-23,11038.62
2018-02-26,11067.06
2018-02-27,11068.94
2018-02-28,11038.86
2018-03-01,11031.3
2018-03-05,10953.76
2018-03-06,10872.66
2018-03-07,10863.27
2018-03-08,10898.02
2018-03-09,10927.21
2018-03-12,11063.99
2018-03-13,11057.73
2018-03-14,11063.7
2018-03-15,11052.98
2018-03-16,10953.4
2018-03-19,10810.44
2018-03-20,10897.4
2018-03-21,10903.3
2018-03-22,10849.59
2018-03-23,10808.93
2018-03-26,10918.02
2018-03-27,11001.93
2018-03-28,11008.55
2018-04-02,11149.88
2018-04-03,11166.2
2018-04-04,11102.99
2018-04-05,11266.29
2018-04-06,11289.39
2018-04-09,11333.75
2018-04-10,11336.15
2018-04-11,11402.06
2018-04-12,11480.45
2018-04-13,11532.26
2018-04-16,11620.05
2018-04-17,11646.94
2018-04-18,11642.91
2018-04-19,11671.16
2018-04-20,11790.79
2018-04-23,11795.99
2018-04-24,11740.63
2018-04-25,11773.01
2018-04-26,11831.25
2018-04-27,11827.88
2018-04-30,11925.81
2018-05-02,11813.03
2018-05-03,11643.96
2018-05-04,11540.23
2018-05-07,11611.65
2018-05-08,11617.41
2018-05-09,11612.14
2018-05-10,11564.14
2018-05-11,11645.95
2018-05-14,11644.75
2018-05-15,11637.45
2018-05-16,11688.86
2018-05-17,11655.28
2018-05-18,11638.59
2018-05-21,11534.47
2018-05-22,11604.45
2018-05-23,11541.41
2018-05-24,11606.72
2018-05-25,11763.19
2018-05-28,11800.3
2018-05-29,11768.12
2018-05-30,11759.29
2018-05-31,11815.13
2018-06-01,11756.87
2018-06-04,11713.01
2018-06-05,11605.31
2018-06-06,11726.7
2018-06-07,11830.06
2018-06-08,11826.48
2018-06-11,11823.85
2018-06-12,11874.06
2018-06-13,11929.81
2018-06-14,11914.42
2018-06-15,11970.37
2018-06-18,11918.55
2018-06-19,11789.54
2018-06-20,11783.22
2018-06-21,11707.95
2018-06-22,11740.89
2018-06-25,11716.81
2018-06-26,11792.47
2018-06-27,11759.9
2018-06-28,11615.76
2018-06-29,11772.31
2018-07-02,11775.8
2018-07-03,11842.35
2018-07-04,11897.71
2018-07-05,11872.39
2018-07-06,11915.46
2018-07-09,12048.98
2018-07-10,12126.56
2018-07-11,12111.96
2018-07-12,12092.53
2018-07-13,12091.78
2018-07-16,12018.92
2018-07-17,12042.52
2018-07-18,12021.3
2018-07-19,11994.75
2018-07-20,12012.95
2018-07-23,12095.87
2018-07-24,12129.27
2018-07-25,12089.9
2018-07-26,12068.18
2018-07-27,12214.35
2018-07-30,12235.99
2018-07-31,12377.65
2018-08-01,12394.52
2018-08-02,12325.33
2018-08-03,12384.1
2018-08-06,12362.15
2018-08-07,12408.04
2018-08-08,12419.29
2018-08-09,12441.39
2018-08-10,12472.44
2018-08-13,12459.11
2018-08-14,12569.35
2018-08-16,12563.64
2018-08-17,12661.8
2018-08-20,12710.93
2018-08-21,12764.78
2018-08-23,12887.27
2018-08-24,12770.7
2018-08-27,12886.53
2018-08-28,12886.94
2018-08-29,12828.21
2018-08-30,12801.84
2018-08-31,12891.43
2018-09-03,12777.69
2018-09-04,12572.3
2018-09-05,12537.76
2018-09-06,12560.42
2018-09-07,12667.92
2018-09-10,12487.94
2018-09-11,12314.38
2018-09-12,12435.74
2018-09-14,12569.89
2018-09-17,12490.1
2018-09-18,12422.44
2018-09-19,12380.63
2018-09-21,12287.5
2018-09-24,12140.98
2018-09-25,12231.84
2018-09-26,12145.15
2018-09-27,12110.44
2018-09-28,11940.94
2018-10-01,12096.72
2018-10-03,11888.67
2018-10-04,11560.99
2018-10-05,11413.45
2018-10-08,11407.4
2018-10-09,11244.22
2018-10-10,11450.94
2018-10-11,11231.14
2018-10-12,11487.06
2018-10-15,11485.06
2018-10-16,11546.31
2018-10-17,11423.06
2018-10-19,11303.95
2018-10-22,11302.42
2018-10-23,11129.41
2018-10-24,11183.25
2018-10-25,11170.5
2018-10-26,11099.0
2018-10-29,11300.26
2018-10-30,11340.74
2018-10-31,11557.66
2018-11-01,11456.45
2018-11-02,11576.45
2018-11-05,11587.32
2018-11-06,11550.25
2018-11-07,11632.62
2018-11-09,11707.91
2018-11-12,11630.16
2018-11-13,11706.62
2018-11-14,11693.59
2018-11-15,11727.56
2018-11-16,11811.89
2018-11-19,11896.89
2018-11-20,11795.0
2018-11-21,11760.37
2018-11-22,11688.79
2018-11-26,11849.53
2018-11-27,11904.67
2018-11-28,11919.28
2018-11-29,11955.74
2018-11-30,12003.72
2018-12-03,12067.79
2018-12-04,12080.9
2018-12-05,12003.35
2018-12-06,11753.11
2018-12-07,11819.49
2018-12-10,11659.3
2018-12-11,11813.27
2018-12-12,12077.12
2018-12-13,12126.45
2018-12-14,12151.97
2018-12-17,12187.16
2018-12-18,12199.55
2018-12-19,12317.73
2018-12-20,12285.33
2018-12-21,12053.86
2018-12-24,11898.33
2018-12-26,11878.16
2018-12-27,11986.28
2018-12-28,12042.95
2018-12-31,12068.51
2019-01-01,12052.33
2019-01-02,11916.91
2019-01-03,11831.58
2019-01-04,11796.05
2019-01-07,11837.68
2019-01-08,11836.25
2019-01-09,11874.23
2019-01-10,11912.9
2019-01-11,11893.84
2019-01-14,11889.44
2019-01-15,12036.82
2019-01-16,11984.28
2019-01-17,11990.98
2019-01-18,11961.84
2019-01-21,11944.06
2019-01-22,11938.93
2019-01-23,11871.73
2019-01-24,11879.85
2019-01-25,11781.42
2019-01-28,11716.35
2019-01-29,11732.59
2019-01-30,11749.42
2019-01-31,11876.88
2019-02-01,12103.58
2019-02-04,12140.53
2019-02-05,12180.13
2019-02-06,12341.7
2019-02-07,12454.75
2019-02-08,12296.88
2019-02-11,12276.03
2019-02-12,12222.24
2019-02-13,12129.74
2019-02-14,12058.56
2019-02-15,11962.98
2019-02-18,11850.41
2019-02-19,11766.84
2019-02-20,11847.37
2019-02-21,11900.54
2019-02-22,11974.72
2019-02-25,12081.07
2019-02-26,12094.4
2019-02-27,12095.91
2019-02-28,12085.29
2019-03-01,12127.9
2019-03-05,12245.85
2019-03-06,12262.7
2019-03-07,12187.29
2019-03-08,12175.52
2019-03-11,12366.7
2019-03-12,12419.4
2019-03-13,12382.57
2019-03-14,12363.87
2019-03-15,12359.86
2019-03-18,12311.25
2019-03-19,12342.95
2019-03-20,12286.12
2019-03-22,12258.06
2019-03-25,12191.38
2019-03-26,12274.77
2019-03-27,12218.13
2019-03-28,12304.7
2019-03-29,12362.37
2019-04-01,12391.21
2019-04-02,12393.16
2019-04-03,12367.63
2019-04-04,12382.76
2019-04-05,12400.45
2019-04-08,12380.91
2019-04-09,12436.51
2019-04-10,12375.85
2019-04-11,12371.08
2019-04-12,12442.05
2019-04-15,12548.0
2019-04-16,12623.64
2019-04-18,12589.13
2019-04-22,12497.89
2019-04-23,12463.0
2019-04-24,12568.8
2019-04-25,12488.71
2019-04-26,12512.76
2019-04-30,12550.0
2019-05-02,12420.74
2019-05-03,12321.76
2019-05-06,12203.29
2019-05-07,12184.24
2019-05-08,12096.82
2019-05-09,12112.52
2019-05-10,12058.82
2019-05-13,11961.99
2019-05-14,11937.05
2019-05-15,11911.61
2019-05-16,11973.8
2019-05-17,12135.24
2019-05-20,12359.89
2019-05-21,12267.72
2019-05-22,12285.7
2019-05-23,12211.85
2019-05-24,12322.91
2019-05-27,12281.84
2019-05-28,12302.94
2019-05-29,12278.04
2019-05-30,12285.0
2019-05-31,12356.12
2019-06-03,12600.91
2019-06-04,12473.32
2019-06-06,12460.46
2019-06-07,12425.34
2019-06-10,12539.28
2019-06-11,12564.63
2019-06-12,12506.99
2019-06-13,12482.13
2019-06-14,12357.07
2019-06-17,12262.29
2019-06-18,12266.86
2019-06-19,12245.88
2019-06-20,12365.23
2019-06-21,12255.71
2019-06-24,12205.08
2019-06-25,12257.31
2019-06-26,12221.19
2019-06-27,12214.59
2019-06-28,12165.51
2019-07-01,12186.01
2019-07-02,12262.39
2019-07-03,12268.44
2019-07-04,12278.95
2019-07-05,12126.31
2019-07-08,11901.34
2019-07-09,11791.78
2019-07-10,11732.13
2019-07-11,11813.43
2019-07-12,11837.16
2019-07-15,11867.85
2019-07-16,11965.7
2019-07-17,12025.99
2019-07-18,11908.68
2019-07-19,11715.03
2019-07-22,11730.55
2019-07-23,11751.48
2019-07-24,11648.29
2019-07-25,11681.43
2019-07-26,11767.02
2019-07-29,11608.21
2019-07-30,11494.73
2019-07-31,11582.97
2019-08-01,11498.35
2019-08-02,11555.27
2019-08-05,11508.38
2019-08-06,11667.85
2019-08-07,11601.5
2019-08-08,11809.35
2019-08-09,11902.9
2019-08-13,11716.42
2019-08-14,11780.71
2019-08-16,11832.38
2019-08-19,11813.86
2019-08-20,11833.31
2019-08-21,11745.15
2019-08-22,11679.17
2019-08-23,11760.95
2019-08-26,11883.78
2019-08-27,11938.97
2019-08-28,11910.84
2019-08-29,11917.01
2019-08-30,12013.72
2019-09-03,11855.79
2019-09-04,11798.05
2019-09-05,11855.61
2019-09-06,11934.87
2019-09-09,11965.4
2019-09-11,12009.53
2019-09-12,11945.51
2019-09-13,12020.16
2019-09-16,12049.85
2019-09-17,11881.24
2019-09-18,11892.61
2019-09-19,11765.42
2019-09-20,12416.71
2019-09-23,12741.02
2019-09-24,12749.49
2019-09-25,12541.72
2019-09-26,12656.48
2019-09-27,12617.04
2019-09-30,12552.92
2019-10-01,12454.94
2019-10-03,12400.01
2019-10-04,12240.02
2019-10-07,12234.68
2019-10-09,12304.45
2019-10-10,12260.54
2019-10-11,12381.64
2019-10-14,12432.28
2019-10-15,12548.02
2019-10-16,12504.2
2019-10-17,12683.51
2019-10-18,12808.74
2019-10-22,12674.8
2019-10-23,12764.08
2019-10-24,12814.78
2019-10-25,12810.52
2019-10-27,12819.35
2019-10-29,12990.62
2019-10-30,13030.78
2019-10-31,13134.95
2019-11-01,13090.27
2019-11-04,13051.89
2019-11-05,13030.4
2019-11-06,12992.24
2019-11-07,13071.18
2019-11-08,12936.77
2019-11-11,12881.22
2019-11-13,12787.03
2019-11-14,12796.43
2019-11-15,12749.48
2019-11-18,12678.71
2019-11-19,12653.62
2019-11-20,12700.38
2019-11-21,12612.7
2019-11-22,12509.12
2019-11-25,12679.68
2019-11-26,12592.25
2019-11-27,12703.35
2019-11-28,12767.1
2019-11-29,12647.67
2019-12-02,12585.57
2019-12-03,12566.33
2019-12-04,12604.58
2019-12-05,12586.69
2019-12-06,12493.68
2019-12-09,12474.57
2019-12-10,12386.26
2019-12-11,12416.47
2019-12-12,12461.05
2019-12-13,12557.56
2019-12-16,12499.57
2019-12-17,12575.39
2019-12-18,12643.0
2019-12-19,12687.74
2019-12-20,12698.92
2019-12-23,12725.12
2019-12-24,12691.75
2019-12-26,12647.96
2019-12-27,12749.43
2019-12-30,12813.12
2019-12-31,12742.98
2020-01-01,12744.72
2020-01-02,12732.08
2020-01-03,12704.38
2020-01-06,12531.04
2020-01-07,12559.19
2020-01-08,12520.74
2020-01-09,12637.62
2020-01-10,12734.77
2020-01-13,12838.47
2020-01-14,12976.83
2020-01-15,13064.89
2020-01-16,13122.23
2020-01-17,13145.6
2020-01-20,13053.08
2020-01-21,12952.79
2020-01-22,12908.08
2020-01-23,13008.45
2020-01-24,13148.8
2020-01-27,13098.47
2020-01-28,13011.61
2020-01-29,13101.04
2020-01-30,12948.82
2020-01-31,12812.6
2020-02-01,12633.61
2020-02-03,12789.21
2020-02-04,12955.08
2020-02-05,12955.24
2020-02-06,12974.13
2020-02-07,13012.49
2020-02-10,12913.57
2020-02-11,12960.14
2020-02-12,13066.93
2020-02-13,13054.61
2020-02-14,12947.74
2020-02-17,12878.88
2020-02-18,12861.97
2020-02-19,12988.96
2020-02-20,12946.5
2020-02-24,12716.48
2020-02-25,12700.89
2020-02-26,12585.16
2020-02-27,12568.59
2020-02-28,12129.03
2020-03-02,12151.17
2020-03-03,12378.17
2020-03-04,12424.96
2020-03-05,12520.55
2020-03-06,12353.67
2020-03-09,11875.1
2020-03-11,11885.27
2020-03-12,11039.21
2020-03-13,11087.86
2020-03-16,10474.99
2020-03-17,10526.98
2020-03-18,10090.12
2020-03-19,9773.07
2020-03-20,10396.07
2020-03-23,9325.67
2020-03-24,9643.3
2020-03-25,9920.9
2020-03-26,10239.22
2020-03-27,10172.15
2020-03-30,10066.17
2020-03-31,10465.27
2020-04-01,10149.2
2020-04-03,9943.14
2020-04-07,10763.63
2020-04-08,10812.09
2020-04-09,11115.7
2020-04-13,10991.34
2020-04-15,11216.22
2020-04-16,11212.29
2020-04-17,11241.19
2020-04-20,11189.06
2020-04-21,11024.1
2020-04-22,11286.48
2020-04-23,11341.25
2020-04-24,11242.89
2020-04-27,11443.72
2020-04-28,11349.59
2020-04-29,11395.44
2020-04-30,11692.85
2020-05-04,11121.76
2020-05-05,10987.76
2020-05-06,10957.45
2020-05-07,10790.41
2020-05-08,10896.04
2020-05-11,11022.41
2020-05-12,11016.91
2020-05-13,11083.66
2020-05-14,11006.54
2020-05-15,10979.94
2020-05-18,10760.48
2020-05-19,10819.53
2020-05-20,10941.06
2020-05-21,11084.59
2020-05-22,11090.88
2020-05-26,11143.4
2020-05-27,11225.58
2020-05-28,11441.74
2020-05-29,11709.16
2020-06-01,11928.47
2020-06-02,11931.52
2020-06-03,11983.91
2020-06-04,12001.66
2020-06-05,12005.5
2020-06-08,11995.28
2020-06-09,11937.26
2020-06-10,11896.25
2020-06-11,11718.67
2020-06-12,11760.94
2020-06-15,11614.39
2020-06-16,11640.34
2020-06-17,11628.79
2020-06-18,11669.5
2020-06-19,11756.72
2020-06-22,11922.88
2020-06-23,12078.63
2020-06-24,12070.86
2020-06-25,12069.89
2020-06-26,12144.76
2020-06-29,12039.51
2020-06-30,12070.64
2020-07-01,12069.42
2020-07-02,12225.63
2020-07-03,12344.85
2020-07-06,12423.45
2020-07-07,12505.81
2020-07-08,12361.47
2020-07-09,12358.64
2020-07-10,12357.1
2020-07-13,12507.34
2020-07-14,12335.03
2020-07-15,12418.99
2020-07-16,12539.22
2020-07-17,12649.27
2020-07-20,12820.22
2020-07-21,12796.06
2020-07-22,12697.38
2020-07-23,12793.05
2020-07-24,12779.22
2020-07-27,12812.79
2020-07-28,12960.38
2020-07-29,12923.12
2020-07-30,12907.33
2020-07-31,12937.25
2020-08-03,12867.37
2020-08-04,12904.05
2020-08-05,12939.56
2020-08-06,13063.11
2020-08-07,13134.2
2020-08-10,13184.21
2020-08-11,13170.23
2020-08-12,13246.16
2020-08-13,13275.77
2020-08-14,13135.5
2020-08-17,13349.74
2020-08-18,13451.69
2020-08-19,13418.9
2020-08-20,13438.88
2020-08-21,13559.51
2020-08-24,13568.79
2020-08-25,13563.46
2020-08-26,13621.6
2020-08-27,13606.72
2020-08-28,13539.92
2020-08-31,13178.04
2020-09-01,13269.47
2020-09-02,13350.4
2020-09-03,13471.46
2020-09-04,13290.23
2020-09-07,13354.61
2020-09-08,13324.68
2020-09-09,13318.93
2020-09-10,13393.17
2020-09-11,13467.88
2020-09-14,13645.68
2020-09-15,13638.68
2020-09-16,13714.11
2020-09-17,13680.25
2020-09-18,13686.45
2020-09-21,13366.57
2020-09-22,13305.29
2020-09-23,13313.04
2020-09-24,13010.24
2020-09-25,13335.28
2020-09-28,13540.73
2020-09-29,13495.29
2020-09-30,13600.5
2020-10-01,13713.66
2020-10-05,13831.57
2020-10-06,13877.28
2020-10-07,13986.36
2020-10-08,14086.26
2020-10-09,14067.9
2020-10-12,14076.04
2020-10-13,14091.45
2020-10-14,14037.36
2020-10-15,13829.44
2020-10-16,13859.85
2020-10-19,13909.71
2020-10-20,13981.65
2020-10-21,13864.4
2020-10-22,13824.21
2020-10-23,13931.97
2020-10-26,13733.7
2020-10-27,13923.32
2020-10-28,13816.32
2020-10-29,13813.94
2020-10-30,13743.53
2020-11-02,13687.29
2020-11-03,13754.35
2020-11-04,13879.7
2020-11-05,14113.37
2020-11-06,14168.77
2020-11-09,14324.93
2020-11-10,14108.5
2020-11-11,14271.22
2020-11-12,14314.98
2020-11-13,14374.51
2020-11-14,14425.14
2020-11-17,14423.05
2020-11-18,14361.88
2020-11-19,14292.93
2020-11-20,14448.88
2020-11-23,14622.21
2020-11-24,14726.97
2020-11-25,14499.49
2020-11-26,14579.33
2020-11-27,14675.84
2020-12-01,14789.85
2020-12-02,14932.73
2020-12-03,15094.75
2020-12-04,15203.32
2020-12-07,15306.1
2020-12-08,15298.91
2020-12-09,15399.6
2020-12-10,15489.5
2020-12-11,15484.83
2020-12-14,15544.38
2020-12-15,15545.46
2020-12-16,15709.9
2020-12-17,15709.29
2020-12-18,15813.61
2020-12-21,15342.97
2020-12-22,15643.01
2020-12-23,15804.32
2020-12-24,15823.93
2020-12-28,15949.41
2020-12-29,15999.81
2020-12-30,16076.03
2020-12-31,16096.37
2021-01-01,16180.55
2021-01-04,16375.61
2021-01-05,16471.24
2021-01-06,16390.36
2021-01-07,16305.67
2021-01-08,16683.99
2021-01-11,16930.5
2021-01-12,16895.56
2021-01-13,16835.08
2021-01-14,16854.45
2021-01-15,16559.87
2021-01-18,16400.67
2021-01-19,16592.29
2021-01-20,16736.75
2021-01-21,16716.87
2021-01-22,16689.47
2021-01-25,16575.14
2021-01-27,16408.94
2021-01-28,16306.08
2021-01-29,15880.83
2021-02-01,16203.49
2021-02-02,16448.63
2021-02-03,16518.06
2021-02-04,16648.48
2021-02-05,16545.14
2021-02-08,16679.12
2021-02-09,16678.26
2021-02-10,16727.9
2021-02-11,16771.41
2021-02-12,16612.55
2021-02-15,16554.45
2021-02-16,16493.85
2021-02-17,16390.3
2021-02-18,16410.44
2021-02-19,16222.7
2021-02-22,15913.32
2021-02-23,15893.54
2021-02-24,16014.46
2021-02-25,16103.02
2021-02-26,15700.42
2021-03-01,15950.24
2021-03-02,16272.32
2021-03-03,16371.31
2021-03-04,16346.92
2021-03-05,16231.66
2021-03-08,16223.31
2021-03-09,16262.44
2021-03-10,16413.73
2021-03-12,16244.62
2021-03-15,16218.43
2021-03-16,16334.47
2021-03-17,16154.74
2021-03-18,15945.17
2021-03-19,16118.41
2021-03-22,16300.35
2021-03-23,16347.95
2021-03-24,16155.25
2021-03-25,15817.16
2021-03-26,16060.76
2021-03-30,16454.55
2021-03-31,16404.29
2021-04-01,16481.28
2021-04-05,16328.47
2021-04-06,16447.21
2021-04-07,16600.8
2021-04-08,16757.4
2021-04-09,16804.45
2021-04-12,16327.8
2021-04-13,16318.91
2021-04-15,16317.51
2021-04-16,16427.03
2021-04-19,16168.25
2021-04-20,16102.22
2021-04-22,16052.59
2021-04-23,15973.36
2021-04-26,16021.83
2021-04-27,16101.73
2021-04-28,16206.41
2021-04-29,16131.51
2021-04-30,16018.79
2021-05-03,16087.88
2021-05-04,16009.01
2021-05-05,16101.99
2021-05-06,16278.33
2021-05-07,16282.19
2021-05-10,16372.29
2021-05-11,16412.62
2021-05-12,16388.59
2021-05-14,16444.99
2021-05-17,16558.69
2021-05-18,16723.06
2021-05-19,16806.88
2021-05-20,16710.63
2021-05-21,16778.84
2021-05-24,16828.96
2021-05-25,16986.96
2021-05-26,17093.98
2021-05-27,17138.08
2021-05-28,17153.98
2021-05-31,17302.06
2021-06-01,17280.5
2021-06-02,17294.58
2021-06-03,17444.48
2021-06-04,17411.64
2021-06-07,17519.6
2021-06-08,17614.95
2021-06-09,17562.73
2021-06-10,17660.71
2021-06-11,17722.18
2021-06-14,17735.24
2021-06-15,17823.75
2021-06-16,17792.56
2021-06-17,17759.06
2021-06-18,17692.31
2021-06-21,17712.34
2021-06-22,17746.1
2021-06-23,17695.53
2021-06-24,17830.98
2021-06-25,17825.98
2021-06-28,17812.83
2021-06-29,17818.07
2021-06-30,17825.9
2021-07-01,17877.59
2021-07-02,17861.37
2021-07-05,18002.29
2021-07-06,17865.28
2021-07-07,17989.7
2021-07-08,17953.9
2021-07-09,17933.79
2021-07-12,17946.26
2021-07-13,17910.95
2021-07-14,18014.6
2021-07-15,18175.27
2021-07-16,18115.01
2021-07-19,18087.9
2021-07-20,18119.05
2021-07-22,18265.1
2021-07-23,18274.67
2021-07-26,18293.9
2021-07-27,18205.14
2021-07-28,18176.15
2021-07-29,18165.78
2021-07-30,18316.39
2021-08-02,18413.58
2021-08-03,18624.41
2021-08-04,18519.45
2021-08-05,18564.13
2021-08-06,18532.84
2021-08-09,18522.89
2021-08-10,18487.8
2021-08-11,18477.79
2021-08-12,18559.15
2021-08-13,18626.38
2021-08-16,18557.78
2021-08-17,18785.99
2021-08-18,18823.97
2021-08-20,18929.08
2021-08-23,18974.47
2021-08-24,18954.59
2021-08-25,18980.07
2021-08-26,18997.48
2021-08-27,19095.85
2021-08-30,19253.17
2021-08-31,19473.57
2021-09-01,19555.14
2021-09-02,19806.88
2021-09-03,19971.9
2021-09-06,20021.3
2021-09-07,19988.3
2021-09-08,19895.38
2021-09-09,20003.97
2021-09-13,20142.87
2021-09-14,20241.7
2021-09-15,20390.24
2021-09-16,20451.77
2021-09-17,20362.32
2021-09-20,20230.63
2021-09-21,20439.31
2021-09-22,20579.44
2021-09-23,20697.39
2021-09-24,20744.72
2021-09-27,20439.05
2021-09-28,20243.4
2021-09-29,20264.56
2021-09-30,20124.65
2021-10-01,20148.39
2021-10-04,20295.26
2021-10-05,20437.25
2021-10-06,20246.58
2021-10-07,20507.37
2021-10-08,20553.97
2021-10-11,20512.96
2021-10-12,20563.96
2021-10-13,20674.91
2021-10-14,20759.03
2021-10-18,20779.56
2021-10-19,20734.23
2021-10-20,20483.86
2021-10-21,20112.53
2021-10-22,19912.42
2021-10-25,19633.41
2021-10-26,19853.7
2021-10-27,19971.24
2021-10-28,19685.92
2021-10-29,19613.33
2021-11-01,19995.4
2021-11-02,19923.72
2021-11-03,19914.31
2021-11-04,20085.0
2021-11-08,20233.63
2021-11-09,20249.85
2021-11-10,20227.05
2021-11-11,20161.49
2021-11-12,20360.26
2021-11-15,20430.73
2021-11-16,20427.81
2021-11-17,20406.8
2021-11-18,20136.39
2021-11-22,19790.23
2021-11-23,19923.75
2021-11-24,19700.73
2021-11-25,19768.34
2021-11-26,19463.22
2021-11-29,19388.66
2021-11-30,19389.97
2021-12-01,19474.43
2021-12-02,19784.91
2021-12-03,19629.0
2021-12-06,19248.04
2021-12-07,19444.13
2021-12-08,19731.35
2021-12-09,19795.56
2021-12-10,19832.35
2021-12-13,19778.33
2021-12-14,19816.37
2021-12-15,19681.61
2021-12-16,19740.57
2021-12-17,19539.81
2021-12-20,19145.79
2021-12-21,19426.73
2021-12-22,19630.12
2021-12-23,19795.99
2021-12-24,19800.97
2021-12-27,19864.13
2021-12-28,20076.85
2021-12-29,20090.24
2021-12-30,20131.17
2021-12-31,20310.43
2022-01-03,20482.98
2022-01-04,20554.88
2022-01-05,20512.26
2022-01-06,20382.09
2022-01-07,20536.77
2022-01-10,20565.77
2022-01-11,20610.16
2022-01-12,20623.46
2022-01-13,20671.48
2022-01-14,20568.51
2022-01-17,20551.03
2022-01-18,20221.05
2022-01-19,19996.8
2022-01-20,19833.28
2022-01-21,19582.45
2022-01-24,19004.95
2022-01-25,19127.44
2022-01-27,18713.56
2022-01-28,18836.2
2022-01-31,19159.16
2022-02-01,19412.52
2022-02-02,19617.62
2022-02-03,19470.04
2022-02-04,19461.32
2022-02-07,19182.46
2022-02-08,19189.04
2022-02-09,19454.24
2022-02-10,19476.93
2022-02-11,19142.23
2022-02-14,18754.86
2022-02-15,19242.34
2022-02-16,19263.49
2022-02-17,19230.42
2022-02-18,19175.56
2022-02-21,19071.76
2022-02-22,18964.15
2022-02-23,18969.18
2022-02-24,18190.43
2022-02-25,18623.33
2022-02-28,18891.97
2022-03-02,18752.5
2022-03-03,18694.42
2022-03-04,18416.81
2022-03-07,18155.33
2022-03-08,18470.19
2022-03-09,18732.23
2022-03-10,18983.74
2022-03-11,19005.42
2022-03-14,19123.42
2022-03-15,18916.82
2022-03-16,19289.41
2022-03-17,19475.79
2022-03-21,19223.97
2022-03-22,19230.82
2022-03-23,19193.04
2022-03-24,19268.39
2022-03-25,19141.33
2022-03-28,19071.38
2022-03-29,19119.95
2022-03-30,19263.52
2022-03-31,19323.13
2022-04-01,19454.39
2022-04-04,19684.18
2022-04-05,19858.53
2022-04-06,19766.05
2022-04-07,19684.31
2022-04-08,19859.37
2022-04-11,19758.36
2022-04-12,19453.73
2022-04-13,19491.39
2022-04-18,19334.02
2022-04-19,18922.72
2022-04-20,19099.27
2022-04-21,19354.09
2022-04-22,19278.64
2022-04-25,18964.85
2022-04-26,19265.64
2022-04-27,19185.24
2022-04-28,19439.87
2022-04-29,19178.4
2022-05-02,19083.99
2022-05-04,18755.41
2022-05-05,18799.11
2022-05-06,18562.82
2022-05-09,18366.65
2022-05-10,18254.07
2022-05-11,18184.33
2022-05-12,17919.1
2022-05-13,18099.95
2022-05-16,18032.47
2022-05-17,18425.18
2022-05-18,18513.12
2022-05-19,17993.89
2022-05-20,18395.27
2022-05-23,18393.63
2022-05-24,18139.83
2022-05-25,17787.27
2022-05-26,17932.82
2022-05-27,18148.47
2022-05-30,18520.63
2022-05-31,18640.19
2022-06-01,18428.88
2022-06-02,18501.08
2022-06-03,18351.63
2022-06-06,18274.85
2022-06-07,18035.09
2022-06-08,17946.9
2022-06-09,18065.7
2022-06-10,17962.32
2022-06-13,17633.47
2022-06-14,17584.55
2022-06-15,17603.78
2022-06-16,17322.21
2022-06-17,17106.74
2022-06-20,17278.21
2022-06-21,17573.49
2022-06-22,17395.15
2022-06-23,17633.46
2022-06-24,17761.89
2022-06-27,17958.16
2022-06-28,17972.8
2022-06-29,17846.15
2022-06-30,17729.94
2022-07-01,18032.74
2022-07-04,18182.29
2022-07-05,18120.14
2022-07-06,18488.15
2022-07-07,18582.11
2022-07-08,18629.31
2022-07-11,18557.81
2022-07-12,18371.54
2022-07-13,18464.1
2022-07-14,18376.86
2022-07-15,18517.78
2022-07-18,18719.91
2022-07-19,18737.54
2022-07-20,18944.47
2022-07-21,19181.5
2022-07-22,19143.21
2022-07-25,19087.76
2022-07-26,18787.32
2022-07-27,19058.65
2022-07-28,19322.23
2022-07-29,19608.42
2022-08-01,19711.07
2022-08-02,19737.68
2022-08-03,19747.71
2022-08-04,19900.28
2022-08-05,19944.42
2022-08-08,19972.04
2022-08-10,19932.65
2022-08-11,20061.84
2022-08-12,20007.38
2022-08-16,20116.83
2022-08-17,20297.84
2022-08-18,20278.06
2022-08-19,20121.62
2022-08-22,19853.43
2022-08-23,19828.78
2022-08-24,19854.73
2022-08-25,19795.92
2022-08-26,19868.36
2022-08-29,19756.65
2022-08-30,20139.25
2022-09-01,19980.5
2022-09-02,19908.45
2022-09-05,19872.09
2022-09-06,19822.02
2022-09-07,19887.18
2022-09-08,19946.57
2022-09-09,20058.24
2022-09-12,20176.62
2022-09-13,20177.46
2022-09-14,19983.21
2022-09-15,19858.12
2022-09-16,19318.83
2022-09-19,19373.06
2022-09-20,19603.03
2022-09-21,19629.69
2022-09-22,19756.84
2022-09-23,19607.74
2022-09-26,19387.22
2022-09-27,19535.69
2022-09-28,19585.13
2022-09-29,19483.83
2022-09-30,19524.82
2022-10-03,19254.2
2022-10-04,19622.92
2022-10-06,19703.75
2022-10-07,19649.62
2022-10-10,19540.36
2022-10-11,19128.94
2022-10-12,19327.4
2022-10-13,19283.97
2022-10-14,19397.23
2022-10-17,19453.23
2022-10-18,19638.5
2022-10-19,19611.64
2022-10-20,19775.18
2022-10-21,19651.35
2022-10-24,19753.69
2022-10-25,19697.5
2022-10-27,19680.53
2022-10-28,19615.39
2022-10-31,19834.95
2022-11-01,20079.52
2022-11-02,20021.72
2022-11-03,19986.87
2022-11-04,19956.76
2022-11-07,19974.21
2022-11-09,19906.34
2022-11-10,19839.34
2022-11-11,19994.91
2022-11-14,19968.1
2022-11-15,20043.61
2022-11-16,19994.44
2022-11-17,19871.16
2022-11-18,19844.38
2022-11-21,19781.12
2022-11-22,19841.47
2022-11-23,19836.93
2022-11-24,20013.98
2022-11-25,20075.27
2022-11-28,20117.9
2022-11-29,20268.82
2022-11-30,20378.69
2022-12-01,20477.8
2022-12-02,20443.82
2022-12-05,20414.45
2022-12-06,20328.3
2022-12-07,20281.61
2022-12-08,20270.05
2022-12-09,20094.68
2022-12-12,20073.39
2022-12-13,20108.7
2022-12-14,20097.06
2022-12-15,19877.48
2022-12-16,19659.04
2022-12-19,19831.79
2022-12-20,19795.62
2022-12-21,19774.17
2022-12-22,19696.7
2022-12-23,19310.4
2022-12-26,19449.06
2022-12-27,19517.92
2022-12-28,19542.26
2022-12-29,19477.76
2022-12-30,19415.8
2023-01-02,19363.05
2023-01-03,19414.64
2023-01-04,19304.3
2023-01-05,19430.58
2023-01-06,19281.32
2023-01-09,19480.0
2023-01-10,19373.81
2023-01-11,19239.68
2023-01-12,19229.64
2023-01-13,19266.38
2023-01-16,19304.85
2023-01-17,19437.05
2023-01-18,19539.92
2023-01-19,19457.23
2023-01-20,19281.57
2023-01-23,19498.12
2023-01-24,19519.3
2023-01-25,19366.07
2023-01-27,19291.38
2023-01-30,19342.49
2023-01-31,19296.98
2023-02-01,19380.96
2023-02-02,19486.98
2023-02-03,19421.56
2023-02-06,19448.84
2023-02-07,19345.84
2023-02-08,19481.46
2023-02-09,19481.24
2023-02-10,19418.54
2023-02-13,19270.82
2023-02-14,19344.37
2023-02-15,19493.47
2023-02-16,19657.72
2023-02-17,19556.19
2023-02-20,19578.38
2023-02-21,19547.77
2023-02-22,19412.08
2023-02-23,19363.91
2023-02-24,19370.8
2023-02-27,19168.02
2023-02-28,19205.09
2023-03-01,19360.16
2023-03-02,19278.24
2023-03-03,19320.98
2023-03-06,19472.07
2023-03-08,19460.85
2023-03-09,19315.01
2023-03-10,19289.65
2023-03-13,19108.35
2023-03-14,18977.72
2023-03-15,18992.0
2023-03-16,19110.24
2023-03-17,19184.42
2023-03-20,19145.04
2023-03-21,19095.96
2023-03-22,19128.67
2023-03-23,19063.1
2023-03-24,18924.89
2023-03-27,18918.56
2023-03-28,18792.67
2023-03-29,18958.97
2023-03-31,19196.1
2023-04-03,19280.43
2023-04-05,19493.49
2023-04-06,19473.37
2023-04-10,19510.93
2023-04-11,19504.3
2023-04-12,19700.46
2023-04-13,19589.45
2023-04-17,19484.1
2023-04-18,19553.74
2023-04-19,19420.06
2023-04-20,19398.23
2023-04-21,19514.98
2023-04-24,19588.18
2023-04-25,19633.16
2023-04-26,19706.56
2023-04-27,19808.87
2023-04-28,20028.88
2023-05-02,20094.63
2023-05-03,20108.37
2023-05-04,20197.22
2023-05-05,20193.88
2023-05-08,20320.23
2023-05-09,20380.42
2023-05-10,20439.65
2023-05-11,20535.54
2023-05-12,20546.07
2023-05-15,20652.25
2023-05-16,20639.35
2023-05-17,20560.9
2023-05-18,20415.27
2023-05-19,20413.16
2023-05-22,20638.67
2023-05-23,20627.48
2023-05-24,20645.67
2023-05-25,20735.92
2023-05-26,20885.65
2023-05-29,20928.24
2023-05-30,20953.78
2023-05-31,20986.51
2023-06-01,21050.23
2023-06-02,21076.21
2023-06-05,21023.82
2023-06-06,20928.0
2023-06-07,21148.59
2023-06-08,20950.86
2023-06-09,20712.41
2023-06-12,20884.51
2023-06-13,21082.18
2023-06-14,21104.77
2023-06-15,21155.63
2023-06-16,21217.95
2023-06-19,21194.89
2023-06-20,21310.02
2023-06-21,21295.55
2023-06-22,21142.54
2023-06-23,21024.72
2023-06-26,21132.54
2023-06-27,21195.7
2023-06-28,21240.39
2023-06-30,21523.42
2023-07-03,21514.72
2023-07-04,21581.58
2023-07-05,21926.37
2023-07-06,21983.67
2023-07-07,21714.22
2023-07-10,21592.77
2023-07-11,21749.6
2023-07-12,21700.51
2023-07-13,21693.71
2023-07-14,22110.64
2023-07-17,22110.36
2023-07-18,22153.38
2023-07-19,22185.61
2023-07-20,22267.43
2023-07-21,21976.41
2023-07-24,21924.23
2023-07-25,21834.24
2023-07-26,21862.21
2023-07-27,21885.85
2023-07-28,21969.82
2023-07-31,22023.03
2023-08-01,22128.53
2023-08-02,22011.99
2023-08-03,21901.73
2023-08-04,22032.24
2023-08-07,22142.4
2023-08-08,22127.38
2023-08-09,22160.32
2023-08-10,22046.52
2023-08-11,21977.24
2023-08-14,21975.12
2023-08-16,22045.86
2023-08-17,21963.62
2023-08-18,21814.02
2023-08-21,21943.74
2023-08-22,21947.43
2023-08-23,21977.06
2023-08-24,22023.1
2023-08-25,21881.0
2023-08-28,21876.94
2023-08-29,21982.11
2023-08-30,22055.0
2023-08-31,21985.18
2023-09-01,22072.32
2023-09-04,22204.26
2023-09-05,22371.91
2023-09-06,22486.71
2023-09-07,22677.36
2023-09-08,22766.84
2023-09-11,22900.54
2023-09-12,22810.09
2023-09-13,22806.6
2023-09-14,22862.0
2023-09-15,23039.99
2023-09-18,23054.55
2023-09-20,22961.05
2023-09-21,22866.79
2023-09-22,22883.09
2023-09-25,22841.13
2023-09-26,22874.41
2023-09-27,22955.88
2023-09-28,22447.44
2023-09-29,22623.22
2023-10-03,22552.43
2023-10-04,22521.52
2023-10-05,22588.98
2023-10-06,22668.95
2023-10-09,22601.33
2023-10-10,22808.95
2023-10-11,22879.0
2023-10-12,22824.31
2023-10-13,22836.14
2023-10-16,22852.12
2023-10-17,22954.18
2023-10-18,22805.69
2023-10-19,22928.47
2023-10-20,22734.72
2023-10-23,22415.41
2023-10-25,22329.5
2023-10-26,22009.37
2023-10-27,22250.12
2023-10-30,22200.86
2023-10-31,22274.49
2023-11-01,22076.92
2023-11-02,22261.93
2023-11-03,22407.64
2023-11-06,22640.06
2023-11-07,22633.61
2023-11-08,22724.16
2023-11-09,22671.8
2023-11-10,22618.86
2023-11-12,22761.81
2023-11-13,22725.16
2023-11-15,22955.1
2023-11-16,23156.6
2023-11-17,23339.2
2023-11-20,23373.06
2023-11-21,23411.11
2023-11-22,23450.92
2023-11-23,23493.53
2023-11-24,23412.01
2023-11-28,23499.17
2023-11-29,23694.87
2023-11-30,23808.53
2023-12-01,23974.93
2023-12-04,24099.13
2023-12-05,24063.21
2023-12-06,24198.41
2023-12-07,24195.52
2023-12-08,24140.57
2023-12-11,24218.9
2023-12-12,24218.83
2023-12-13,24240.85
2023-12-14,24493.99
2023-12-15,24797.81
2023-12-18,24819.89
2023-12-19,24992.51
2023-12-20,24508.15
2023-12-21,24609.05
2023-12-22,24962.69
2023-12-26,25124.82
2023-12-27,25261.01
2023-12-28,25519.18
2023-12-29,25565.03
2024-01-01,25632.48
2024-01-02,25598.99
2024-01-03,25444.48
2024-01-04,25561.09
2024-01-05,25600.85
2024-01-08,25296.1
2024-01-09,25343.87
2024-01-10,25363.65
2024-01-11,25485.21
2024-01-12,25786.21
2024-01-15,26038.5
2024-01-16,25896.69
2024-01-17,25765.2
2024-01-18,25561.65
2024-01-19,25847.66
2024-01-20,25766.36
2024-01-23,25199.79
2024-01-24,25598.42
2024-01-25,25395.8
2024-01-29,25634.67
2024-01-30,25433.12
2024-01-31,25656.71
2024-02-01,25571.82
2024-02-02,25795.27
2024-02-05,25713.59
2024-02-06,25978.38
2024-02-07,25967.73
2024-02-08,25866.89
2024-02-09,25869.79
2024-02-12,25663.91
2024-02-13,25903.13
2024-02-14,26029.21
2024-02-15,26095.17
2024-02-16,26289.8
2024-02-19,26227.53
2024-02-20,26114.64
2024-02-21,25870.4
2024-02-22,26195.86
2024-02-23,26234.36
2024-02-26,26030.31
2024-02-27,26079.95
2024-02-28,25880.09
2024-02-29,25938.25
2024-03-01,26026.57
2024-03-02,26108.77
2024-03-04,26126.69
2024-03-05,25991.52
2024-03-06,26099.97
2024-03-07,26319.81
2024-03-11,26281.98
2024-03-12,26071.84
2024-03-13,25560.68
2024-03-14,26043.38
2024-03-15,25891.37
2024-03-18,25828.08
2024-03-19,25315.12
2024-03-20,25310.54
2024-03-21,25665.34
2024-03-22,25674.94
2024-03-26,25766.37
2024-03-27,25672.66
2024-03-28,25852.01
2024-04-01,26043.08
2024-04-02,26191.52
2024-04-03,26188.65
2024-04-04,26155.12
2024-04-05,26195.76
2024-04-08,26189.16
2024-04-09,26093.15
2024-04-10,26308.71
2024-04-12,26215.5
2024-04-15,25965.74
2024-04-16,25829.97
2024-04-18,25575.53
2024-04-19,25490.9
2024-04-22,25625.09
2024-04-23,25798.06
2024-04-24,25875.39
2024-04-25,26027.66
2024-04-26,26192.79
2024-04-29,26099.55
2024-04-30,26072.56
2024-05-02,26187.94
2024-05-03,26110.61
2024-05-06,26150.75
2024-05-07,26206.06
2024-05-08,26285.01
2024-05-09,25908.21
2024-05-10,26081.31
2024-05-13,26218.82
2024-05-14,26395.2
2024-05-15,26354.42
2024-05-16,26737.57
2024-05-17,26713.81
2024-05-18,26904.76
2024-05-21,27075.18
2024-05-22,27371.68
2024-05-23,27559.19
2024-05-24,27574.66
2024-05-27,27631.75
2024-05-28,27664.48
2024-05-29,27547.47
2024-05-30,27182.36
2024-05-31,27106.99
2024-06-03,27573.37
2024-06-04,26667.98
2024-06-05,27596.51
2024-06-06,27948.87
2024-06-07,28403.41
2024-06-10,28399.55
2024-06-11,28476.03
2024-06-12,28566.01
2024-06-13,28703.79
2024-06-14,28770.7
2024-06-18,28938.09
2024-06-19,28638.93
2024-06-20,28735.56
2024-06-21,28573.46
2024-06-24,28704.36
2024-06-25,28731.05
2024-06-26,28670.4
2024-06-27,28783.73
2024-06-28,28902.81
2024-07-01,29249.19
2024-07-02,29185.79
2024-07-03,29371.33
2024-07-04,29514.36
2024-07-05,29735.16
2024-07-08,29839.43
2024-07-09,29969.03
2024-07-10,29971.86
2024-07-11,30037.83
2024-07-12,30356.81
2024-07-15,30444.87
2024-07-16,30577.86
2024-07-18,30613.9
2024-07-19,30274.24
2024-07-22,30395.25
2024-07-23,30501.96
2024-07-24,30442.92
2024-07-25,30382.93
2024-07-26,30870.76
2024-07-29,30996.28
2024-07-30,31024.17
2024-07-31,31156.91
2024-08-01,31099.44
2024-08-02,30690.0
2024-08-05,30149.96
2024-08-06,30125.64
2024-08-07,30666.95
2024-08-08,30314.86
2024-08-09,30572.18
2024-08-12,30513.93
2024-08-13,30443.44
2024-08-14,30426.79
2024-08-16,31017.29
2024-08-19,31161.27
2024-08-20,31309.82
2024-08-21,31566.62
2024-08-22,31646.1
2024-08-23,31524.85
2024-08-26,31793.55
2024-08-27,31640.88
2024-08-28,31714.34
2024-08-29,31846.69
2024-08-30,31969.22
2024-09-02,32114.39
2024-09-03,32186.67
2024-09-04,32188.05
2024-09-05,32110.44
2024-09-06,31879.8
2024-09-09,31968.04
2024-09-10,32256.6
2024-09-11,32344.54
2024-09-12,32746.65
2024-09-13,32767.3
2024-09-16,32718.05
2024-09-17,32711.83
2024-09-18,32290.59
2024-09-19,32210.04
2024-09-20,32579.04
2024-09-23,32761.05
2024-09-24,32761.16
2024-09-25,32580.94
2024-09-26,32779.12
2024-09-27,32932.12
2024-09-30,32715.35
2024-10-01,32771.07
2024-10-03,32168.92
2024-10-04,31803.53
2024-10-07,31611.1
2024-10-08,31992.42
2024-10-09,32047.16
2024-10-10,31879.19
2024-10-11,32051.55
2024-10-14,32176.6
2024-10-15,32190.13
2024-10-16,32119.35
2024-10-17,31582.33
2024-10-18,31317.98
2024-10-21,31062.46
2024-10-22,30631.79
2024-10-23,30785.42
2024-10-24,30406.21
2024-10-25,30265.96
2024-10-28,30264.54
2024-10-29,30285.7
2024-10-30,30375.8
2024-10-31,29915.84
2024-11-01,30006.33
2024-11-04,29702.73
2024-11-05,29775.82
2024-11-06,30506.27
2024-11-07,30285.86
2024-11-08,30296.86
2024-11-11,30157.01
2024-11-12,29695.8
2024-11-13,29370.5
2024-11-14,29266.21
2024-11-18,29008.09
2024-11-19,29080.15
2024-11-21,28928.39
2024-11-22,29540.56
2024-11-25,29896.46
2024-11-26,30076.39
2024-11-27,30208.19
2024-11-28,29799.38
2024-11-29,29905.16
2024-12-02,30119.87
2024-12-03,30236.88
2024-12-04,30186.04
2024-12-05,30396.19
2024-12-06,30393.16
2024-12-09,30156.24
2024-12-10,30245.94
2024-12-11,30445.96
2024-12-12,30336.15
2024-12-13,30570.18
2024-12-16,30495.97
2024-12-17,30146.95
2024-12-18,30032.08
2024-12-19,29776.43
2024-12-20,29188.76
2024-12-23,29226.31
2024-12-24,29222.95
2024-12-26,29195.78
2024-12-27,29195.09
2024-12-30,29282.86
2024-12-31,29252.5
2025-01-01,29299.43
2025-01-02,29781.49
2025-01-03,29675.7
2025-01-06,29110.19
2025-01-07,29185.44
2025-01-08,29171.28
2025-01-09,29199.14
2025-01-10,29096.07
2025-01-13,28518.96
2025-01-14,28350.54
2025-01-15,28388.97
2025-01-16,28354.42
2025-01-17,28527.74
2025-01-20,28588.49
2025-01-21,28339.15
2025-01-22,28290.71
2025-01-23,28586.75
2025-01-24,28420.72
2025-01-27,27865.87
2025-01-28,27667.3
2025-01-29,28132.45
2025-01-30,28302.05
2025-01-31,28877.92
2025-02-01,28923.28
2025-02-03,28479.61
2025-02-04,28709.63
2025-02-05,28673.09
2025-02-06,28485.71
2025-02-07,28360.47
2025-02-10,28124.85
2025-02-11,27567.64
2025-02-12,27498.15
2025-02-13,27361.79
2025-02-14,27154.77
2025-02-17,27126.49
2025-02-18,27067.39
2025-02-19,27044.9
2025-02-20,27237.87
2025-02-21,27040.77
2025-02-24,26790.15
2025-02-25,26703.18
2025-02-27,26370.82
2025-02-28,25657.53
2025-03-03,25745.13
2025-03-04,25567.07
2025-03-05,26100.42
2025-03-06,26412.07
2025-03-07,26367.16
2025-03-10,26158.45
2025-03-11,26267.06
2025-03-12,26051.74
2025-03-13,25913.54
2025-03-17,25918.14
2025-03-18,26333.15
2025-03-19,26442.2
2025-03-20,26684.48
2025-03-21,26867.06
2025-03-24,27221.67
2025-03-25,27137.14
2025-03-26,27088.59
2025-03-27,27228.22
2025-03-28,27116.81
2025-04-01,26783.32
2025-04-02,26964.73
2025-04-03,26761.95
2025-04-04,26257.79
2025-04-07,25680.14
2025-04-08,26168.71
2025-04-09,26250.74
2025-04-11,26637.44
2025-04-15,27070.18
2025-04-16,27202.74
2025-04-17,27320.3
2025-04-21,27572.53
2025-04-22,27738.31
2025-04-23,28192.1
2025-04-24,28104.81
2025-04-25,27770.19
2025-04-28,28027.68
2025-04-29,28118.49
2025-04-30,27985.64
2025-05-02,27798.6
2025-05-05,28164.85
2025-05-06,27989.88
2025-05-07,27999.63
2025-05-08,27721.23
2025-05-09,27693.58
2025-05-12,28737.09
2025-05-13,28563.89
2025-05-14,28759.07
2025-05-15,29124.27
2025-05-16,29377.87
2025-05-19,29335.47
2025-05-20,28931.59
2025-05-21,29222.16
2025-05-22,28919.6
2025-05-23,29131.43
2025-05-26,29402.2
2025-05-27,29293.81
2025-05-28,29238.29
2025-05-29,29312.34
2025-05-30,29098.25
2025-06-02,29110.21
2025-06-03,28961.35
2025-06-04,29049.46
2025-06-05,29138.12
2025-06-06,29298.17
2025-06-09,29561.48
2025-06-10,29728.3
2025-06-11,29785.0
2025-06-12,29354.88
2025-06-13,29232.13
2025-06-16,29508.9
2025-06-17,29490.66
2025-06-18,29350.33
2025-06-19,29096.9
2025-06-20,29373.78
2025-06-23,29335.0
2025-06-24,29399.46
2025-06-25,29539.72
2025-06-26,29679.65
2025-06-27,29830.5
2025-06-30,29842.15
2025-07-01,29753.18
2025-07-02,29739.56
2025-07-03,29804.5
2025-07-04,29949.91
2025-07-07,29993.62
2025-07-08,30025.11
2025-07-09,29970.44
2025-07-10,29800.3
2025-07-11,29539.68
2025-07-14,29517.06
2025-07-15,29777.21
2025-07-16,29762.55
2025-07-17,29666.72
2025-07-18,29528.43
2025-07-21,29592.46
2025-07-22,29481.84
2025-07-23,29499.24
2025-07-24,29108.14
2025-07-25,28678.75
2025-07-28,28589.12
2025-07-29,28715.85
2025-07-30,28785.06
2025-07-31,28738.58
2025-08-01,28572.81
2025-08-04,28927.08
2025-08-05,28845.86
2025-08-06,28699.02
2025-08-07,28816.87
2025-08-08,28601.64
2025-08-11,28674.05
2025-08-12,28624.84
2025-08-13,28774.3
2025-08-14,28706.35
2025-08-18,29070.41
2025-08-19,29244.14
2025-08-20,29563.4
2025-08-21,29489.16
2025-08-22,29244.65
2025-08-25,29425.06
2025-08-26,29300.77
2025-08-28,29011.67
2025-08-29,29061.99
2025-09-01,29498.84
2025-09-02,29647.11
2025-09-03,29694.89
2025-09-04,29742.77
2025-09-05,29559.98
2025-09-08,29524.43
2025-09-09,29697.34
2025-09-10,30093.97
2025-09-11,30068.7
2025-09-12,30104.7
2025-09-15,30043.04
2025-09-16,30184.27
2025-09-17,30251.61
2025-09-18,30303.3
2025-09-19,30199.21
2025-09-22,29936.69
2025-09-23,29724.55
2025-09-24,29588.72
2025-09-25,29465.84
2025-09-26,28991.42
2025-09-29,29029.26
2025-09-30,29010.2
2025-10-01,29144.21
2025-10-03,29333.94
2025-10-06,29532.68
2025-10-07,29514.83
2025-10-08,29446.22
2025-10-09,29674.14
2025-10-10,29716.26
2025-10-13,29610.65
2025-10-14,29408.03
2025-10-15,29727.71
2025-10-16,30051.6
2025-10-17,30119.73
2025-10-20,30168.68
2025-10-21,30147.73
2025-10-23,30254.2
2025-10-24,30194.53
2025-10-27,30315.06
2025-10-28,30118.63
2025-10-29,30221.54
2025-10-30,30169.93
2025-10-31,30122.68
2025-11-03,30113.83
2025-11-04,29863.18
2025-11-06,29786.09
2025-11-07,29818.61
2025-11-10,30097.17
2025-11-11,30324.09
2025-11-12,30558.37
2025-11-13,30520.08
2025-11-14,30455.22
2025-11-17,30624.71
2025-11-18,30435.38
2025-11-19,30629.55
2025-11-20,30621.8
2025-11-21,30445.82
2025-11-24,30261.07
2025-11-25,30195.98
2025-11-26,30544.03
2025-11-27,30523.71
2025-11-28,30509.38
2025-12-01,30580.17
2025-12-02,30565.74
2025-12-03,30406.09
2025-12-04,30633.35
2025-12-05,30704.38
2025-12-08,30227.67
2025-12-09,30106.19
2025-12-10,30022.31
2025-12-11,30194.81
2025-12-12,30352.96
2025-12-15,30421.49
2025-12-16,30272.61
2025-12-17,30155.03
2025-12-18,30206.22
2025-12-19,30463.87
2025-12-22,30769.73
2025-12-23,30831.2
2025-12-24,30716.58
2025-12-26,30623.55
2025-12-29,30519.5
2025-12-30,30390.14
2025-12-31,30621.62
2026-01-01,30549.94
2026-01-02,30723.66
2026-01-05,30760.85
2026-01-06,30794.46
2026-01-07,31017.84
2026-01-08,30613.92
2026-01-09,30492.89
2026-01-12,30582.49
2026-01-13,30504.84
2026-01-14,30373.58
2026-01-16,30488.51
2026-01-19,30703.39
2026-01-20,30004.88
2026-01-21,29804.78
2026-01-22,30152.86
2026-01-23,29939.49
2026-01-27,30016.41
2026-01-28,30304.62
2026-01-29,30137.52
2026-01-30,30083.47
2026-02-01,29459.56
2026-02-02,29774.37
2026-02-03,30250.56
2026-02-04,30000.14
2026-02-05,29837.73
2026-02-06,29831.67
2026-02-09,29994.19
2026-02-10,30073.27
2026-02-11,29962.76
2026-02-12,29555.67
2026-02-13,29061.94
2026-02-16,29291.85
2026-02-17,29528.71
2026-02-18,29604.31
2026-02-19,29093.23
2026-02-20,29228.43
2026-02-23,29187.12
2026-02-24,28856.31
2026-02-25,29173.4
2026-02-26,29201.87
2026-02-27,28916.95
2026-03-02,28624.69
2026-03-04,28203.73
2026-03-05,28498.63
2026-03-06,28471.52
2026-03-09,28030.82
2026-03-10,28420.9
2026-03-11,27937.85
2026-03-12,27800.14
2026-03-13,27257.64
2026-03-16,27213.16
2026-03-17,27264.2
2026-03-18,27646.36
2026-03-19,26777.17
2026-03-20,27047.15
2026-03-23,26334.18
2026-03-24,26767.14
2026-03-25,27129.06
2026-03-27,26667.69
2026-03-30,26139.47
2026-04-01,26760.0
2026-04-02,26879.32
2026-04-06,27196.44
2026-04-07,27473.52
2026-04-08,28008.53
2026-04-09,28131.42
2026-04-10,28361.85
2026-04-13,28032.25
2026-04-15,28596.64
2026-04-16,28747.92
2026-04-17,29241.74
2026-04-20,29198.68
2026-04-21,29420.46
2026-04-22,29199.3
2026-04-23,29026.76
2026-04-24,28700.15
2026-04-27,28928.93
2026-04-28,28900.85
2026-04-29,29097.36
2026-04-30,28972.25
2026-05-04,29170.92
2026-05-05,29282.47
2026-05-06,29481.32
2026-05-07,29597.83
2026-05-08,29616.82
2026-05-11,29331.35
2026-05-12,28639.47
2026-05-13,28832.55
2026-05-14,28862.75
2026-05-15,28821.42
2026-05-18,28797.32
2026-05-19,29012.49
2026-05-20,28966.73
2026-05-21,29005.62
2026-05-22,29017.86
2026-05-25,29077.9
2026-05-26,29129.12
2026-05-27,29332.05
2026-05-29,28957.52
2026-06-01,28771.88
2026-06-02,29108.56
2026-06-03,28622.89
2026-06-04,28741.67
2026-06-05,28612.5
2026-06-08,28389.81
2026-06-09,28556.37
2026-06-10,28433.11
2026-06-11,28103.78
2026-06-12,28357.15
2026-06-15,28595.47
2026-06-16,28851.97
2026-06-17,29140.69
2026-06-18,29143.69
2026-06-19,28902.8
2026-06-22,28873.29
2026-06-23,28596.89
2026-06-24,28529.43
2026-06-25,28499.94
2026-06-29,28288.59
2026-06-30,28214.2
2026-07-01,28359.84
2026-07-02,28701.98
2026-07-03,28804.82
2026-07-06,28959.02
2026-07-07,29032.48
2026-07-08,28523.77
2026-07-09,28616.0
2026-07-10,28893.32
2026-07-13,29047.27
2026-07-14,28794.31
2026-07-15,28798.12
2026-07-16,28846.34
2026-07-17,29051.4
2026-07-20,29233.93
2026-07-21,29213.56
2026-07-22,29160.47
2026-07-23,29077.24
2026-07-24,29126.58
2026-07-27,29478.93
2026-07-28,29550.9
2026-07-29,29871.03
2026-07-30,29874.08
2026-07-31,29830.98
