Date,TotalReturnsIndex
2005-04-01,1000.0
2005-04-04,1000.01
2005-04-05,989.36
2005-04-06,994.63
2005-04-07,992.35
2005-04-08,979.83
2005-04-11,970.73
2005-04-12,981.29
2005-04-13,983.74
2005-04-15,951.85
2005-04-18,939.01
2005-04-19,932.5
2005-04-20,945.8
2005-04-21,959.38
2005-04-22,965.11
2005-04-25,970.72
2005-04-26,966.44
2005-04-27,955.41
2005-04-28,948.64
2005-04-29,924.62
2005-05-02,932.3
2005-05-03,937.68
2005-05-04,951.13
2005-05-05,964.25
2005-05-06,965.81
2005-05-09,979.61
2005-05-10,981.1
2005-05-11,976.54
2005-05-12,980.93
2005-05-13,980.71
2005-05-16,993.02
2005-05-17,983.79
2005-05-18,981.23
2005-05-19,987.48
2005-05-20,988.64
2005-05-23,994.99
2005-05-24,1000.48
2005-05-25,1004.24
2005-05-26,1013.94
2005-05-27,1015.33
2005-05-30,1005.0
2005-05-31,1014.85
2005-06-01,1011.93
2005-06-02,1001.51
2005-06-03,1011.52
2005-06-04,1011.42
2005-06-06,1015.73
2005-06-07,1030.93
2005-06-08,1040.47
2005-06-09,1037.14
2005-06-10,1028.2
2005-06-13,1032.63
2005-06-14,1039.27
2005-06-15,1042.48
2005-06-16,1036.45
2005-06-17,1035.63
2005-06-20,1031.38
2005-06-21,1041.5
2005-06-22,1044.43
2005-06-23,1050.36
2005-06-24,1048.0
2005-06-27,1049.37
2005-06-28,1034.87
2005-06-29,1043.71
2005-06-30,1058.89
2005-07-01,1059.93
2005-07-04,1070.19
2005-07-05,1063.72
2005-07-06,1077.55
2005-07-07,1063.43
2005-07-08,1074.0
2005-07-11,1084.87
2005-07-12,1086.97
2005-07-13,1082.39
2005-07-14,1074.68
2005-07-15,1081.1
2005-07-18,1092.45
2005-07-19,1099.4
2005-07-20,1099.1
2005-07-21,1092.53
2005-07-22,1115.26
2005-07-25,1135.67
2005-07-26,1144.09
2005-07-27,1152.17
2005-07-29,1156.72
2005-08-01,1155.74
2005-08-02,1165.86
2005-08-03,1168.89
2005-08-04,1174.03
2005-08-05,1172.42
2005-08-08,1143.74
2005-08-09,1143.33
2005-08-10,1166.49
2005-08-11,1177.24
2005-08-12,1172.86
2005-08-16,1172.82
2005-08-17,1180.52
2005-08-18,1177.44
2005-08-19,1169.7
2005-08-22,1158.85
2005-08-23,1139.26
2005-08-24,1130.22
2005-08-25,1143.64
2005-08-26,1149.46
2005-08-29,1138.01
2005-08-30,1154.24
2005-08-31,1161.52
2005-09-01,1170.3
2005-09-02,1175.02
2005-09-05,1182.78
2005-09-06,1188.41
2005-09-08,1201.23
2005-09-09,1207.32
2005-09-12,1220.99
2005-09-13,1228.84
2005-09-14,1227.72
2005-09-15,1239.46
2005-09-16,1250.92
2005-09-19,1260.4
2005-09-20,1265.08
2005-09-21,1256.97
2005-09-22,1213.56
2005-09-23,1213.29
2005-09-26,1253.84
2005-09-27,1255.94
2005-09-28,1259.8
2005-09-29,1257.83
2005-09-30,1265.52
2005-10-03,1281.51
2005-10-04,1298.03
2005-10-05,1285.1
2005-10-06,1259.04
2005-10-07,1248.8
2005-10-10,1241.71
2005-10-11,1247.96
2005-10-13,1232.14
2005-10-14,1198.01
2005-10-17,1191.73
2005-10-18,1180.04
2005-10-19,1158.01
2005-10-20,1139.33
2005-10-21,1168.09
2005-10-24,1151.55
2005-10-25,1163.94
2005-10-26,1161.7
2005-10-27,1116.11
2005-10-28,1108.33
2005-10-31,1150.12
2005-11-01,1156.59
2005-11-02,1168.41
2005-11-07,1191.31
2005-11-08,1206.42
2005-11-09,1204.59
2005-11-10,1214.66
2005-11-11,1238.35
2005-11-14,1243.81
2005-11-16,1255.36
2005-11-17,1268.62
2005-11-18,1275.53
2005-11-21,1266.27
2005-11-22,1262.58
2005-11-23,1281.87
2005-11-24,1292.84
2005-11-25,1322.98
2005-11-26,1346.74
2005-11-28,1365.51
2005-11-29,1355.68
2005-11-30,1330.56
2005-12-01,1364.02
2005-12-02,1370.85
2005-12-05,1356.78
2005-12-06,1353.86
2005-12-07,1367.41
2005-12-08,1379.42
2005-12-09,1400.95
2005-12-12,1401.97
2005-12-13,1418.2
2005-12-14,1417.17
2005-12-15,1391.04
2005-12-16,1414.04
2005-12-19,1434.41
2005-12-20,1424.66
2005-12-21,1416.4
2005-12-22,1421.13
2005-12-23,1403.64
2005-12-26,1354.7
2005-12-27,1395.62
2005-12-28,1392.16
2005-12-29,1397.26
2005-12-30,1418.38
2006-01-02,1420.49
2006-01-03,1445.72
2006-01-04,1461.68
2006-01-05,1460.64
2006-01-06,1465.04
2006-01-09,1467.21
2006-01-10,1449.11
2006-01-12,1447.28
2006-01-13,1453.69
2006-01-16,1446.64
2006-01-17,1432.55
2006-01-18,1430.17
2006-01-19,1463.46
2006-01-20,1489.2
2006-01-23,1493.57
2006-01-24,1505.96
2006-01-25,1507.59
2006-01-27,1543.4
2006-01-30,1538.79
2006-01-31,1557.13
2006-02-01,1533.02
2006-02-02,1531.32
2006-02-03,1526.89
2006-02-06,1543.5
2006-02-07,1567.41
2006-02-08,1561.02
2006-02-10,1575.39
2006-02-13,1589.95
2006-02-14,1588.21
2006-02-15,1585.74
2006-02-16,1585.9
2006-02-17,1555.69
2006-02-20,1554.85
2006-02-21,1569.05
2006-02-22,1570.23
2006-02-23,1559.38
2006-02-24,1576.29
2006-02-27,1587.46
2006-02-28,1605.73
2006-03-01,1647.63
2006-03-02,1664.21
2006-03-03,1680.2
2006-03-06,1701.85
2006-03-07,1713.86
2006-03-08,1679.38
2006-03-09,1686.59
2006-03-10,1717.52
2006-03-13,1711.64
2006-03-14,1702.3
2006-03-16,1715.01
2006-03-17,1711.52
2006-03-20,1722.67
2006-03-21,1717.54
2006-03-22,1716.83
2006-03-23,1714.59
2006-03-24,1734.44
2006-03-27,1753.8
2006-03-28,1749.38
2006-03-29,1765.21
2006-03-30,1775.11
2006-03-31,1797.03
2006-04-03,1848.79
2006-04-04,1868.48
2006-04-05,1902.78
2006-04-07,1872.06
2006-04-10,1888.87
2006-04-12,1846.7
2006-04-13,1802.09
2006-04-17,1841.6
2006-04-18,1868.43
2006-04-19,1875.92
2006-04-20,1885.57
2006-04-21,1878.12
2006-04-24,1870.28
2006-04-25,1823.23
2006-04-26,1879.28
2006-04-27,1863.5
2006-04-28,1882.86
2006-04-29,1920.62
2006-05-02,1949.26
2006-05-03,1965.67
2006-05-04,1964.18
2006-05-05,1971.74
2006-05-08,1974.56
2006-05-09,1979.19
2006-05-10,1986.12
2006-05-11,1975.95
2006-05-12,1961.26
2006-05-15,1852.51
2006-05-16,1861.99
2006-05-17,1907.97
2006-05-18,1745.0
2006-05-19,1637.01
2006-05-22,1551.37
2006-05-23,1625.38
2006-05-24,1596.4
2006-05-25,1611.44
2006-05-26,1641.57
2006-05-29,1660.67
2006-05-30,1640.2
2006-05-31,1594.6
2006-06-01,1527.86
2006-06-02,1596.41
2006-06-05,1550.78
2006-06-06,1506.99
2006-06-07,1450.85
2006-06-08,1384.52
2006-06-09,1467.65
2006-06-12,1412.72
2006-06-13,1341.02
2006-06-14,1317.52
2006-06-15,1412.75
2006-06-16,1478.16
2006-06-19,1511.41
2006-06-20,1485.27
2006-06-21,1513.0
2006-06-22,1551.77
2006-06-23,1559.96
2006-06-25,1561.66
2006-06-26,1490.19
2006-06-27,1512.45
2006-06-28,1508.57
2006-06-29,1513.55
2006-06-30,1585.17
2006-07-03,1594.78
2006-07-04,1584.43
2006-07-05,1617.7
2006-07-06,1604.49
2006-07-07,1572.21
2006-07-10,1607.57
2006-07-11,1603.38
2006-07-12,1631.34
2006-07-13,1623.71
2006-07-14,1595.39
2006-07-17,1530.34
2006-07-18,1516.2
2006-07-19,1461.97
2006-07-20,1516.58
2006-07-21,1478.93
2006-07-24,1489.91
2006-07-25,1525.43
2006-07-26,1558.63
2006-07-27,1582.72
2006-07-28,1576.0
2006-07-31,1585.12
2006-08-01,1580.38
2006-08-02,1600.59
2006-08-03,1602.97
2006-08-04,1597.76
2006-08-07,1596.23
2006-08-08,1626.23
2006-08-09,1649.41
2006-08-10,1661.57
2006-08-11,1666.36
2006-08-14,1688.51
2006-08-16,1705.0
2006-08-17,1717.78
2006-08-18,1728.22
2006-08-21,1735.25
2006-08-22,1731.12
2006-08-23,1710.08
2006-08-24,1728.83
2006-08-25,1735.71
2006-08-28,1738.38
2006-08-29,1749.79
2006-08-30,1747.7
2006-08-31,1738.53
2006-09-01,1758.08
2006-09-04,1780.75
2006-09-05,1785.72
2006-09-06,1787.89
2006-09-07,1780.46
2006-09-08,1790.77
2006-09-11,1726.52
2006-09-12,1745.22
2006-09-13,1778.5
2006-09-14,1786.81
2006-09-15,1795.43
2006-09-18,1805.79
2006-09-19,1780.06
2006-09-20,1797.78
2006-09-21,1825.01
2006-09-22,1823.43
2006-09-25,1810.25
2006-09-26,1828.35
2006-09-27,1834.56
2006-09-28,1824.98
2006-09-29,1843.75
2006-10-03,1833.65
2006-10-04,1808.56
2006-10-05,1832.75
2006-10-06,1833.76
2006-10-09,1837.48
2006-10-10,1844.28
2006-10-11,1836.97
2006-10-12,1868.77
2006-10-13,1896.65
2006-10-16,1916.47
2006-10-17,1908.25
2006-10-18,1902.51
2006-10-19,1890.39
2006-10-20,1891.34
2006-10-21,1898.8
2006-10-23,1886.09
2006-10-26,1904.87
2006-10-27,1933.73
2006-10-30,1939.58
2006-10-31,1930.0
2006-11-01,1935.83
2006-11-02,1939.5
2006-11-03,1944.71
2006-11-06,1957.02
2006-11-07,1961.04
2006-11-08,1946.55
2006-11-09,1951.23
2006-11-10,1971.34
2006-11-13,1987.02
2006-11-14,1983.86
2006-11-15,1983.71
2006-11-16,1993.73
2006-11-17,1973.49
2006-11-20,1968.14
2006-11-21,2003.66
2006-11-22,2025.33
2006-11-23,2021.96
2006-11-24,2022.47
2006-11-27,2029.07
2006-11-28,2007.37
2006-11-29,2020.47
2006-11-30,2029.75
2006-12-01,2059.94
2006-12-04,2079.84
2006-12-05,2072.42
2006-12-06,2065.74
2006-12-07,2069.49
2006-12-08,2051.51
2006-12-11,1994.31
2006-12-12,1917.85
2006-12-13,1949.87
2006-12-14,1993.01
2006-12-15,2018.88
2006-12-18,2021.01
2006-12-19,1970.6
2006-12-20,1960.78
2006-12-21,1965.95
2006-12-22,1982.75
2006-12-26,2024.33
2006-12-27,2044.98
2006-12-28,2041.56
2006-12-29,2044.94
2007-01-02,2074.59
2007-01-03,2078.1
2007-01-04,2057.18
2007-01-05,2047.64
2007-01-08,2011.87
2007-01-09,1998.47
2007-01-10,1972.24
2007-01-11,2013.77
2007-01-12,2067.11
2007-01-15,2085.75
2007-01-16,2091.96
2007-01-17,2090.05
2007-01-18,2100.94
2007-01-19,2092.59
2007-01-22,2096.1
2007-01-23,2060.93
2007-01-24,2059.92
2007-01-25,2081.47
2007-01-29,2066.9
2007-01-31,2052.48
2007-02-01,2078.72
2007-02-02,2102.29
2007-02-05,2108.5
2007-02-06,2101.66
2007-02-07,2116.42
2007-02-08,2111.3
2007-02-09,2084.12
2007-02-12,2027.03
2007-02-13,2011.3
2007-02-14,2007.9
2007-02-15,2065.56
2007-02-19,2069.05
2007-02-20,2048.42
2007-02-21,2041.38
2007-02-22,2003.62
2007-02-23,1948.47
2007-02-26,1963.64
2007-02-27,1947.12
2007-02-28,1870.12
2007-03-01,1886.52
2007-03-02,1846.5
2007-03-05,1778.18
2007-03-06,1807.14
2007-03-07,1789.03
2007-03-08,1862.46
2007-03-09,1833.25
2007-03-12,1833.62
2007-03-13,1848.93
2007-03-14,1796.69
2007-03-15,1800.73
2007-03-16,1784.28
2007-03-19,1816.3
2007-03-20,1831.56
2007-03-21,1850.6
2007-03-22,1899.66
2007-03-23,1902.51
2007-03-26,1879.32
2007-03-28,1847.91
2007-03-29,1856.55
2007-03-30,1881.72
2007-04-02,1794.92
2007-04-03,1815.18
2007-04-04,1845.17
2007-04-05,1859.26
2007-04-09,1914.38
2007-04-10,1925.54
2007-04-11,1928.59
2007-04-12,1917.09
2007-04-13,1961.29
2007-04-16,1998.52
2007-04-17,1988.81
2007-04-18,2004.27
2007-04-19,2000.34
2007-04-20,2035.53
2007-04-23,2034.79
2007-04-24,2061.33
2007-04-25,2074.82
2007-04-26,2080.84
2007-04-27,2057.68
2007-04-30,2073.07
2007-05-03,2104.46
2007-05-04,2088.76
2007-05-07,2088.67
2007-05-08,2069.57
2007-05-09,2074.21
2007-05-10,2071.93
2007-05-11,2075.05
2007-05-14,2099.62
2007-05-15,2104.77
2007-05-16,2120.8
2007-05-17,2140.66
2007-05-18,2141.61
2007-05-21,2152.65
2007-05-22,2173.05
2007-05-23,2158.03
2007-05-24,2156.05
2007-05-25,2159.85
2007-05-28,2172.34
2007-05-29,2189.38
2007-05-30,2151.8
2007-05-31,2177.09
2007-06-01,2194.37
2007-06-04,2189.33
2007-06-05,2210.3
2007-06-06,2171.82
2007-06-07,2164.09
2007-06-08,2141.37
2007-06-11,2146.46
2007-06-12,2150.99
2007-06-13,2135.98
2007-06-14,2177.1
2007-06-15,2184.3
2007-06-18,2182.55
2007-06-19,2217.94
2007-06-20,2251.89
2007-06-21,2259.29
2007-06-22,2250.15
2007-06-25,2249.52
2007-06-26,2255.04
2007-06-27,2246.67
2007-06-28,2263.22
2007-06-29,2304.71
2007-07-02,2315.11
2007-07-03,2336.78
2007-07-04,2344.31
2007-07-05,2332.59
2007-07-06,2347.63
2007-07-09,2367.92
2007-07-10,2361.1
2007-07-11,2355.8
2007-07-12,2403.48
2007-07-13,2439.92
2007-07-16,2441.78
2007-07-17,2417.38
2007-07-18,2431.87
2007-07-19,2459.14
2007-07-20,2453.46
2007-07-23,2478.46
2007-07-24,2476.51
2007-07-25,2450.04
2007-07-26,2455.44
2007-07-27,2378.5
2007-07-30,2380.72
2007-07-31,2436.65
2007-08-01,2330.93
2007-08-02,2345.94
2007-08-03,2366.7
2007-08-06,2331.76
2007-08-07,2337.19
2007-08-08,2387.8
2007-08-09,2349.7
2007-08-10,2311.04
2007-08-13,2330.09
2007-08-14,2329.47
2007-08-16,2221.73
2007-08-17,2166.31
2007-08-20,2223.32
2007-08-21,2144.03
2007-08-22,2176.14
2007-08-23,2150.96
2007-08-24,2199.8
2007-08-27,2271.68
2007-08-28,2299.43
2007-08-29,2321.91
2007-08-30,2346.5
2007-08-31,2377.59
2007-09-03,2396.05
2007-09-04,2407.0
2007-09-05,2412.65
2007-09-06,2432.05
2007-09-07,2423.47
2007-09-10,2429.7
2007-09-11,2424.37
2007-09-12,2438.44
2007-09-13,2462.54
2007-09-14,2455.56
2007-09-17,2458.43
2007-09-18,2486.98
2007-09-19,2573.72
2007-09-20,2602.33
2007-09-21,2638.34
2007-09-24,2737.37
2007-09-25,2743.35
2007-09-26,2707.31
2007-09-27,2707.34
2007-09-28,2769.68
2007-10-01,2836.86
2007-10-03,2895.4
2007-10-04,2915.35
2007-10-05,2891.88
2007-10-08,2800.85
2007-10-09,2952.01
2007-10-10,3055.1
2007-10-11,3123.0
2007-10-12,3068.03
2007-10-15,3231.76
2007-10-16,3260.69
2007-10-17,3154.09
2007-10-18,2991.5
2007-10-19,2815.39
2007-10-22,2812.99
2007-10-23,3068.13
2007-10-24,3142.84
2007-10-25,3175.44
2007-10-26,3313.75
2007-10-29,3448.04
2007-10-30,3501.55
2007-10-31,3583.07
2007-11-01,3559.66
2007-11-02,3647.76
2007-11-05,3670.72
2007-11-06,3578.13
2007-11-07,3568.98
2007-11-08,3542.72
2007-11-09,3516.55
2007-11-12,3497.09
2007-11-13,3587.02
2007-11-14,3695.2
2007-11-15,3703.33
2007-11-16,3705.86
2007-11-19,3782.31
2007-11-20,3731.02
2007-11-21,3511.7
2007-11-22,3519.14
2007-11-23,3653.8
2007-11-26,3759.79
2007-11-27,3729.55
2007-11-28,3689.86
2007-11-29,3683.58
2007-11-30,3825.63
2007-12-03,3947.1
2007-12-04,4009.8
2007-12-05,4050.82
2007-12-06,4029.07
2007-12-07,4010.14
2007-12-10,3996.01
2007-12-11,4042.67
2007-12-12,4103.74
2007-12-13,4079.18
2007-12-14,4071.32
2007-12-17,3829.0
2007-12-18,3791.42
2007-12-19,3796.59
2007-12-20,3792.37
2007-12-24,3912.51
2007-12-26,4022.42
2007-12-27,3992.34
2007-12-28,4070.19
2007-12-31,4107.15
2008-01-01,4122.29
2008-01-02,4193.95
2008-01-03,4230.38
2008-01-04,4296.81
2008-01-07,4302.78
2008-01-08,4275.26
2008-01-09,4236.77
2008-01-10,4084.94
2008-01-11,4107.02
2008-01-14,4206.99
2008-01-15,4116.49
2008-01-16,4050.69
2008-01-17,4037.57
2008-01-18,3822.33
2008-01-21,3286.99
2008-01-22,3077.14
2008-01-23,3357.03
2008-01-24,3189.92
2008-01-25,3495.88
2008-01-28,3470.85
2008-01-29,3451.85
2008-01-30,3335.46
2008-01-31,3300.35
2008-02-01,3340.7
2008-02-04,3440.09
2008-02-05,3514.71
2008-02-06,3437.99
2008-02-07,3301.79
2008-02-08,3237.37
2008-02-11,2977.31
2008-02-12,2971.01
2008-02-13,3012.48
2008-02-14,3237.74
2008-02-15,3307.94
2008-02-18,3302.12
2008-02-19,3306.95
2008-02-20,3193.51
2008-02-21,3227.15
2008-02-22,3165.28
2008-02-25,3206.88
2008-02-26,3262.62
2008-02-27,3267.75
2008-02-28,3249.78
2008-02-29,3216.73
2008-03-03,3001.96
2008-03-04,2923.25
2008-03-05,2913.81
2008-03-07,2761.4
2008-03-10,2770.13
2008-03-11,2875.05
2008-03-12,2880.84
2008-03-13,2658.57
2008-03-14,2748.67
2008-03-17,2551.91
2008-03-18,2533.29
2008-03-19,2537.9
2008-03-24,2484.16
2008-03-25,2688.63
2008-03-26,2673.92
2008-03-27,2654.05
2008-03-28,2776.23
2008-03-31,2651.32
2008-04-01,2631.9
2008-04-02,2609.5
2008-04-03,2612.17
2008-04-04,2532.52
2008-04-07,2598.65
2008-04-08,2565.9
2008-04-09,2610.8
2008-04-10,2639.52
2008-04-11,2693.3
2008-04-15,2742.34
2008-04-16,2763.41
2008-04-17,2813.57
2008-04-21,2893.41
2008-04-22,2946.67
2008-04-23,2920.27
2008-04-24,2917.3
2008-04-25,2977.3
2008-04-28,2970.77
2008-04-29,3043.2
2008-04-30,3028.16
2008-05-02,3087.03
2008-05-05,3074.52
2008-05-06,3010.59
2008-05-07,3000.21
2008-05-08,2955.37
2008-05-09,2839.57
2008-05-12,2869.1
2008-05-13,2854.67
2008-05-14,2906.3
2008-05-15,2982.24
2008-05-16,3031.1
2008-05-20,3000.23
2008-05-21,3048.14
2008-05-22,2980.99
2008-05-23,2914.37
2008-05-26,2831.67
2008-05-27,2795.27
2008-05-28,2828.12
2008-05-29,2809.94
2008-05-30,2808.47
2008-06-02,2709.22
2008-06-03,2695.2
2008-06-04,2572.35
2008-06-05,2636.35
2008-06-06,2607.18
2008-06-09,2543.56
2008-06-10,2524.55
2008-06-11,2561.96
2008-06-12,2600.88
2008-06-13,2572.86
2008-06-16,2600.52
2008-06-17,2669.56
2008-06-18,2610.53
2008-06-19,2554.11
2008-06-20,2439.59
2008-06-23,2336.34
2008-06-24,2283.61
2008-06-25,2335.95
2008-06-26,2357.85
2008-06-27,2257.3
2008-06-30,2170.72
2008-07-01,2063.01
2008-07-02,2193.49
2008-07-03,2074.97
2008-07-04,2157.16
2008-07-07,2162.81
2008-07-08,2148.0
2008-07-09,2256.66
2008-07-10,2272.9
2008-07-11,2203.13
2008-07-14,2204.83
2008-07-15,2106.56
2008-07-16,2053.91
2008-07-17,2103.78
2008-07-18,2187.19
2008-07-21,2195.83
2008-07-22,2283.97
2008-07-23,2467.22
2008-07-24,2448.54
2008-07-25,2382.78
2008-07-28,2395.24
2008-07-29,2297.7
2008-07-30,2398.44
2008-07-31,2411.77
2008-08-01,2482.65
2008-08-04,2532.85
2008-08-05,2568.66
2008-08-06,2522.34
2008-08-07,2526.49
2008-08-08,2532.76
2008-08-11,2591.5
2008-08-12,2542.49
2008-08-13,2529.1
2008-08-14,2450.66
2008-08-18,2412.07
2008-08-19,2412.54
2008-08-20,2450.48
2008-08-21,2369.74
2008-08-22,2403.52
2008-08-25,2394.31
2008-08-26,2400.83
2008-08-27,2370.48
2008-08-28,2327.18
2008-08-29,2420.12
2008-09-01,2418.46
2008-09-02,2483.61
2008-09-04,2451.56
2008-09-05,2384.68
2008-09-08,2445.25
2008-09-09,2422.24
2008-09-10,2393.12
2008-09-11,2353.48
2008-09-12,2329.2
2008-09-15,2231.87
2008-09-16,2214.43
2008-09-17,2174.77
2008-09-18,2163.32
2008-09-19,2253.1
2008-09-22,2257.51
2008-09-23,2235.98
2008-09-24,2256.0
2008-09-25,2227.62
2008-09-26,2167.44
2008-09-29,2092.67
2008-09-30,2121.03
2008-10-01,2131.04
2008-10-03,2063.94
2008-10-06,1932.75
2008-10-07,1925.54
2008-10-08,1885.11
2008-10-10,1765.98
2008-10-13,1829.18
2008-10-14,1866.82
2008-10-15,1781.9
2008-10-16,1746.61
2008-10-17,1675.88
2008-10-20,1683.77
2008-10-21,1742.2
2008-10-22,1678.81
2008-10-23,1596.39
2008-10-24,1450.4
2008-10-27,1390.07
2008-10-28,1467.15
2008-10-29,1463.19
2008-10-31,1542.47
2008-11-03,1602.12
2008-11-04,1640.49
2008-11-05,1609.15
2008-11-06,1574.14
2008-11-07,1609.0
2008-11-10,1692.41
2008-11-11,1612.21
2008-11-12,1580.06
2008-11-14,1566.02
2008-11-17,1551.04
2008-11-18,1510.4
2008-11-19,1491.43
2008-11-20,1445.16
2008-11-21,1477.87
2008-11-24,1486.74
2008-11-25,1487.79
2008-11-26,1523.48
2008-11-28,1535.42
2008-12-01,1496.06
2008-12-02,1484.76
2008-12-03,1484.15
2008-12-04,1521.61
2008-12-05,1496.18
2008-12-08,1520.6
2008-12-10,1564.45
2008-12-11,1573.49
2008-12-12,1566.28
2008-12-15,1600.8
2008-12-16,1643.4
2008-12-17,1600.91
2008-12-18,1644.32
2008-12-19,1652.0
2008-12-22,1635.79
2008-12-23,1609.02
2008-12-24,1593.49
2008-12-26,1582.27
2008-12-29,1617.69
2008-12-30,1637.27
2008-12-31,1641.16
2009-01-01,1677.94
2009-01-02,1677.82
2009-01-05,1706.14
2009-01-06,1703.17
2009-01-07,1637.32
2009-01-09,1614.15
2009-01-12,1579.46
2009-01-13,1564.67
2009-01-14,1605.98
2009-01-15,1573.07
2009-01-16,1610.94
2009-01-19,1618.84
2009-01-20,1605.25
2009-01-21,1567.83
2009-01-22,1565.51
2009-01-23,1548.61
2009-01-27,1583.03
2009-01-28,1627.31
2009-01-29,1609.08
2009-01-30,1631.87
2009-02-02,1593.58
2009-02-03,1591.73
2009-02-04,1596.91
2009-02-05,1597.5
2009-02-06,1626.45
2009-02-09,1654.51
2009-02-10,1665.46
2009-02-11,1656.36
2009-02-12,1655.15
2009-02-13,1674.15
2009-02-16,1625.4
2009-02-17,1596.36
2009-02-18,1594.63
2009-02-19,1595.02
2009-02-20,1570.98
2009-02-24,1567.43
2009-02-25,1584.08
2009-02-26,1584.98
2009-02-27,1579.37
2009-03-02,1537.06
2009-03-03,1509.2
2009-03-04,1527.94
2009-03-05,1500.85
2009-03-06,1504.71
2009-03-09,1491.85
2009-03-12,1514.38
2009-03-13,1561.77
2009-03-16,1600.24
2009-03-17,1606.76
2009-03-18,1640.5
2009-03-19,1646.91
2009-03-20,1629.75
2009-03-23,1684.97
2009-03-24,1676.47
2009-03-25,1694.51
2009-03-26,1701.36
2009-03-27,1721.1
2009-03-30,1697.64
2009-03-31,1725.86
2009-04-01,1713.11
2009-04-02,1743.55
2009-04-06,1737.94
2009-04-08,1785.26
2009-04-09,1780.37
2009-04-13,1776.95
2009-04-15,1808.26
2009-04-16,1798.75
2009-04-17,1809.65
2009-04-20,1819.72
2009-04-21,1815.3
2009-04-22,1798.7
2009-04-23,1829.07
2009-04-24,1844.64
2009-04-27,1829.62
2009-04-28,1805.13
2009-04-29,1835.1
2009-05-04,1878.08
2009-05-05,1870.22
2009-05-06,1849.13
2009-05-07,1857.99
2009-05-08,1843.84
2009-05-11,1826.15
2009-05-12,1854.66
2009-05-13,1848.74
2009-05-14,1847.91
2009-05-15,1861.18
2009-05-18,2094.93
2009-05-19,2024.32
2009-05-20,2046.67
2009-05-21,2039.04
2009-05-22,2044.24
2009-05-25,2077.23
2009-05-26,2027.04
2009-05-27,2054.68
2009-05-28,2051.9
2009-05-29,2089.69
2009-06-01,2138.82
2009-06-02,2131.76
2009-06-03,2154.39
2009-06-04,2183.03
2009-06-05,2204.78
2009-06-08,2137.99
2009-06-09,2163.79
2009-06-10,2203.54
2009-06-11,2197.88
2009-06-12,2170.84
2009-06-15,2162.74
2009-06-16,2194.15
2009-06-17,2139.82
2009-06-18,2099.46
2009-06-19,2121.38
2009-06-22,2111.37
2009-06-23,2108.65
2009-06-24,2140.16
2009-06-25,2116.57
2009-06-26,2143.62
2009-06-29,2151.94
2009-06-30,2129.66
2009-07-01,2156.5
2009-07-02,2174.41
2009-07-03,2199.09
2009-07-06,2123.69
2009-07-07,2149.92
2009-07-08,2137.84
2009-07-09,2159.11
2009-07-10,2141.05
2009-07-13,2126.31
2009-07-14,2179.19
2009-07-15,2224.04
2009-07-16,2225.03
2009-07-17,2271.81
2009-07-20,2308.64
2009-07-21,2293.78
2009-07-22,2267.1
2009-07-23,2322.39
2009-07-24,2334.48
2009-07-27,2344.85
2009-07-28,2352.1
2009-07-29,2335.79
2009-07-30,2369.81
2009-07-31,2375.0
2009-08-03,2388.63
2009-08-04,2390.3
2009-08-05,2391.16
2009-08-06,2346.55
2009-08-07,2320.08
2009-08-10,2270.39
2009-08-11,2285.04
2009-08-12,2279.69
2009-08-13,2340.18
2009-08-14,2330.1
2009-08-17,2254.17
2009-08-18,2289.12
2009-08-19,2258.25
2009-08-20,2290.88
2009-08-21,2316.64
2009-08-24,2343.7
2009-08-25,2346.57
2009-08-26,2357.83
2009-08-27,2355.84
2009-08-28,2369.63
2009-08-31,2375.44
2009-09-01,2382.31
2009-09-02,2401.46
2009-09-03,2404.85
2009-09-04,2430.65
2009-09-07,2473.12
2009-09-08,2454.86
2009-09-09,2432.73
2009-09-10,2435.79
2009-09-11,2409.95
2009-09-14,2413.31
2009-09-15,2453.21
2009-09-16,2483.06
2009-09-17,2475.19
2009-09-18,2491.16
2009-09-22,2521.11
2009-09-23,2505.67
2009-09-24,2510.74
2009-09-25,2535.94
2009-09-29,2548.8
2009-09-30,2561.75
2009-10-01,2539.54
2009-10-05,2526.61
2009-10-06,2532.6
2009-10-07,2534.61
2009-10-08,2548.84
2009-10-09,2526.9
2009-10-12,2564.54
2009-10-14,2583.88
2009-10-15,2577.78
2009-10-16,2574.86
2009-10-17,2579.14
2009-10-20,2577.34
2009-10-21,2541.7
2009-10-22,2510.97
2009-10-23,2544.79
2009-10-26,2532.71
2009-10-27,2487.83
2009-10-28,2490.1
2009-10-29,2448.99
2009-10-30,2444.19
2009-11-03,2395.55
2009-11-04,2461.16
2009-11-05,2509.55
2009-11-06,2540.2
2009-11-09,2603.03
2009-11-10,2576.12
2009-11-11,2639.57
2009-11-12,2616.29
2009-11-13,2636.16
2009-11-16,2673.73
2009-11-17,2684.69
2009-11-18,2681.68
2009-11-19,2638.74
2009-11-20,2665.33
2009-11-23,2668.16
2009-11-24,2686.34
2009-11-25,2688.6
2009-11-26,2653.85
2009-11-27,2648.33
2009-11-30,2681.19
2009-12-01,2732.93
2009-12-02,2734.5
2009-12-03,2764.83
2009-12-04,2752.57
2009-12-07,2730.42
2009-12-08,2744.36
2009-12-09,2741.21
2009-12-10,2742.46
2009-12-11,2737.61
2009-12-14,2739.46
2009-12-15,2706.23
2009-12-16,2713.24
2009-12-17,2720.76
2009-12-18,2709.95
2009-12-21,2690.31
2009-12-22,2710.8
2009-12-23,2757.45
2009-12-24,2762.39
2009-12-29,2761.57
2009-12-30,2760.61
2009-12-31,2779.14
2010-01-04,2814.43
2010-01-05,2836.34
2010-01-06,2835.84
2010-01-07,2815.58
2010-01-08,2810.8
2010-01-11,2837.46
2010-01-12,2838.8
2010-01-13,2862.04
2010-01-14,2885.64
2010-01-15,2889.9
2010-01-18,2897.19
2010-01-19,2870.71
2010-01-20,2866.61
2010-01-21,2823.84
2010-01-22,2801.59
2010-01-25,2755.98
2010-01-27,2623.47
2010-01-28,2642.11
2010-01-29,2646.08
2010-02-01,2702.84
2010-02-02,2663.32
2010-02-03,2713.24
2010-02-04,2666.78
2010-02-05,2615.24
2010-02-06,2638.72
2010-02-08,2625.9
2010-02-09,2646.38
2010-02-10,2638.48
2010-02-11,2660.12
2010-02-15,2660.94
2010-02-16,2682.12
2010-02-17,2696.28
2010-02-18,2676.15
2010-02-19,2656.34
2010-02-22,2654.98
2010-02-23,2639.58
2010-02-24,2650.4
2010-02-25,2629.26
2010-02-26,2675.55
2010-03-02,2703.75
2010-03-03,2744.97
2010-03-04,2756.11
2010-03-05,2770.12
2010-03-08,2797.66
2010-03-09,2783.88
2010-03-10,2767.86
2010-03-11,2768.75
2010-03-12,2779.93
2010-03-15,2765.4
2010-03-16,2784.48
2010-03-17,2795.27
2010-03-18,2797.81
2010-03-19,2806.17
2010-03-22,2790.74
2010-03-23,2793.93
2010-03-25,2807.72
2010-03-26,2828.57
2010-03-29,2841.01
2010-03-30,2814.62
2010-03-31,2811.48
2010-04-01,2830.48
2010-04-05,2868.36
2010-04-06,2866.66
2010-04-07,2868.03
2010-04-08,2846.95
2010-04-09,2854.86
2010-04-12,2836.23
2010-04-13,2838.23
2010-04-15,2836.46
2010-04-16,2832.76
2010-04-19,2802.7
2010-04-20,2822.99
2010-04-21,2842.19
2010-04-22,2852.89
2010-04-23,2853.94
2010-04-26,2875.84
2010-04-27,2872.74
2010-04-28,2841.77
2010-04-29,2863.19
2010-04-30,2879.24
2010-05-03,2857.22
2010-05-04,2802.16
2010-05-05,2811.76
2010-05-06,2791.96
2010-05-07,2732.6
2010-05-10,2837.35
2010-05-11,2799.34
2010-05-12,2815.23
2010-05-13,2844.9
2010-05-14,2813.29
2010-05-17,2799.42
2010-05-18,2788.48
2010-05-19,2700.01
2010-05-20,2707.43
2010-05-21,2687.65
2010-05-24,2680.32
2010-05-25,2597.89
2010-05-26,2651.86
2010-05-27,2666.83
2010-05-28,2729.75
2010-05-31,2750.12
2010-06-01,2692.86
2010-06-02,2709.06
2010-06-03,2747.45
2010-06-04,2753.37
2010-06-07,2708.42
2010-06-08,2689.7
2010-06-09,2704.25
2010-06-10,2753.6
2010-06-11,2769.62
2010-06-14,2790.78
2010-06-15,2795.8
2010-06-16,2808.09
2010-06-17,2831.45
2010-06-18,2811.52
2010-06-21,2864.22
2010-06-22,2838.36
2010-06-23,2845.83
2010-06-24,2845.81
2010-06-25,2812.71
2010-06-28,2842.54
2010-06-29,2812.19
2010-06-30,2826.5
2010-07-01,2797.97
2010-07-02,2794.47
2010-07-05,2802.84
2010-07-06,2838.27
2010-07-07,2819.23
2010-07-08,2847.69
2010-07-09,2872.8
2010-07-12,2882.6
2010-07-13,2891.21
2010-07-14,2881.59
2010-07-15,2887.57
2010-07-16,2908.28
2010-07-19,2910.5
2010-07-20,2897.53
2010-07-21,2931.4
2010-07-22,2959.11
2010-07-23,2952.67
2010-07-26,2944.8
2010-07-27,2963.51
2010-07-28,2983.08
2010-07-29,2981.08
2010-07-30,2969.26
2010-08-02,2999.45
2010-08-03,3008.09
2010-08-04,3017.69
2010-08-05,3016.01
2010-08-06,3018.58
2010-08-09,3049.43
2010-08-10,3047.69
2010-08-11,3030.44
2010-08-12,3036.38
2010-08-13,3060.17
2010-08-16,3054.72
2010-08-17,3052.99
2010-08-18,3097.05
2010-08-19,3130.15
2010-08-20,3133.01
2010-08-23,3149.68
2010-08-24,3137.37
2010-08-25,3104.21
2010-08-26,3100.75
2010-08-27,3073.17
2010-08-30,3079.34
2010-08-31,3087.03
2010-09-01,3135.38
2010-09-02,3140.66
2010-09-03,3143.69
2010-09-06,3204.58
2010-09-07,3206.22
2010-09-08,3199.12
2010-09-09,3201.25
2010-09-13,3252.43
2010-09-14,3261.9
2010-09-15,3284.06
2010-09-16,3246.62
2010-09-17,3298.16
2010-09-20,3324.41
2010-09-21,3329.84
2010-09-22,3312.29
2010-09-23,3315.89
2010-09-24,3331.98
2010-09-27,3356.1
2010-09-28,3355.31
2010-09-29,3346.37
2010-09-30,3336.48
2010-10-01,3388.03
2010-10-04,3409.77
2010-10-05,3412.73
2010-10-06,3439.66
2010-10-07,3423.95
2010-10-08,3405.2
2010-10-11,3442.67
2010-10-12,3417.87
2010-10-13,3462.59
2010-10-14,3451.11
2010-10-15,3393.98
2010-10-18,3395.41
2010-10-19,3379.74
2010-10-20,3370.09
2010-10-21,3434.57
2010-10-22,3438.31
2010-10-25,3470.13
2010-10-26,3486.69
2010-10-27,3484.78
2010-10-28,3473.43
2010-10-29,3495.16
2010-11-01,3557.15
2010-11-02,3571.76
2010-11-03,3586.55
2010-11-04,3637.91
2010-11-05,3653.53
2010-11-08,3645.11
2010-11-09,3656.51
2010-11-10,3659.48
2010-11-11,3614.21
2010-11-12,3547.58
2010-11-15,3583.27
2010-11-16,3517.19
2010-11-18,3528.2
2010-11-19,3468.64
2010-11-22,3536.35
2010-11-23,3513.13
2010-11-24,3444.27
2010-11-25,3361.31
2010-11-26,3291.45
2010-11-29,3337.72
2010-11-30,3409.19
2010-12-01,3478.4
2010-12-02,3501.54
2010-12-03,3474.67
2010-12-06,3422.28
2010-12-07,3368.11
2010-12-08,3300.44
2010-12-09,3201.69
2010-12-10,3240.42
2010-12-13,3278.68
2010-12-14,3319.69
2010-12-15,3259.69
2010-12-16,3274.59
2010-12-20,3246.52
2010-12-21,3264.63
2010-12-22,3271.45
2010-12-23,3265.41
2010-12-24,3264.69
2010-12-27,3253.9
2010-12-28,3245.35
2010-12-29,3279.75
2010-12-30,3287.1
2010-12-31,3328.05
2011-01-03,3339.38
2011-01-04,3307.16
2011-01-05,3271.8
2011-01-06,3235.64
2011-01-07,3154.53
2011-01-10,3081.48
2011-01-11,3097.46
2011-01-12,3150.17
2011-01-13,3109.21
2011-01-14,3058.03
2011-01-17,3047.52
2011-01-18,3083.14
2011-01-19,3097.14
2011-01-20,3108.33
2011-01-21,3112.57
2011-01-24,3145.9
2011-01-25,3115.22
2011-01-27,3066.66
2011-01-28,2997.48
2011-01-31,3014.65
2011-02-01,2951.73
2011-02-02,2952.43
2011-02-03,2985.16
2011-02-04,2947.69
2011-02-07,2929.41
2011-02-08,2880.69
2011-02-09,2825.58
2011-02-10,2837.92
2011-02-11,2903.6
2011-02-14,2997.77
2011-02-15,3035.99
2011-02-16,3040.0
2011-02-17,3087.55
2011-02-18,3035.96
2011-02-21,3048.33
2011-02-22,3012.41
2011-02-23,2982.86
2011-02-24,2880.1
2011-02-25,2922.21
2011-02-28,2940.76
2011-03-01,3043.5
2011-03-03,3054.59
2011-03-04,3058.34
2011-03-07,3019.62
2011-03-08,3049.87
2011-03-09,3062.64
2011-03-10,3045.06
2011-03-11,3024.5
2011-03-14,3050.89
2011-03-15,3003.76
2011-03-16,3041.43
2011-03-17,3033.66
2011-03-18,3002.06
2011-03-21,2999.31
2011-03-22,3029.2
2011-03-23,3048.37
2011-03-24,3058.8
2011-03-25,3108.98
2011-03-28,3133.55
2011-03-29,3149.69
2011-03-30,3180.79
2011-03-31,3206.71
2011-04-01,3199.01
2011-04-04,3236.59
2011-04-05,3252.33
2011-04-06,3249.29
2011-04-07,3248.4
2011-04-08,3220.57
2011-04-11,3192.11
2011-04-13,3243.91
2011-04-15,3214.6
2011-04-18,3176.89
2011-04-19,3182.45
2011-04-20,3256.75
2011-04-21,3254.21
2011-04-25,3266.99
2011-04-26,3273.0
2011-04-27,3274.73
2011-04-28,3247.76
2011-04-29,3231.19
2011-05-02,3192.22
2011-05-03,3115.26
2011-05-04,3089.94
2011-05-05,3041.44
2011-05-06,3103.93
2011-05-09,3103.98
2011-05-10,3107.71
2011-05-11,3130.6
2011-05-12,3105.09
2011-05-13,3134.21
2011-05-16,3117.05
2011-05-17,3103.29
2011-05-18,3083.19
2011-05-19,3080.18
2011-05-20,3104.25
2011-05-23,3062.11
2011-05-24,3069.5
2011-05-25,3056.54
2011-05-26,3073.77
2011-05-27,3092.43
2011-05-30,3103.51
2011-05-31,3157.34
2011-06-01,3167.62
2011-06-02,3160.73
2011-06-03,3138.21
2011-06-06,3143.49
2011-06-07,3152.27
2011-06-08,3139.23
2011-06-09,3129.72
2011-06-10,3129.12
2011-06-13,3129.66
2011-06-14,3139.85
2011-06-15,3125.21
2011-06-16,3112.59
2011-06-17,3083.46
2011-06-20,3031.01
2011-06-21,3037.95
2011-06-22,3021.49
2011-06-23,3041.57
2011-06-24,3103.27
2011-06-27,3122.62
2011-06-28,3135.59
2011-06-29,3165.93
2011-06-30,3186.05
2011-07-01,3196.77
2011-07-04,3221.86
2011-07-05,3218.57
2011-07-06,3219.35
2011-07-07,3270.13
2011-07-08,3245.62
2011-07-11,3221.7
2011-07-12,3185.86
2011-07-13,3221.69
2011-07-14,3228.71
2011-07-15,3225.92
2011-07-18,3222.86
2011-07-19,3251.94
2011-07-20,3221.67
2011-07-21,3213.24
2011-07-22,3248.89
2011-07-25,3270.79
2011-07-26,3229.27
2011-07-27,3205.34
2011-07-28,3189.69
2011-07-29,3184.22
2011-08-01,3185.39
2011-08-02,3154.87
2011-08-03,3125.87
2011-08-04,3091.25
2011-08-05,3044.27
2011-08-08,2989.37
2011-08-09,2959.51
2011-08-10,3019.52
2011-08-11,3009.29
2011-08-12,2961.84
2011-08-16,2944.89
2011-08-17,2961.78
2011-08-18,2895.19
2011-08-19,2851.42
2011-08-22,2872.17
2011-08-23,2912.14
2011-08-24,2885.18
2011-08-25,2859.15
2011-08-26,2815.19
2011-08-29,2898.18
2011-08-30,2947.67
2011-09-02,2977.9
2011-09-05,2976.43
2011-09-06,2977.77
2011-09-07,2999.71
2011-09-08,3007.61
2011-09-09,2972.72
2011-09-12,2914.23
2011-09-13,2909.2
2011-09-14,2949.58
2011-09-15,2982.14
2011-09-16,2985.84
2011-09-19,2961.01
2011-09-20,3016.33
2011-09-21,3022.65
2011-09-22,2913.96
2011-09-23,2896.84
2011-09-26,2862.54
2011-09-27,2928.07
2011-09-28,2922.21
2011-09-29,2949.68
2011-09-30,2920.07
2011-10-03,2875.16
2011-10-04,2832.47
2011-10-05,2820.69
2011-10-07,2873.02
2011-10-10,2901.0
2011-10-11,2920.9
2011-10-12,2957.6
2011-10-13,2941.98
2011-10-14,2969.12
2011-10-17,2980.38
2011-10-18,2938.0
2011-10-19,2984.23
2011-10-20,2964.23
2011-10-21,2951.43
2011-10-24,2980.25
2011-10-25,3008.19
2011-10-26,3025.6
2011-10-28,3059.81
2011-10-31,3068.91
2011-11-01,3057.74
2011-11-02,3059.51
2011-11-03,3063.29
2011-11-04,3085.52
2011-11-08,3076.81
2011-11-09,3056.54
2011-11-11,3063.9
2011-11-14,3058.78
2011-11-15,3008.3
2011-11-16,3004.73
2011-11-17,2967.33
2011-11-18,2959.57
2011-11-21,2908.39
2011-11-22,2893.19
2011-11-23,2849.26
2011-11-24,2886.73
2011-11-25,2872.46
2011-11-28,2920.96
2011-11-29,2914.8
2011-11-30,2927.42
2011-12-01,2931.14
2011-12-02,2989.68
2011-12-05,2983.22
2011-12-07,2959.68
2011-12-08,2919.47
2011-12-09,2883.14
2011-12-12,2822.7
2011-12-13,2842.43
2011-12-14,2830.69
2011-12-15,2829.72
2011-12-16,2788.13
2011-12-19,2764.07
2011-12-20,2736.31
2011-12-21,2791.36
2011-12-22,2811.75
2011-12-23,2797.47
2011-12-26,2832.01
2011-12-27,2825.26
2011-12-28,2804.5
2011-12-29,2792.51
2011-12-30,2793.33
2012-01-02,2769.81
2012-01-03,2811.29
2012-01-04,2782.31
2012-01-05,2792.59
2012-01-06,2781.46
2012-01-07,2781.01
2012-01-09,2775.66
2012-01-10,2816.9
2012-01-11,2821.86
2012-01-12,2826.91
2012-01-13,2829.16
2012-01-16,2826.83
2012-01-17,2864.09
2012-01-18,2850.38
2012-01-19,2866.48
2012-01-20,2869.96
2012-01-23,2883.66
2012-01-24,2913.6
2012-01-25,2936.61
2012-01-27,2951.78
2012-01-30,2920.7
2012-01-31,2975.33
2012-02-01,2979.48
2012-02-02,3006.02
2012-02-03,3034.5
2012-02-06,3054.4
2012-02-07,3027.55
2012-02-08,3041.22
2012-02-09,3069.45
2012-02-10,3055.89
2012-02-13,3069.69
2012-02-14,3072.09
2012-02-15,3117.51
2012-02-16,3125.7
2012-02-17,3133.36
2012-02-21,3151.08
2012-02-22,3108.72
2012-02-23,3103.19
2012-02-24,3094.91
2012-02-27,3055.64
2012-02-28,3100.66
2012-02-29,3099.79
2012-03-01,3085.15
2012-03-02,3093.15
2012-03-03,3089.16
2012-03-05,3063.82
2012-03-06,3060.46
2012-03-07,3060.41
2012-03-09,3106.71
2012-03-12,3117.68
2012-03-13,3139.17
2012-03-14,3146.4
2012-03-15,3119.07
2012-03-16,3104.58
2012-03-19,3087.76
2012-03-20,3109.64
2012-03-21,3156.71
2012-03-22,3110.44
2012-03-23,3148.52
2012-03-26,3125.37
2012-03-27,3152.58
2012-03-28,3136.24
2012-03-29,3136.28
2012-03-30,3198.49
2012-04-02,3222.97
2012-04-03,3224.63
2012-04-04,3212.9
2012-04-09,3181.65
2012-04-10,3182.64
2012-04-11,3174.37
2012-04-12,3179.36
2012-04-13,3185.95
2012-04-16,3189.54
2012-04-17,3213.25
2012-04-18,3224.46
2012-04-19,3234.11
2012-04-20,3222.83
2012-04-23,3182.36
2012-04-24,3188.64
2012-04-25,3185.9
2012-04-26,3176.6
2012-04-27,3173.02
2012-04-28,3179.21
2012-04-30,3204.4
2012-05-02,3196.61
2012-05-03,3182.41
2012-05-04,3140.21
2012-05-07,3179.45
2012-05-08,3128.53
2012-05-09,3122.21
2012-05-10,3125.72
2012-05-11,3104.36
2012-05-14,3101.95
2012-05-15,3115.51
2012-05-16,3085.73
2012-05-17,3082.08
2012-05-18,3073.24
2012-05-21,3088.72
2012-05-22,3057.54
2012-05-23,3040.28
2012-05-24,3069.63
2012-05-25,3070.49
2012-05-28,3116.06
2012-05-29,3102.61
2012-05-30,3064.23
2012-05-31,3072.75
2012-06-01,3027.81
2012-06-04,2994.91
2012-06-05,2996.38
2012-06-06,3068.12
2012-06-07,3082.06
2012-06-08,3096.49
2012-06-11,3093.48
2012-06-12,3117.96
2012-06-13,3116.75
2012-06-14,3084.48
2012-06-15,3132.08
2012-06-18,3101.5
2012-06-19,3115.84
2012-06-20,3134.61
2012-06-21,3156.35
2012-06-22,3152.0
2012-06-25,3132.12
2012-06-26,3143.73
2012-06-27,3149.23
2012-06-28,3166.17
2012-06-29,3236.3
2012-07-02,3246.83
2012-07-03,3253.1
2012-07-04,3253.63
2012-07-05,3268.79
2012-07-06,3260.36
2012-07-09,3233.14
2012-07-10,3259.67
2012-07-11,3245.75
2012-07-12,3226.59
2012-07-13,3228.92
2012-07-16,3217.15
2012-07-17,3209.17
2012-07-18,3229.2
2012-07-19,3234.72
2012-07-20,3235.6
2012-07-23,3195.87
2012-07-24,3215.48
2012-07-25,3209.83
2012-07-26,3176.56
2012-07-27,3206.48
2012-07-30,3254.97
2012-07-31,3273.32
2012-08-01,3283.89
2012-08-02,3290.65
2012-08-03,3300.02
2012-08-06,3325.28
2012-08-07,3345.32
2012-08-08,3345.67
2012-08-09,3358.63
2012-08-10,3363.33
2012-08-13,3383.53
2012-08-14,3392.74
2012-08-16,3368.59
2012-08-17,3379.89
2012-08-21,3400.33
2012-08-22,3407.51
2012-08-23,3406.18
2012-08-24,3397.34
2012-08-27,3391.92
2012-08-28,3384.76
2012-08-29,3363.95
2012-08-30,3387.55
2012-08-31,3363.94
2012-09-03,3368.53
2012-09-04,3373.52
2012-09-05,3363.11
2012-09-06,3376.15
2012-09-07,3425.78
2012-09-08,3434.25
2012-09-10,3445.38
2012-09-11,3460.08
2012-09-12,3486.84
2012-09-13,3478.38
2012-09-14,3514.75
2012-09-17,3495.47
2012-09-18,3489.11
2012-09-20,3495.94
2012-09-21,3536.64
2012-09-24,3524.9
2012-09-25,3539.24
2012-09-26,3546.91
2012-09-27,3576.12
2012-09-28,3629.03
2012-10-01,3665.97
2012-10-03,3680.17
2012-10-04,3679.68
2012-10-05,3651.07
2012-10-08,3632.73
2012-10-09,3668.42
2012-10-10,3643.43
2012-10-11,3654.64
2012-10-12,3676.59
2012-10-15,3674.18
2012-10-16,3655.6
2012-10-17,3660.37
2012-10-18,3676.59
2012-10-19,3653.5
2012-10-22,3671.19
2012-10-23,3651.21
2012-10-25,3644.17
2012-10-26,3617.68
2012-10-29,3599.64
2012-10-30,3574.33
2012-10-31,3602.41
2012-11-01,3630.51
2012-11-02,3650.86
2012-11-05,3665.99
2012-11-06,3694.1
2012-11-07,3720.77
2012-11-08,3732.41
2012-11-09,3713.32
2012-11-12,3761.23
2012-11-13,3752.0
2012-11-15,3729.85
2012-11-16,3674.95
2012-11-19,3649.53
2012-11-20,3644.46
2012-11-21,3689.27
2012-11-22,3698.19
2012-11-23,3705.88
2012-11-26,3721.18
2012-11-27,3776.68
2012-11-29,3840.51
2012-11-30,3847.13
2012-12-03,3852.65
2012-12-04,3851.48
2012-12-05,3860.61
2012-12-06,3860.54
2012-12-07,3837.62
2012-12-10,3847.42
2012-12-11,3852.49
2012-12-12,3846.38
2012-12-13,3810.63
2012-12-14,3832.06
2012-12-17,3818.17
2012-12-18,3860.07
2012-12-19,3901.59
2012-12-20,3904.55
2012-12-21,3849.33
2012-12-24,3860.57
2012-12-26,3873.06
2012-12-27,3848.86
2012-12-28,3863.64
2012-12-31,3877.11
2013-01-01,3905.09
2013-01-02,3926.06
2013-01-03,3918.79
2013-01-04,3911.35
2013-01-07,3892.46
2013-01-08,3898.86
2013-01-09,3883.46
2013-01-10,3870.92
2013-01-11,3826.41
2013-01-14,3833.1
2013-01-15,3847.32
2013-01-16,3809.87
2013-01-17,3816.81
2013-01-18,3807.32
2013-01-21,3800.47
2013-01-22,3789.56
2013-01-23,3787.15
2013-01-24,3752.93
2013-01-25,3794.08
2013-01-28,3802.44
2013-01-29,3775.35
2013-01-30,3791.1
2013-01-31,3798.69
2013-02-01,3788.49
2013-02-04,3786.25
2013-02-05,3796.75
2013-02-06,3815.71
2013-02-07,3804.87
2013-02-08,3766.52
2013-02-11,3780.41
2013-02-12,3800.53
2013-02-13,3792.31
2013-02-14,3787.74
2013-02-15,3791.27
2013-02-18,3785.76
2013-02-19,3823.31
2013-02-20,3826.14
2013-02-21,3774.86
2013-02-22,3775.53
2013-02-25,3777.37
2013-02-26,3732.9
2013-02-27,3727.81
2013-02-28,3682.01
2013-03-01,3712.52
2013-03-04,3689.66
2013-03-05,3753.49
2013-03-06,3756.22
2013-03-07,3774.1
2013-03-08,3811.63
2013-03-11,3813.18
2013-03-12,3816.94
2013-03-13,3786.27
2013-03-14,3819.0
2013-03-15,3814.78
2013-03-18,3807.41
2013-03-19,3757.77
2013-03-20,3732.51
2013-03-21,3703.41
2013-03-22,3702.15
2013-03-25,3693.79
2013-03-26,3702.76
2013-03-28,3724.41
2013-04-01,3737.84
2013-04-02,3754.82
2013-04-03,3701.03
2013-04-04,3627.99
2013-04-05,3610.21
2013-04-08,3599.95
2013-04-09,3588.89
2013-04-10,3631.91
2013-04-11,3673.62
2013-04-12,3689.11
2013-04-15,3694.42
2013-04-16,3761.88
2013-04-17,3792.9
2013-04-18,3847.11
2013-04-22,3870.41
2013-04-23,3873.82
2013-04-25,3923.25
2013-04-26,3907.35
2013-04-29,3936.8
2013-04-30,3976.86
2013-05-02,4023.82
2013-05-03,3999.22
2013-05-06,4016.56
2013-05-07,4068.62
2013-05-08,4078.95
2013-05-09,4053.22
2013-05-10,4088.12
2013-05-11,4107.3
2013-05-13,4036.54
2013-05-14,4048.47
2013-05-15,4139.7
2013-05-16,4150.11
2013-05-17,4151.65
2013-05-20,4127.35
2013-05-21,4087.99
2013-05-22,4099.61
2013-05-23,4049.68
2013-05-24,4065.24
2013-05-27,4125.01
2013-05-28,4116.95
2013-05-29,4124.3
2013-05-30,4157.28
2013-05-31,4074.66
2013-06-03,4057.42
2013-06-04,4059.56
2013-06-05,4059.71
2013-06-06,4067.49
2013-06-07,4032.46
2013-06-10,4015.76
2013-06-11,3958.45
2013-06-12,3937.75
2013-06-13,3877.69
2013-06-14,3943.95
2013-06-17,3999.94
2013-06-18,3990.68
2013-06-19,4003.08
2013-06-20,3905.99
2013-06-21,3902.32
2013-06-24,3824.52
2013-06-25,3845.75
2013-06-26,3822.83
2013-06-27,3888.75
2013-06-28,3966.77
2013-07-01,4031.32
2013-07-02,4000.95
2013-07-03,3978.14
2013-07-04,4029.15
2013-07-05,4038.92
2013-07-08,4035.45
2013-07-09,4095.46
2013-07-10,4082.35
2013-07-11,4139.27
2013-07-12,4164.97
2013-07-15,4201.87
2013-07-16,4139.53
2013-07-17,4115.28
2013-07-18,4163.52
2013-07-19,4146.94
2013-07-22,4172.23
2013-07-23,4195.75
2013-07-24,4130.13
2013-07-25,4113.66
2013-07-26,4100.39
2013-07-29,4074.94
2013-07-30,4017.15
2013-07-31,4005.55
2013-08-01,3990.82
2013-08-02,3949.32
2013-08-05,3955.27
2013-08-06,3837.77
2013-08-07,3789.35
2013-08-08,3812.89
2013-08-12,3872.8
2013-08-13,3964.98
2013-08-14,4004.26
2013-08-16,3851.69
2013-08-19,3757.83
2013-08-20,3717.23
2013-08-21,3661.73
2013-08-22,3702.79
2013-08-23,3758.14
2013-08-26,3773.74
2013-08-27,3638.21
2013-08-28,3618.87
2013-08-29,3708.8
2013-08-30,3769.29
2013-09-02,3809.8
2013-09-03,3683.73
2013-09-04,3763.56
2013-09-05,3866.09
2013-09-06,3898.67
2013-09-10,4045.21
2013-09-11,4078.04
2013-09-12,4027.66
2013-09-13,4032.54
2013-09-16,4023.99
2013-09-17,4030.58
2013-09-18,4065.87
2013-09-19,4209.39
2013-09-20,4159.8
2013-09-23,4089.36
2013-09-24,4098.54
2013-09-25,4094.8
2013-09-26,4097.46
2013-09-27,4096.07
2013-09-30,4063.01
2013-10-01,4069.64
2013-10-03,4151.58
2013-10-04,4143.03
2013-10-07,4169.83
2013-10-08,4178.23
2013-10-09,4229.32
2013-10-10,4254.97
2013-10-11,4286.39
2013-10-14,4301.87
2013-10-15,4292.49
2013-10-17,4230.08
2013-10-18,4297.49
2013-10-21,4317.73
2013-10-22,4331.09
2013-10-23,4305.53
2013-10-24,4267.71
2013-10-25,4256.71
2013-10-28,4200.07
2013-10-29,4261.06
2013-10-30,4294.03
2013-10-31,4297.87
2013-11-01,4302.87
2013-11-03,4321.83
2013-11-05,4267.28
2013-11-06,4266.33
2013-11-07,4255.72
2013-11-08,4264.96
2013-11-11,4236.43
2013-11-12,4203.67
2013-11-13,4195.82
2013-11-14,4225.13
2013-11-18,4275.31
2013-11-19,4278.11
2013-11-20,4220.47
2013-11-21,4146.38
2013-11-22,4140.34
2013-11-25,4194.38
2013-11-26,4192.9
2013-11-27,4193.19
2013-11-28,4202.94
2013-11-29,4240.15
2013-12-02,4279.38
2013-12-03,4253.87
2013-12-04,4234.56
2013-12-05,4217.65
2013-12-06,4236.61
2013-12-09,4274.97
2013-12-10,4309.38
2013-12-11,4289.74
2013-12-12,4244.32
2013-12-13,4227.43
2013-12-16,4241.69
2013-12-17,4253.04
2013-12-18,4299.69
2013-12-19,4327.91
2013-12-20,4378.71
2013-12-23,4370.28
2013-12-24,4356.4
2013-12-26,4348.05
2013-12-27,4380.59
2013-12-30,4367.5
2013-12-31,4376.69
2014-01-01,4385.98
2014-01-02,4335.25
2014-01-03,4373.16
2014-01-06,4374.66
2014-01-07,4359.6
2014-01-08,4375.36
2014-01-09,4380.71
2014-01-10,4409.91
2014-01-13,4442.4
2014-01-14,4435.22
2014-01-15,4464.61
2014-01-16,4448.6
2014-01-17,4400.07
2014-01-20,4475.9
2014-01-21,4470.62
2014-01-22,4496.82
2014-01-23,4482.04
2014-01-24,4424.69
2014-01-27,4349.47
2014-01-28,4330.06
2014-01-29,4341.27
2014-01-30,4306.75
2014-01-31,4342.38
2014-02-03,4318.3
2014-02-04,4316.39
2014-02-05,4337.17
2014-02-06,4348.2
2014-02-07,4352.96
2014-02-10,4331.01
2014-02-11,4345.74
2014-02-12,4347.34
2014-02-13,4293.75
2014-02-14,4316.93
2014-02-17,4321.81
2014-02-18,4340.52
2014-02-19,4362.77
2014-02-20,4337.38
2014-02-21,4368.05
2014-02-24,4381.17
2014-02-25,4402.42
2014-02-26,4420.06
2014-02-28,4479.09
2014-03-03,4431.05
2014-03-04,4454.34
2014-03-05,4462.01
2014-03-06,4483.77
2014-03-07,4459.66
2014-03-10,4434.61
2014-03-11,4421.94
2014-03-12,4447.9
2014-03-13,4403.93
2014-03-14,4399.71
2014-03-18,4406.57
2014-03-19,4414.92
2014-03-20,4430.09
2014-03-21,4447.3
2014-03-22,4460.58
2014-03-24,4474.89
2014-03-25,4471.64
2014-03-26,4445.86
2014-03-27,4456.85
2014-03-28,4504.71
2014-03-31,4520.63
2014-04-01,4556.61
2014-04-02,4612.72
2014-04-03,4621.15
2014-04-04,4602.35
2014-04-07,4597.66
2014-04-09,4644.22
2014-04-10,4672.92
2014-04-11,4682.08
2014-04-15,4677.12
2014-04-16,4627.85
2014-04-17,4704.14
2014-04-21,4734.39
2014-04-22,4715.5
2014-04-23,4712.8
2014-04-25,4711.62
2014-04-28,4746.02
2014-04-29,4699.59
2014-04-30,4661.28
2014-05-02,4699.84
2014-05-05,4674.06
2014-05-06,4683.64
2014-05-07,4653.69
2014-05-08,4658.61
2014-05-09,4703.21
2014-05-12,4754.24
2014-05-13,4820.89
2014-05-14,4836.54
2014-05-15,4793.22
2014-05-16,4808.81
2014-05-19,4811.46
2014-05-20,4842.89
2014-05-21,4842.94
2014-05-22,4836.06
2014-05-23,4879.8
2014-05-26,4856.26
2014-05-27,4863.2
2014-05-28,4881.04
2014-05-29,4825.72
2014-05-30,4885.47
2014-06-02,4905.8
2014-06-03,4922.36
2014-06-04,4943.92
2014-06-05,5023.78
2014-06-06,5072.38
2014-06-09,5133.69
2014-06-10,5185.93
2014-06-11,5173.42
2014-06-12,5205.63
2014-06-13,5130.17
2014-06-16,5153.06
2014-06-17,5212.43
2014-06-18,5183.74
2014-06-19,5182.24
2014-06-20,5142.37
2014-06-23,5168.92
2014-06-24,5204.35
2014-06-25,5216.33
2014-06-26,5217.24
2014-06-27,5297.79
2014-06-30,5383.77
2014-07-01,5396.91
2014-07-02,5468.84
2014-07-03,5510.79
2014-07-04,5532.21
2014-07-07,5571.46
2014-07-08,5380.25
2014-07-09,5275.18
2014-07-10,5256.23
2014-07-11,5211.4
2014-07-14,5203.67
2014-07-15,5292.05
2014-07-16,5358.86
2014-07-17,5430.48
2014-07-18,5432.68
2014-07-21,5427.5
2014-07-22,5460.32
2014-07-23,5472.85
2014-07-24,5481.41
2014-07-25,5414.11
2014-07-28,5405.36
2014-07-30,5440.12
2014-07-31,5432.21
2014-08-01,5357.61
2014-08-04,5449.1
2014-08-05,5479.77
2014-08-06,5453.0
2014-08-07,5432.12
2014-08-08,5372.69
2014-08-11,5426.9
2014-08-12,5469.41
2014-08-13,5467.88
2014-08-14,5542.22
2014-08-18,5624.62
2014-08-19,5655.28
2014-08-20,5695.74
2014-08-21,5715.58
2014-08-22,5761.12
2014-08-25,5755.1
2014-08-26,5781.35
2014-08-27,5802.42
2014-08-28,5791.98
2014-09-01,5864.74
2014-09-02,5898.99
2014-09-03,5976.79
2014-09-04,6021.44
2014-09-05,6055.92
2014-09-08,6149.32
2014-09-09,6149.29
2014-09-10,6144.26
2014-09-11,6129.76
2014-09-12,6122.29
2014-09-15,6108.57
2014-09-16,5933.28
2014-09-17,6013.85
2014-09-18,6134.98
2014-09-19,6050.5
2014-09-22,6050.69
2014-09-23,5913.59
2014-09-24,5856.61
2014-09-25,5766.31
2014-09-26,5895.05
2014-09-29,5945.06
2014-09-30,5955.13
2014-10-01,5933.55
2014-10-07,5860.51
2014-10-08,5880.24
2014-10-09,5962.85
2014-10-10,5841.2
2014-10-13,5864.95
2014-10-14,5850.32
2014-10-16,5713.36
2014-10-17,5792.11
2014-10-20,5939.72
2014-10-21,5978.14
2014-10-22,6052.11
2014-10-23,6069.92
2014-10-27,6064.27
2014-10-28,6089.66
2014-10-29,6126.89
2014-10-30,6175.67
2014-10-31,6304.43
2014-11-03,6336.84
2014-11-05,6363.38
2014-11-07,6394.4
2014-11-10,6424.74
2014-11-11,6485.71
2014-11-12,6542.12
2014-11-13,6506.86
2014-11-14,6563.67
2014-11-17,6564.01
2014-11-18,6620.34
2014-11-19,6550.31
2014-11-20,6529.01
2014-11-21,6550.96
2014-11-24,6569.96
2014-11-25,6454.27
2014-11-26,6453.61
2014-11-27,6489.26
2014-11-28,6608.72
2014-12-01,6605.94
2014-12-02,6621.91
2014-12-03,6718.4
2014-12-04,6708.62
2014-12-05,6664.42
2014-12-08,6580.78
2014-12-09,6460.35
2014-12-10,6482.53
2014-12-11,6418.69
2014-12-12,6384.79
2014-12-15,6348.83
2014-12-16,6229.12
2014-12-17,6161.83
2014-12-18,6366.93
2014-12-19,6395.15
2014-12-22,6449.77
2014-12-23,6387.3
2014-12-24,6353.5
2014-12-26,6390.78
2014-12-29,6471.56
2014-12-30,6523.25
2014-12-31,6545.95
2015-01-01,6563.01
2015-01-02,6594.08
2015-01-05,6627.02
2015-01-06,6440.24
2015-01-07,6456.97
2015-01-08,6605.28
2015-01-09,6590.81
2015-01-12,6656.79
2015-01-13,6634.57
2015-01-14,6602.32
2015-01-15,6717.92
2015-01-16,6770.63
2015-01-19,6811.64
2015-01-20,6865.43
2015-01-21,6888.46
2015-01-22,6926.75
2015-01-23,6996.29
2015-01-27,7070.03
2015-01-28,7081.36
2015-01-29,7148.25
2015-01-30,7147.3
2015-02-02,7178.14
2015-02-03,7065.74
2015-02-04,7018.23
2015-02-05,6940.6
2015-02-06,6842.97
2015-02-09,6689.04
2015-02-10,6757.44
2015-02-11,6954.57
2015-02-12,7060.41
2015-02-13,7115.61
2015-02-16,7026.56
2015-02-18,7084.04
2015-02-19,7133.27
2015-02-20,7117.03
2015-02-23,7023.25
2015-02-24,7044.3
2015-02-25,7007.39
2015-02-26,6927.85
2015-02-27,7109.45
2015-02-28,7199.22
2015-03-02,7370.07
2015-03-03,7385.8
2015-03-04,7292.15
2015-03-05,7369.98
2015-03-09,7248.76
2015-03-10,7270.23
2015-03-11,7245.32
2015-03-12,7341.14
2015-03-13,7195.34
2015-03-16,7209.58
2015-03-17,7298.02
2015-03-18,7316.1
2015-03-19,7263.37
2015-03-20,7139.13
2015-03-23,7121.94
2015-03-24,7131.45
2015-03-25,7138.09
2015-03-26,7045.0
2015-03-27,7077.84
2015-03-30,7225.83
2015-03-31,7240.99
2015-04-01,7348.68
2015-04-06,7414.11
2015-04-07,7413.99
2015-04-08,7439.88
2015-04-09,7496.0
2015-04-10,7489.33
2015-04-13,7508.06
2015-04-15,7428.32
2015-04-16,7363.32
2015-04-17,7149.26
2015-04-20,7010.08
2015-04-21,6944.6
2015-04-22,6979.53
2015-04-23,7019.04
2015-04-24,6889.25
2015-04-27,6754.06
2015-04-28,6895.08
2015-04-29,6924.08
2015-04-30,6978.46
2015-05-04,7095.16
2015-05-05,7135.67
2015-05-06,6845.26
2015-05-07,6698.47
2015-05-08,6895.9
2015-05-11,7027.25
2015-05-12,6875.32
2015-05-13,6992.28
2015-05-14,7051.09
2015-05-15,7092.57
2015-05-18,7165.89
2015-05-19,7144.7
2015-05-20,7163.42
2015-05-21,7176.36
2015-05-22,7181.66
2015-05-25,7172.28
2015-05-26,7189.62
2015-05-27,7203.94
2015-05-28,7139.66
2015-05-29,7309.87
2015-06-01,7310.98
2015-06-02,7107.17
2015-06-03,7040.08
2015-06-04,7032.7
2015-06-05,7008.73
2015-06-08,6921.79
2015-06-09,6848.46
2015-06-10,6947.27
2015-06-11,6771.53
2015-06-12,6808.91
2015-06-15,6797.85
2015-06-16,6854.5
2015-06-17,6966.04
2015-06-18,7048.14
2015-06-19,7109.73
2015-06-22,7224.78
2015-06-23,7259.33
2015-06-24,7244.68
2015-06-25,7278.85
2015-06-26,7280.72
2015-06-29,7186.48
2015-06-30,7275.69
2015-07-01,7388.65
2015-07-02,7458.46
2015-07-03,7436.53
2015-07-06,7504.45
2015-07-07,7502.75
2015-07-08,7381.95
2015-07-09,7379.78
2015-07-10,7406.07
2015-07-13,7543.0
2015-07-14,7562.37
2015-07-15,7585.54
2015-07-16,7710.76
2015-07-17,7717.22
2015-07-20,7764.36
2015-07-21,7623.89
2015-07-22,7747.42
2015-07-23,7715.98
2015-07-24,7672.17
2015-07-27,7578.32
2015-07-28,7600.65
2015-07-29,7664.31
2015-07-30,7683.42
2015-07-31,7784.57
2015-08-03,7816.42
2015-08-04,7923.8
2015-08-05,7996.32
2015-08-06,8018.57
2015-08-07,7974.58
2015-08-10,7976.5
2015-08-11,7921.26
2015-08-12,7726.76
2015-08-13,7757.26
2015-08-14,7947.97
2015-08-17,7942.27
2015-08-18,7977.72
2015-08-19,8006.18
2015-08-20,7871.56
2015-08-21,7769.45
2015-08-24,7153.7
2015-08-25,7293.94
2015-08-26,7246.09
2015-08-27,7421.47
2015-08-28,7433.04
2015-08-31,7423.38
2015-09-01,7197.31
2015-09-02,7121.47
2015-09-03,7230.53
2015-09-04,7086.55
2015-09-07,6926.04
2015-09-08,7031.81
2015-09-09,7176.65
2015-09-10,7180.9
2015-09-11,7212.81
2015-09-14,7322.29
2015-09-15,7244.38
2015-09-16,7227.14
2015-09-18,7300.17
2015-09-21,7314.99
2015-09-22,7192.93
2015-09-23,7259.23
2015-09-24,7272.95
2015-09-28,7266.63
2015-09-29,7304.19
2015-09-30,7448.31
2015-10-01,7490.94
2015-10-05,7549.9
2015-10-06,7585.81
2015-10-07,7566.99
2015-10-08,7489.11
2015-10-09,7484.16
2015-10-12,7472.36
2015-10-13,7472.2
2015-10-14,7494.9
2015-10-15,7523.67
2015-10-16,7567.68
2015-10-19,7640.21
2015-10-20,7644.0
2015-10-21,7609.8
2015-10-23,7611.15
2015-10-26,7536.95
2015-10-27,7539.8
2015-10-28,7476.52
2015-10-29,7442.7
2015-10-30,7457.37
2015-11-02,7439.88
2015-11-03,7445.31
2015-11-04,7423.16
2015-11-05,7321.55
2015-11-06,7218.53
2015-11-09,7242.45
2015-11-10,7112.7
2015-11-11,7170.55
2015-11-13,7057.39
2015-11-16,7069.05
2015-11-17,7106.88
2015-11-18,7062.83
2015-11-19,7153.13
2015-11-20,7225.2
2015-11-23,7266.23
2015-11-24,7239.64
2015-11-26,7157.86
2015-11-27,7200.23
2015-11-30,7193.69
2015-12-01,7236.44
2015-12-02,7256.29
2015-12-03,7206.79
2015-12-04,7137.93
2015-12-07,7141.39
2015-12-08,7088.47
2015-12-09,6930.93
2015-12-10,7001.77
2015-12-11,6943.64
2015-12-14,6963.15
2015-12-15,7030.27
2015-12-16,7060.58
2015-12-17,7148.76
2015-12-18,7127.88
2015-12-21,7168.56
2015-12-22,7152.56
2015-12-23,7195.95
2015-12-24,7195.25
2015-12-28,7255.09
2015-12-29,7295.13
2015-12-30,7271.69
2015-12-31,7256.05
2016-01-01,7309.36
2016-01-04,7230.1
2016-01-05,7246.04
2016-01-06,7262.97
2016-01-07,7065.78
2016-01-08,7107.33
2016-01-11,7066.15
2016-01-12,7034.33
2016-01-13,6996.45
2016-01-14,6969.5
2016-01-15,6828.77
2016-01-18,6626.66
2016-01-19,6720.42
2016-01-20,6601.63
2016-01-21,6534.32
2016-01-22,6702.44
2016-01-25,6725.46
2016-01-27,6741.18
2016-01-28,6725.23
2016-01-29,6851.54
2016-02-01,6884.56
2016-02-02,6757.06
2016-02-03,6681.85
2016-02-04,6626.58
2016-02-05,6781.11
2016-02-08,6735.63
2016-02-09,6624.41
2016-02-10,6528.29
2016-02-11,6332.31
2016-02-12,6264.47
2016-02-15,6463.96
2016-02-16,6331.09
2016-02-17,6397.23
2016-02-18,6434.32
2016-02-19,6436.36
2016-02-22,6478.8
2016-02-23,6401.08
2016-02-24,6300.5
2016-02-25,6223.63
2016-02-26,6258.96
2016-02-29,6303.02
2016-03-01,6511.93
2016-03-02,6621.78
2016-03-03,6677.23
2016-03-04,6746.58
2016-03-08,6757.18
2016-03-09,6828.84
2016-03-10,6831.5
2016-03-11,6845.02
2016-03-14,6869.26
2016-03-15,6747.78
2016-03-16,6726.05
2016-03-17,6713.99
2016-03-18,6735.5
2016-03-21,6824.52
2016-03-22,6824.65
2016-03-23,6845.57
2016-03-28,6764.59
2016-03-29,6737.4
2016-03-30,6858.55
2016-03-31,6923.56
2016-04-01,6916.5
2016-04-04,6945.87
2016-04-05,6873.29
2016-04-06,6957.47
2016-04-07,6922.85
2016-04-08,6965.35
2016-04-11,7047.45
2016-04-12,7124.87
2016-04-13,7178.41
2016-04-18,7271.9
2016-04-20,7253.51
2016-04-21,7185.52
2016-04-22,7171.38
2016-04-25,7116.05
2016-04-26,7194.32
2016-04-27,7179.92
2016-04-28,7106.89
2016-04-29,7130.6
2016-05-02,7176.89
2016-05-03,7118.47
2016-05-04,7062.84
2016-05-05,7075.1
2016-05-06,7116.39
2016-05-09,7189.12
2016-05-10,7162.84
2016-05-11,7202.42
2016-05-12,7242.87
2016-05-13,7195.31
2016-05-16,7228.28
2016-05-17,7234.96
2016-05-18,7235.28
2016-05-19,7177.47
2016-05-20,7106.83
2016-05-23,7059.06
2016-05-24,7036.58
2016-05-25,7114.75
2016-05-26,7180.77
2016-05-27,7318.4
2016-05-30,7312.62
2016-05-31,7291.89
2016-06-01,7321.57
2016-06-02,7372.74
2016-06-03,7345.37
2016-06-06,7327.8
2016-06-07,7339.7
2016-06-08,7343.65
2016-06-09,7333.84
2016-06-10,7296.18
2016-06-13,7279.41
2016-06-14,7293.0
2016-06-15,7310.39
2016-06-16,7294.55
2016-06-17,7277.46
2016-06-20,7309.84
2016-06-21,7303.44
2016-06-22,7295.53
2016-06-23,7315.18
2016-06-24,7232.33
2016-06-27,7279.99
2016-06-28,7356.14
2016-06-29,7426.91
2016-06-30,7500.17
2016-07-01,7546.48
2016-07-04,7607.29
2016-07-05,7596.62
2016-07-07,7568.51
2016-07-08,7585.22
2016-07-11,7688.79
2016-07-12,7723.2
2016-07-13,7669.68
2016-07-14,7693.51
2016-07-15,7714.07
2016-07-18,7669.37
2016-07-19,7687.38
2016-07-20,7743.34
2016-07-21,7734.37
2016-07-22,7841.09
2016-07-25,7929.61
2016-07-26,7959.87
2016-07-27,8017.79
2016-07-28,8097.62
2016-07-29,8198.0
2016-08-01,8277.72
2016-08-02,8187.02
2016-08-03,8043.67
2016-08-04,8066.28
2016-08-05,8199.68
2016-08-08,8309.82
2016-08-09,8254.72
2016-08-10,8117.99
2016-08-11,8170.85
2016-08-12,8208.75
2016-08-16,8229.16
2016-08-17,8235.89
2016-08-18,8273.06
2016-08-19,8300.91
2016-08-22,8247.67
2016-08-23,8235.7
2016-08-24,8293.29
2016-08-25,8253.05
2016-08-26,8287.06
2016-08-29,8321.33
2016-08-30,8431.61
2016-08-31,8467.46
2016-09-01,8426.98
2016-09-02,8454.25
2016-09-06,8580.44
2016-09-07,8546.0
2016-09-08,8596.9
2016-09-09,8513.25
2016-09-12,8265.4
2016-09-14,8349.82
2016-09-15,8358.46
2016-09-16,8349.78
2016-09-19,8401.64
2016-09-20,8393.64
2016-09-21,8387.42
2016-09-22,8539.76
2016-09-23,8550.95
2016-09-26,8537.02
2016-09-27,8551.77
2016-09-28,8623.36
2016-09-29,8312.78
2016-09-30,8430.75
2016-10-03,8654.13
2016-10-04,8706.51
2016-10-05,8746.59
2016-10-06,8773.75
2016-10-07,8735.6
2016-10-10,8778.41
2016-10-13,8665.82
2016-10-14,8722.29
2016-10-17,8609.7
2016-10-18,8723.14
2016-10-19,8728.09
2016-10-20,8757.29
2016-10-21,8753.81
2016-10-24,8715.08
2016-10-25,8722.4
2016-10-26,8642.72
2016-10-27,8516.63
2016-10-28,8590.81
2016-10-30,8584.59
2016-11-01,8643.78
2016-11-02,8482.99
2016-11-03,8443.88
2016-11-04,8323.09
2016-11-07,8424.98
2016-11-08,8492.89
2016-11-09,8336.77
2016-11-10,8534.01
2016-11-11,8213.75
2016-11-15,7831.96
2016-11-16,7879.59
2016-11-17,7880.33
2016-11-18,7920.92
2016-11-21,7677.07
2016-11-22,7822.0
2016-11-23,7913.03
2016-11-24,7900.97
2016-11-25,8040.82
2016-11-28,8089.79
2016-11-29,8119.4
2016-11-30,8241.4
2016-12-01,8113.23
2016-12-02,8004.2
2016-12-05,8084.04
2016-12-06,8116.31
2016-12-07,8126.88
2016-12-08,8273.55
2016-12-09,8277.72
2016-12-12,8112.67
2016-12-13,8074.42
2016-12-14,8018.28
2016-12-15,8014.39
2016-12-16,7949.83
2016-12-19,7916.51
2016-12-20,7844.05
2016-12-21,7846.84
2016-12-22,7725.92
2016-12-23,7752.03
2016-12-26,7591.79
2016-12-27,7737.57
2016-12-28,7738.16
2016-12-29,7863.75
2016-12-30,7950.03
2017-01-02,8029.75
2017-01-03,8097.87
2017-01-04,8062.31
2017-01-05,8245.49
2017-01-06,8225.69
2017-01-09,8221.21
2017-01-10,8283.01
2017-01-11,8470.64
2017-01-12,8516.6
2017-01-13,8460.73
2017-01-16,8521.19
2017-01-17,8489.04
2017-01-18,8594.99
2017-01-19,8637.08
2017-01-20,8528.48
2017-01-23,8685.98
2017-01-24,8814.04
2017-01-25,9020.47
2017-01-27,9042.47
2017-01-30,9051.68
2017-01-31,8961.85
2017-02-01,9179.86
2017-02-02,9156.52
2017-02-03,9135.69
2017-02-06,9224.12
2017-02-07,9177.18
2017-02-08,9247.34
2017-02-09,9249.13
2017-02-10,9250.27
2017-02-13,9273.65
2017-02-14,9205.73
2017-02-15,9092.9
2017-02-16,9248.41
2017-02-17,9307.44
2017-02-20,9386.27
2017-02-21,9424.54
2017-02-22,9346.25
2017-02-23,9334.14
2017-02-27,9273.3
2017-02-28,9283.76
2017-03-01,9316.72
2017-03-02,9218.15
2017-03-03,9278.78
2017-03-06,9320.57
2017-03-07,9292.17
2017-03-08,9258.72
2017-03-09,9258.12
2017-03-10,9227.17
2017-03-14,9402.88
2017-03-15,9428.33
2017-03-16,9594.95
2017-03-17,9568.34
2017-03-20,9578.87
2017-03-21,9583.89
2017-03-22,9480.94
2017-03-23,9583.66
2017-03-24,9580.36
2017-03-27,9529.21
2017-03-28,9579.27
2017-03-29,9595.8
2017-03-30,9640.99
2017-03-31,9704.96
2017-04-03,9713.55
2017-04-05,9804.4
2017-04-06,9824.7
2017-04-07,9796.76
2017-04-10,9870.71
2017-04-11,9954.85
2017-04-12,9923.77
2017-04-13,9827.84
2017-04-17,9849.25
2017-04-18,9792.76
2017-04-19,9847.65
2017-04-20,9903.11
2017-04-21,9900.32
2017-04-24,9983.55
2017-04-25,10086.52
2017-04-26,10105.96
2017-04-27,10123.68
2017-04-28,10215.5
2017-05-02,10317.92
2017-05-03,10242.98
2017-05-04,10209.77
2017-05-05,10067.03
2017-05-08,10118.92
2017-05-09,10162.76
2017-05-10,10189.03
2017-05-11,10186.57
2017-05-12,10135.88
2017-05-15,10295.71
2017-05-16,10300.01
2017-05-17,10351.26
2017-05-18,10107.09
2017-05-19,10071.41
2017-05-22,9954.85
2017-05-23,9884.39
2017-05-24,9809.32
2017-05-25,10000.37
2017-05-26,10204.35
2017-05-29,10107.45
2017-05-30,10187.5
2017-05-31,10180.23
2017-06-01,10138.36
2017-06-02,10155.41
2017-06-05,10176.72
2017-06-06,10153.55
2017-06-07,10199.0
2017-06-08,10211.75
2017-06-09,10307.83
2017-06-12,10275.51
2017-06-13,10253.85
2017-06-14,10226.95
2017-06-15,10181.7
2017-06-16,10204.51
2017-06-19,10292.15
2017-06-20,10310.94
2017-06-21,10237.9
2017-06-22,10117.46
2017-06-23,9979.62
2017-06-27,9901.98
2017-06-28,9975.87
2017-06-29,10042.41
2017-06-30,10061.85
2017-07-03,10189.97
2017-07-04,10182.97
2017-07-05,10256.82
2017-07-06,10276.74
2017-07-07,10273.05
2017-07-10,10352.86
2017-07-11,10339.29
2017-07-12,10464.98
2017-07-13,10520.15
2017-07-14,10562.35
2017-07-17,10596.81
2017-07-18,10545.9
2017-07-19,10660.25
2017-07-20,10619.68
2017-07-21,10596.85
2017-07-24,10580.22
2017-07-25,10637.64
2017-07-26,10729.98
2017-07-27,10728.1
2017-07-28,10765.82
2017-07-31,10861.3
2017-08-01,10912.32
2017-08-02,10899.7
2017-08-03,10828.64
2017-08-04,10996.95
2017-08-07,11126.85
2017-08-08,11067.03
2017-08-09,10959.14
2017-08-10,10714.92
2017-08-11,10624.86
2017-08-14,10906.71
2017-08-16,11015.98
2017-08-17,10999.82
2017-08-18,10973.49
2017-08-21,10821.16
2017-08-22,10822.1
2017-08-23,10985.57
2017-08-24,11039.28
2017-08-28,11137.45
2017-08-29,11031.21
2017-08-30,11251.92
2017-08-31,11280.84
2017-09-01,11419.39
2017-09-04,11337.95
2017-09-05,11436.88
2017-09-06,11459.12
2017-09-07,11522.77
2017-09-08,11502.67
2017-09-11,11674.14
2017-09-12,11790.77
2017-09-13,11655.77
2017-09-14,11660.4
2017-09-15,11685.82
2017-09-18,11757.4
2017-09-19,11808.14
2017-09-20,11767.93
2017-09-21,11719.53
2017-09-22,11374.06
2017-09-25,11236.52
2017-09-26,11309.69
2017-09-27,11116.1
2017-09-28,11153.74
2017-09-29,11312.79
2017-10-03,11418.15
2017-10-04,11444.54
2017-10-05,11446.89
2017-10-06,11690.7
2017-10-09,11665.02
2017-10-10,11725.27
2017-10-11,11661.28
2017-10-12,11794.37
2017-10-13,11840.17
2017-10-16,11927.23
2017-10-17,11978.57
2017-10-18,11971.47
2017-10-19,11857.07
2017-10-23,11899.45
2017-10-24,11935.65
2017-10-25,11857.36
2017-10-26,12023.1
2017-10-27,11968.31
2017-10-30,12059.67
2017-10-31,11987.32
2017-11-01,12065.22
2017-11-02,12059.66
2017-11-03,12102.81
2017-11-06,12093.67
2017-11-07,11951.59
2017-11-08,11848.23
2017-11-09,11866.35
2017-11-10,11870.77
2017-11-13,11785.91
2017-11-14,11695.52
2017-11-15,11522.04
2017-11-16,11617.31
2017-11-17,11754.51
2017-11-20,11853.63
2017-11-21,11878.92
2017-11-22,11873.37
2017-11-23,11885.02
2017-11-24,11898.85
2017-11-27,11892.62
2017-11-28,11906.0
2017-11-29,11870.49
2017-11-30,11757.39
2017-12-01,11612.47
2017-12-04,11682.88
2017-12-05,11681.3
2017-12-06,11551.8
2017-12-07,11783.49
2017-12-08,11906.35
2017-12-11,11933.67
2017-12-12,11828.56
2017-12-13,11749.15
2017-12-14,11787.79
2017-12-15,11973.37
2017-12-18,12098.81
2017-12-19,12256.94
2017-12-20,12246.89
2017-12-21,12308.07
2017-12-22,12365.79
2017-12-26,12448.83
2017-12-27,12388.08
2017-12-28,12431.2
2017-12-29,12517.94
2018-01-01,12444.14
2018-01-02,12381.9
2018-01-03,12417.67
2018-01-04,12550.41
2018-01-05,12709.67
2018-01-08,12807.17
2018-01-09,12784.41
2018-01-10,12730.13
2018-01-11,12710.11
2018-01-12,12745.46
2018-01-15,12732.42
2018-01-16,12541.57
2018-01-17,12587.88
2018-01-18,12433.56
2018-01-19,12567.04
2018-01-22,12678.3
2018-01-23,12797.96
2018-01-24,12653.71
2018-01-25,12570.45
2018-01-29,12630.34
2018-01-30,12535.88
2018-01-31,12408.17
2018-02-01,12377.7
2018-02-02,11899.03
2018-02-05,11822.35
2018-02-06,11694.02
2018-02-07,11705.6
2018-02-08,11922.29
2018-02-09,11918.41
2018-02-12,12123.29
2018-02-14,12156.29
2018-02-15,12077.61
2018-02-16,11921.13
2018-02-19,11788.08
2018-02-20,11780.07
2018-02-21,11713.62
2018-02-22,11659.11
2018-02-23,11917.68
2018-02-26,12073.2
2018-02-27,12053.32
2018-02-28,11989.73
2018-03-01,11948.9
2018-03-05,11776.46
2018-03-06,11677.43
2018-03-07,11603.08
2018-03-08,11652.51
2018-03-09,11626.06
2018-03-12,11818.2
2018-03-13,11879.55
2018-03-14,11886.14
2018-03-15,11866.11
2018-03-16,11718.82
2018-03-19,11543.7
2018-03-20,11607.69
2018-03-21,11674.68
2018-03-22,11654.97
2018-03-23,11529.87
2018-03-26,11770.55
2018-03-27,11910.4
2018-03-28,11798.85
2018-04-02,12050.25
2018-04-03,12124.9
2018-04-04,11971.12
2018-04-05,12255.74
2018-04-06,12356.29
2018-04-09,12467.26
2018-04-10,12443.4
2018-04-11,12497.6
2018-04-12,12467.27
2018-04-13,12533.92
2018-04-16,12645.09
2018-04-17,12669.13
2018-04-18,12625.73
2018-04-19,12694.51
2018-04-20,12609.28
2018-04-23,12643.19
2018-04-24,12686.53
2018-04-25,12622.98
2018-04-26,12682.01
2018-04-27,12728.84
2018-04-30,12777.55
2018-05-02,12570.36
2018-05-03,12460.73
2018-05-04,12443.32
2018-05-07,12637.4
2018-05-08,12554.84
2018-05-09,12542.19
2018-05-10,12430.26
2018-05-11,12541.88
2018-05-14,12422.23
2018-05-15,12399.61
2018-05-16,12438.7
2018-05-17,12448.53
2018-05-18,12350.04
2018-05-21,12164.76
2018-05-22,12267.98
2018-05-23,12115.21
2018-05-24,12072.36
2018-05-25,12327.15
2018-05-28,12453.93
2018-05-29,12408.01
2018-05-30,12435.29
2018-05-31,12479.72
2018-06-01,12361.9
2018-06-04,12270.6
2018-06-05,12221.53
2018-06-06,12383.92
2018-06-07,12500.76
2018-06-08,12535.21
2018-06-11,12543.16
2018-06-12,12624.72
2018-06-13,12599.28
2018-06-14,12647.76
2018-06-15,12624.7
2018-06-18,12565.02
2018-06-19,12447.67
2018-06-20,12537.29
2018-06-21,12467.84
2018-06-22,12572.16
2018-06-25,12551.05
2018-06-26,12545.0
2018-06-27,12428.9
2018-06-28,12274.58
2018-06-29,12419.59
2018-07-02,12386.75
2018-07-03,12462.31
2018-07-04,12525.36
2018-07-05,12403.27
2018-07-06,12425.97
2018-07-09,12549.13
2018-07-10,12607.24
2018-07-11,12622.06
2018-07-12,12670.33
2018-07-13,12690.26
2018-07-16,12589.58
2018-07-17,12627.2
2018-07-18,12463.87
2018-07-19,12416.46
2018-07-20,12559.67
2018-07-23,12608.8
2018-07-24,12644.13
2018-07-25,12596.33
2018-07-26,12593.87
2018-07-27,12712.37
2018-07-30,12737.35
2018-07-31,12907.43
2018-08-01,12948.32
2018-08-02,12884.18
2018-08-03,12955.47
2018-08-06,12908.28
2018-08-07,12944.21
2018-08-08,13063.73
2018-08-09,13075.61
2018-08-10,13048.62
2018-08-13,13067.92
2018-08-14,13209.46
2018-08-16,13167.51
2018-08-17,13306.38
2018-08-20,13356.28
2018-08-21,13378.01
2018-08-23,13470.78
2018-08-24,13403.1
2018-08-27,13556.8
2018-08-28,13610.27
2018-08-29,13621.99
2018-08-30,13558.17
2018-08-31,13608.11
2018-09-03,13447.63
2018-09-04,13258.97
2018-09-05,13209.78
2018-09-06,13280.45
2018-09-07,13415.95
2018-09-10,13172.59
2018-09-11,12993.52
2018-09-12,13070.02
2018-09-14,13264.33
2018-09-17,13148.65
2018-09-18,13129.85
2018-09-19,13054.14
2018-09-21,12812.04
2018-09-24,12579.77
2018-09-25,12705.41
2018-09-26,12694.09
2018-09-27,12600.77
2018-09-28,12478.72
2018-10-01,12565.28
2018-10-03,12325.3
2018-10-04,11957.94
2018-10-05,11749.53
2018-10-08,11747.21
2018-10-09,11646.31
2018-10-10,11912.1
2018-10-11,11638.36
2018-10-12,11951.93
2018-10-15,11961.95
2018-10-16,12053.93
2018-10-17,11859.77
2018-10-19,11729.57
2018-10-22,11570.39
2018-10-23,11406.17
2018-10-24,11545.22
2018-10-25,11449.95
2018-10-26,11352.31
2018-10-29,11524.22
2018-10-30,11509.44
2018-10-31,11760.68
2018-11-01,11740.74
2018-11-02,11827.23
2018-11-05,11835.66
2018-11-06,11779.32
2018-11-07,11859.96
2018-11-09,11879.78
2018-11-12,11868.32
2018-11-13,11939.27
2018-11-14,11845.62
2018-11-15,11929.61
2018-11-16,11969.2
2018-11-19,12085.01
2018-11-20,11980.0
2018-11-21,11967.81
2018-11-22,11869.03
2018-11-26,11974.11
2018-11-27,12055.74
2018-11-28,12102.35
2018-11-29,12249.78
2018-11-30,12358.31
2018-12-03,12374.44
2018-12-04,12337.73
2018-12-05,12239.94
2018-12-06,11993.36
2018-12-07,12112.3
2018-12-10,11871.56
2018-12-11,12010.59
2018-12-12,12228.72
2018-12-13,12310.95
2018-12-14,12312.63
2018-12-17,12366.9
2018-12-18,12373.3
2018-12-19,12455.34
2018-12-20,12416.06
2018-12-21,12194.31
2018-12-24,12056.61
2018-12-26,12073.69
2018-12-27,12147.25
2018-12-28,12262.32
2018-12-31,12309.56
2019-01-01,12301.38
2019-01-02,12222.7
2019-01-03,12123.31
2019-01-04,12128.31
2019-01-07,12168.01
2019-01-08,12161.67
2019-01-09,12238.04
2019-01-10,12259.68
2019-01-11,12241.78
2019-01-14,12212.84
2019-01-15,12408.41
2019-01-16,12398.24
2019-01-17,12401.31
2019-01-18,12436.0
2019-01-21,12488.66
2019-01-22,12555.91
2019-01-23,12514.69
2019-01-24,12556.61
2019-01-25,12512.48
2019-01-28,12333.19
2019-01-29,12393.11
2019-01-30,12411.14
2019-01-31,12599.94
2019-02-01,12750.96
2019-02-04,12784.37
2019-02-05,12779.05
2019-02-06,12939.18
2019-02-07,12969.75
2019-02-08,12857.0
2019-02-11,12736.28
2019-02-12,12679.13
2019-02-13,12656.57
2019-02-14,12602.72
2019-02-15,12454.86
2019-02-18,12362.1
2019-02-19,12273.47
2019-02-20,12400.35
2019-02-21,12505.59
2019-02-22,12527.59
2019-02-25,12638.35
2019-02-26,12623.61
2019-02-27,12554.32
2019-02-28,12542.85
2019-03-01,12613.51
2019-03-05,12642.23
2019-03-06,12749.32
2019-03-07,12671.36
2019-03-08,12635.21
2019-03-11,12783.74
2019-03-12,12903.77
2019-03-13,12891.47
2019-03-14,12891.31
2019-03-15,12971.52
2019-03-18,13008.97
2019-03-19,13064.79
2019-03-20,13060.54
2019-03-22,13003.01
2019-03-25,12920.12
2019-03-26,13049.59
2019-03-27,12978.22
2019-03-28,13059.46
2019-03-29,13164.26
2019-04-01,13209.56
2019-04-02,13205.27
2019-04-03,13140.7
2019-04-04,13115.94
2019-04-05,13164.7
2019-04-08,13123.14
2019-04-09,13200.25
2019-04-10,13161.29
2019-04-11,13152.98
2019-04-12,13176.32
2019-04-15,13246.88
2019-04-16,13310.17
2019-04-18,13300.31
2019-04-22,13189.97
2019-04-23,13213.42
2019-04-24,13370.89
2019-04-25,13315.78
2019-04-26,13424.33
2019-04-30,13503.43
2019-05-02,13370.61
2019-05-03,13263.5
2019-05-06,13110.73
2019-05-07,13039.54
2019-05-08,12893.6
2019-05-09,12872.67
2019-05-10,12875.61
2019-05-13,12776.16
2019-05-14,12733.39
2019-05-15,12727.93
2019-05-16,12856.03
2019-05-17,12969.81
2019-05-20,13229.42
2019-05-21,13201.57
2019-05-22,13168.97
2019-05-23,13083.03
2019-05-24,13223.52
2019-05-27,13198.61
2019-05-28,13221.71
2019-05-29,13198.39
2019-05-30,13281.89
2019-05-31,13322.58
2019-06-03,13525.63
2019-06-04,13429.97
2019-06-06,13304.27
2019-06-07,13327.31
2019-06-10,13441.92
2019-06-11,13490.43
2019-06-12,13424.29
2019-06-13,13445.55
2019-06-14,13328.75
2019-06-17,13222.46
2019-06-18,13239.08
2019-06-19,13246.88
2019-06-20,13368.29
2019-06-21,13239.13
2019-06-24,13169.85
2019-06-25,13266.5
2019-06-26,13294.32
2019-06-27,13275.86
2019-06-28,13242.39
2019-07-01,13309.2
2019-07-02,13378.29
2019-07-03,13367.1
2019-07-04,13441.42
2019-07-05,13245.47
2019-07-08,12920.72
2019-07-09,12885.34
2019-07-10,12755.0
2019-07-11,12798.37
2019-07-12,12762.3
2019-07-15,12819.31
2019-07-16,12915.8
2019-07-17,12965.95
2019-07-18,12886.24
2019-07-19,12639.58
2019-07-22,12524.01
2019-07-23,12503.84
2019-07-24,12387.23
2019-07-25,12362.31
2019-07-26,12469.7
2019-07-29,12384.71
2019-07-30,12226.12
2019-07-31,12239.69
2019-08-01,12089.56
2019-08-02,12099.82
2019-08-05,11918.39
2019-08-06,12077.92
2019-08-07,11968.16
2019-08-08,12145.49
2019-08-09,12266.61
2019-08-13,11969.21
2019-08-14,12136.47
2019-08-16,12169.57
2019-08-19,12200.18
2019-08-20,12155.9
2019-08-21,12045.48
2019-08-22,11846.54
2019-08-23,11958.4
2019-08-26,12234.61
2019-08-27,12247.88
2019-08-28,12171.06
2019-08-29,12049.19
2019-08-30,12156.58
2019-09-03,11908.65
2019-09-04,11973.1
2019-09-05,11958.62
2019-09-06,12083.85
2019-09-09,12224.53
2019-09-11,12250.45
2019-09-12,12193.86
2019-09-13,12319.93
2019-09-16,12253.83
2019-09-17,12058.05
2019-09-18,12093.97
2019-09-19,11932.24
2019-09-20,12592.1
2019-09-23,12987.47
2019-09-24,12975.56
2019-09-25,12803.22
2019-09-26,12926.06
2019-09-27,12913.03
2019-09-30,12848.03
2019-10-01,12683.36
2019-10-03,12610.86
2019-10-04,12448.0
2019-10-07,12421.26
2019-10-09,12622.35
2019-10-10,12516.7
2019-10-11,12551.27
2019-10-14,12540.49
2019-10-15,12584.55
2019-10-16,12657.66
2019-10-17,12807.68
2019-10-18,12917.9
2019-10-22,12851.5
2019-10-23,12881.11
2019-10-24,12889.67
2019-10-25,12849.68
2019-10-27,12866.31
2019-10-29,13001.57
2019-10-30,13045.93
2019-10-31,13162.14
2019-11-01,13158.87
2019-11-04,13244.05
2019-11-05,13231.5
2019-11-06,13228.49
2019-11-07,13279.97
2019-11-08,13196.39
2019-11-11,13213.11
2019-11-13,13099.26
2019-11-14,13167.8
2019-11-15,13186.94
2019-11-18,13203.99
2019-11-19,13254.84
2019-11-20,13297.19
2019-11-21,13229.78
2019-11-22,13133.92
2019-11-25,13315.83
2019-11-26,13284.26
2019-11-27,13390.34
2019-11-28,13463.24
2019-11-29,13336.77
2019-12-02,13304.83
2019-12-03,13286.93
2019-12-04,13374.18
2019-12-05,13349.53
2019-12-06,13223.66
2019-12-09,13249.82
2019-12-10,13182.87
2019-12-11,13282.64
2019-12-12,13361.89
2019-12-13,13455.78
2019-12-16,13443.24
2019-12-17,13537.34
2019-12-18,13565.59
2019-12-19,13584.23
2019-12-20,13648.46
2019-12-23,13648.49
2019-12-24,13595.94
2019-12-26,13545.72
2019-12-27,13651.11
2019-12-30,13685.95
2019-12-31,13608.39
2020-01-01,13599.71
2020-01-02,13673.95
2020-01-03,13592.39
2020-01-06,13332.81
2020-01-07,13412.8
2020-01-08,13469.23
2020-01-09,13681.17
2020-01-10,13738.52
2020-01-13,13843.76
2020-01-14,13927.49
2020-01-15,13972.67
2020-01-16,14059.35
2020-01-17,14142.91
2020-01-20,14078.21
2020-01-21,14038.5
2020-01-22,13984.61
2020-01-23,14115.81
2020-01-24,14229.3
2020-01-27,14172.72
2020-01-28,14160.39
2020-01-29,14245.35
2020-01-30,14127.25
2020-01-31,13995.19
2020-02-01,13688.19
2020-02-03,13971.52
2020-02-04,14264.05
2020-02-05,14381.14
2020-02-06,14447.46
2020-02-07,14422.83
2020-02-10,14397.36
2020-02-11,14411.6
2020-02-12,14510.0
2020-02-13,14484.44
2020-02-14,14484.57
2020-02-17,14420.16
2020-02-18,14364.36
2020-02-19,14590.32
2020-02-20,14502.31
2020-02-24,14258.15
2020-02-25,14225.3
2020-02-26,14121.09
2020-02-27,14100.31
2020-02-28,13598.81
2020-03-02,13503.58
2020-03-03,13737.88
2020-03-04,13641.6
2020-03-05,13709.08
2020-03-06,13472.32
2020-03-09,12976.34
2020-03-11,12968.29
2020-03-12,12038.01
2020-03-13,12414.73
2020-03-16,11666.94
2020-03-17,11399.84
2020-03-18,10651.82
2020-03-19,10327.58
2020-03-20,11047.76
2020-03-23,9635.79
2020-03-24,9909.8
2020-03-25,10549.3
2020-03-26,10947.9
2020-03-27,10821.45
2020-03-30,10579.5
2020-03-31,11002.27
2020-04-01,10616.55
2020-04-03,10460.95
2020-04-07,11355.81
2020-04-08,11345.51
2020-04-09,11724.67
2020-04-13,11682.0
2020-04-15,11737.47
2020-04-16,11863.47
2020-04-17,12023.13
2020-04-20,11979.56
2020-04-21,11823.76
2020-04-22,12084.64
2020-04-23,12153.18
2020-04-24,11947.03
2020-04-27,12200.6
2020-04-28,12277.31
2020-04-29,12345.61
2020-04-30,12533.46
2020-05-04,11963.43
2020-05-05,11763.07
2020-05-06,11900.23
2020-05-07,11752.21
2020-05-08,11905.98
2020-05-11,11849.65
2020-05-12,11779.29
2020-05-13,11874.29
2020-05-14,11699.36
2020-05-15,11743.83
2020-05-18,11325.35
2020-05-19,11422.87
2020-05-20,11670.84
2020-05-21,11652.91
2020-05-22,11553.95
2020-05-26,11542.08
2020-05-27,11734.56
2020-05-28,11892.79
2020-05-29,12141.83
2020-06-01,12384.51
2020-06-02,12528.51
2020-06-03,12673.01
2020-06-04,12624.61
2020-06-05,12741.49
2020-06-08,12718.08
2020-06-09,12612.26
2020-06-10,12660.64
2020-06-11,12483.38
2020-06-12,12625.12
2020-06-15,12414.46
2020-06-16,12476.44
2020-06-17,12445.16
2020-06-18,12645.62
2020-06-19,12848.57
2020-06-22,12993.92
2020-06-23,13207.85
2020-06-24,13005.61
2020-06-25,12998.7
2020-06-26,12983.44
2020-06-29,12994.67
2020-06-30,12952.24
2020-07-01,12874.06
2020-07-02,12941.16
2020-07-03,13039.02
2020-07-06,13067.53
2020-07-07,13084.92
2020-07-08,13040.19
2020-07-09,13103.59
2020-07-10,13142.12
2020-07-13,13237.67
2020-07-14,13213.45
2020-07-15,13173.94
2020-07-16,13314.68
2020-07-17,13495.21
2020-07-20,13585.3
2020-07-21,13437.31
2020-07-22,13409.8
2020-07-23,13516.14
2020-07-24,13418.84
2020-07-27,13346.48
2020-07-28,13402.64
2020-07-29,13531.08
2020-07-30,13614.78
2020-07-31,13804.99
2020-08-03,13756.42
2020-08-04,13929.08
2020-08-05,13942.27
2020-08-06,14077.81
2020-08-07,14219.89
2020-08-10,14523.44
2020-08-11,14392.19
2020-08-12,14257.49
2020-08-13,14238.17
2020-08-14,14244.07
2020-08-17,14275.88
2020-08-18,14387.49
2020-08-19,14399.68
2020-08-20,14380.09
2020-08-21,14446.07
2020-08-24,14483.52
2020-08-25,14443.1
2020-08-26,14424.21
2020-08-27,14431.92
2020-08-28,14400.47
2020-08-31,13915.67
2020-09-01,14242.43
2020-09-02,14370.63
2020-09-03,14471.2
2020-09-04,14222.58
2020-09-07,14161.47
2020-09-08,14017.41
2020-09-09,14176.12
2020-09-10,14321.56
2020-09-11,14406.54
2020-09-14,14371.99
2020-09-15,14525.48
2020-09-16,14656.04
2020-09-17,14631.51
2020-09-18,14848.69
2020-09-21,14297.73
2020-09-22,14227.91
2020-09-23,14129.93
2020-09-24,13839.97
2020-09-25,14198.67
2020-09-28,14424.44
2020-09-29,14354.21
2020-09-30,14434.81
2020-10-01,14558.6
2020-10-05,14574.2
2020-10-06,14603.44
2020-10-07,14624.31
2020-10-08,14740.45
2020-10-09,14572.87
2020-10-12,14621.44
2020-10-13,14525.24
2020-10-14,14574.9
2020-10-15,14346.12
2020-10-16,14472.5
2020-10-19,14425.07
2020-10-20,14440.73
2020-10-21,14339.66
2020-10-22,14269.14
2020-10-23,14331.11
2020-10-26,14173.08
2020-10-27,14533.43
2020-10-28,14390.72
2020-10-29,14427.13
2020-10-30,14363.76
2020-11-02,14243.25
2020-11-03,14277.96
2020-11-04,14423.96
2020-11-05,14658.96
2020-11-06,14665.36
2020-11-09,14836.96
2020-11-10,14459.44
2020-11-11,14679.64
2020-11-12,14794.18
2020-11-13,14927.01
2020-11-14,14962.65
2020-11-17,14939.85
2020-11-18,14919.54
2020-11-19,14809.31
2020-11-20,14886.49
2020-11-23,15058.93
2020-11-24,15122.07
2020-11-25,14843.32
2020-11-26,14991.39
2020-11-27,15183.24
2020-12-01,15229.19
2020-12-02,15317.61
2020-12-03,15451.31
2020-12-04,15572.87
2020-12-07,15706.07
2020-12-08,15646.68
2020-12-09,15733.94
2020-12-10,15867.1
2020-12-11,15811.9
2020-12-14,15906.86
2020-12-15,15828.36
2020-12-16,15976.53
2020-12-17,16012.57
2020-12-18,16116.94
2020-12-21,15606.77
2020-12-22,15882.25
2020-12-23,16145.13
2020-12-24,16202.92
2020-12-28,16246.22
2020-12-29,16231.24
2020-12-30,16301.35
2020-12-31,16323.67
2021-01-01,16439.73
2021-01-04,16730.3
2021-01-05,16881.0
2021-01-06,16815.2
2021-01-07,16914.49
2021-01-08,17210.32
2021-01-11,17399.69
2021-01-12,17322.65
2021-01-13,17296.61
2021-01-14,17208.78
2021-01-15,16906.21
2021-01-18,16558.47
2021-01-19,16832.95
2021-01-20,17124.63
2021-01-21,17045.66
2021-01-22,16786.15
2021-01-25,16660.99
2021-01-27,16358.32
2021-01-28,16262.23
2021-01-29,15795.44
2021-02-01,16277.59
2021-02-02,16624.78
2021-02-03,16844.91
2021-02-04,17043.03
2021-02-05,17084.66
2021-02-08,17450.79
2021-02-09,17359.17
2021-02-10,17495.0
2021-02-11,17601.84
2021-02-12,17575.29
2021-02-15,17817.66
2021-02-16,17850.76
2021-02-17,17706.35
2021-02-18,17711.17
2021-02-19,17395.39
2021-02-22,17184.18
2021-02-23,17293.26
2021-02-24,17335.75
2021-02-25,17550.8
2021-02-26,17052.89
2021-03-01,17317.21
2021-03-02,17643.92
2021-03-03,17955.15
2021-03-04,17854.32
2021-03-05,17505.93
2021-03-08,17512.64
2021-03-09,17462.12
2021-03-10,17707.82
2021-03-12,17614.63
2021-03-15,17580.68
2021-03-16,17645.6
2021-03-17,17348.2
2021-03-18,17041.49
2021-03-19,17317.74
2021-03-22,17609.64
2021-03-23,17746.11
2021-03-24,17497.41
2021-03-25,17192.12
2021-03-26,17475.73
2021-03-30,17841.53
2021-03-31,17866.29
2021-04-01,18261.82
2021-04-05,18213.22
2021-04-06,18556.7
2021-04-07,18803.11
2021-04-08,19057.41
2021-04-09,19179.79
2021-04-12,18481.67
2021-04-13,18605.13
2021-04-15,18694.77
2021-04-16,18984.56
2021-04-19,18869.12
2021-04-20,19005.25
2021-04-22,19117.47
2021-04-23,19033.61
2021-04-26,19117.05
2021-04-27,19364.84
2021-04-28,19454.28
2021-04-29,19716.04
2021-04-30,19578.57
2021-05-03,19789.77
2021-05-04,19570.5
2021-05-05,19784.71
2021-05-06,20004.92
2021-05-07,20097.95
2021-05-10,20292.08
2021-05-11,20191.51
2021-05-12,19873.64
2021-05-14,19658.62
2021-05-17,19919.02
2021-05-18,20260.45
2021-05-19,20211.19
2021-05-20,20120.36
2021-05-21,20207.79
2021-05-24,20125.81
2021-05-25,20219.63
2021-05-26,20303.06
2021-05-27,20364.38
2021-05-28,20371.54
2021-05-31,20513.33
2021-06-01,20577.86
2021-06-02,20865.03
2021-06-03,21097.67
2021-06-04,21240.72
2021-06-07,21172.2
2021-06-08,21220.82
2021-06-09,21070.82
2021-06-10,21359.91
2021-06-11,21541.17
2021-06-14,21488.91
2021-06-15,21570.4
2021-06-16,21301.69
2021-06-17,21147.44
2021-06-18,21122.64
2021-06-21,21188.58
2021-06-22,21219.05
2021-06-23,21035.79
2021-06-24,21161.14
2021-06-25,21404.92
2021-06-28,21520.84
2021-06-29,21473.9
2021-06-30,21420.53
2021-07-01,21411.16
2021-07-02,21357.06
2021-07-05,21544.35
2021-07-06,21384.14
2021-07-07,21614.24
2021-07-08,21317.96
2021-07-09,21513.18
2021-07-12,21532.23
2021-07-13,21604.8
2021-07-14,21716.2
2021-07-15,21847.87
2021-07-16,21935.65
2021-07-19,21745.37
2021-07-20,21501.0
2021-07-22,21950.15
2021-07-23,21900.54
2021-07-26,21938.76
2021-07-27,21917.35
2021-07-28,21967.31
2021-07-29,22534.2
2021-07-30,22529.41
2021-08-02,22769.15
2021-08-03,22922.12
2021-08-04,22802.23
2021-08-05,22876.36
2021-08-06,22910.87
2021-08-09,22674.68
2021-08-10,22351.85
2021-08-11,22620.67
2021-08-12,22801.57
2021-08-13,22879.95
2021-08-16,22996.37
2021-08-17,22908.08
2021-08-18,22864.11
2021-08-20,22179.77
2021-08-23,22081.35
2021-08-24,22508.02
2021-08-25,22541.58
2021-08-26,22392.56
2021-08-27,22659.68
2021-08-30,23013.48
2021-08-31,23369.67
2021-09-01,23373.32
2021-09-02,23590.57
2021-09-03,23749.19
2021-09-06,23891.6
2021-09-07,23768.11
2021-09-08,23783.17
2021-09-09,23847.38
2021-09-13,24019.68
2021-09-14,24039.96
2021-09-15,24278.04
2021-09-16,24287.17
2021-09-17,23990.42
2021-09-20,23156.29
2021-09-21,23601.46
2021-09-22,23813.72
2021-09-23,24191.01
2021-09-24,23959.05
2021-09-27,23877.93
2021-09-28,23627.48
2021-09-29,23907.76
2021-09-30,23830.3
2021-10-01,23782.19
2021-10-04,24264.34
2021-10-05,24377.02
2021-10-06,23975.96
2021-10-07,24324.55
2021-10-08,24504.09
2021-10-11,24771.79
2021-10-12,24978.2
2021-10-13,25779.83
2021-10-14,26238.0
2021-10-18,26836.99
2021-10-19,26281.8
2021-10-20,25894.12
2021-10-21,25542.37
2021-10-22,25014.91
2021-10-25,24797.01
2021-10-26,25392.7
2021-10-27,25271.64
2021-10-28,24535.11
2021-10-29,24574.67
2021-11-01,25075.93
2021-11-02,24983.88
2021-11-03,25148.0
2021-11-04,25224.74
2021-11-08,25608.39
2021-11-09,25758.53
2021-11-10,25630.02
2021-11-11,25482.15
2021-11-12,25809.95
2021-11-15,25806.36
2021-11-16,25743.29
2021-11-17,25864.17
2021-11-18,25336.01
2021-11-22,24896.61
2021-11-23,25349.11
2021-11-24,25220.36
2021-11-25,25417.21
2021-11-26,24312.88
2021-11-29,24218.95
2021-11-30,24047.75
2021-12-01,24432.31
2021-12-02,24811.31
2021-12-03,24693.55
2021-12-06,24259.61
2021-12-07,24773.85
2021-12-08,25261.19
2021-12-09,25362.48
2021-12-10,25467.58
2021-12-13,25372.05
2021-12-14,25366.88
2021-12-15,25095.2
2021-12-16,25156.0
2021-12-17,24646.95
2021-12-20,23854.53
2021-12-21,24372.06
2021-12-22,24758.55
2021-12-23,24933.94
2021-12-24,24793.69
2021-12-27,24845.28
2021-12-28,25127.56
2021-12-29,24986.48
2021-12-30,24845.49
2021-12-31,25107.81
2022-01-03,25417.66
2022-01-04,25509.87
2022-01-05,25402.02
2022-01-06,25317.35
2022-01-07,25389.85
2022-01-10,25578.05
2022-01-11,25671.96
2022-01-12,25856.4
2022-01-13,25987.06
2022-01-14,25931.32
2022-01-17,26028.49
2022-01-18,25391.79
2022-01-19,25249.39
2022-01-20,25204.23
2022-01-21,24552.7
2022-01-24,23474.0
2022-01-25,23725.2
2022-01-27,23241.4
2022-01-28,23516.6
2022-01-31,24050.14
2022-02-01,24258.65
2022-02-02,24567.36
2022-02-03,24277.95
2022-02-04,24294.15
2022-02-07,23921.8
2022-02-08,23821.52
2022-02-09,24285.87
2022-02-10,24459.43
2022-02-11,23851.94
2022-02-14,23020.62
2022-02-15,23954.36
2022-02-16,23842.13
2022-02-17,23748.49
2022-02-18,23581.35
2022-02-21,23454.53
2022-02-22,23359.55
2022-02-23,23440.9
2022-02-24,22088.81
2022-02-25,23061.66
2022-02-28,23381.0
2022-03-02,23321.09
2022-03-03,23320.77
2022-03-04,22814.61
2022-03-07,22408.54
2022-03-08,22737.74
2022-03-09,23147.96
2022-03-10,23501.79
2022-03-11,23540.82
2022-03-14,23790.05
2022-03-15,23443.2
2022-03-16,23898.77
2022-03-17,24197.08
2022-03-21,24058.19
2022-03-22,24324.62
2022-03-23,24256.84
2022-03-24,24417.71
2022-03-25,24320.77
2022-03-28,24331.54
2022-03-29,24417.89
2022-03-30,24702.46
2022-03-31,24607.66
2022-04-01,24772.89
2022-04-04,25064.92
2022-04-05,25382.77
2022-04-06,25392.53
2022-04-07,25034.85
2022-04-08,25286.03
2022-04-11,25240.06
2022-04-12,24732.24
2022-04-13,24778.57
2022-04-18,24316.01
2022-04-19,23865.98
2022-04-20,23966.37
2022-04-21,24347.15
2022-04-22,24060.98
2022-04-25,23609.6
2022-04-26,23979.28
2022-04-27,23636.27
2022-04-28,23837.79
2022-04-29,23560.41
2022-05-02,23313.35
2022-05-04,22733.37
2022-05-05,22834.21
2022-05-06,22362.07
2022-05-09,21980.8
2022-05-10,21550.38
2022-05-11,21479.59
2022-05-12,20908.52
2022-05-13,20912.31
2022-05-16,21031.12
2022-05-17,21798.91
2022-05-18,21632.82
2022-05-19,20837.23
2022-05-20,21287.17
2022-05-23,21248.98
2022-05-24,21004.0
2022-05-25,20514.88
2022-05-26,20702.4
2022-05-27,21080.11
2022-05-30,21762.0
2022-05-31,21806.76
2022-06-01,21598.48
2022-06-02,21738.29
2022-06-03,21442.55
2022-06-06,21419.7
2022-06-07,21239.55
2022-06-08,21116.92
2022-06-09,21225.22
2022-06-10,21064.22
2022-06-13,20279.77
2022-06-14,20430.86
2022-06-15,20517.2
2022-06-16,19809.1
2022-06-17,19625.34
2022-06-20,19386.19
2022-06-21,19986.85
2022-06-22,19604.57
2022-06-23,19861.05
2022-06-24,19984.28
2022-06-27,20283.07
2022-06-28,20331.51
2022-06-29,20086.85
2022-06-30,19871.86
2022-07-01,19654.44
2022-07-04,19809.84
2022-07-05,19770.81
2022-07-06,19915.45
2022-07-07,20184.99
2022-07-08,20388.09
2022-07-11,20512.93
2022-07-12,20377.76
2022-07-13,20348.05
2022-07-14,20372.08
2022-07-15,20616.92
2022-07-18,20888.4
2022-07-19,20993.03
2022-07-20,21031.94
2022-07-21,21320.08
2022-07-22,21297.08
2022-07-25,21298.83
2022-07-26,21210.86
2022-07-27,21335.49
2022-07-28,21463.21
2022-07-29,21768.75
2022-08-01,22267.01
2022-08-02,22375.74
2022-08-03,22281.7
2022-08-04,22280.35
2022-08-05,22291.9
2022-08-08,22554.77
2022-08-10,22639.69
2022-08-11,22753.22
2022-08-12,22942.06
2022-08-16,23207.38
2022-08-17,23281.05
2022-08-18,23373.27
2022-08-19,23039.25
2022-08-22,22710.79
2022-08-23,23071.48
2022-08-24,23142.77
2022-08-25,23060.63
2022-08-26,23371.48
2022-08-29,23247.33
2022-08-30,23684.74
2022-09-01,23739.16
2022-09-02,23719.83
2022-09-05,23883.49
2022-09-06,24039.69
2022-09-07,24047.23
2022-09-08,24106.35
2022-09-09,24035.5
2022-09-12,24257.33
2022-09-13,24485.54
2022-09-14,24503.03
2022-09-15,24640.22
2022-09-16,24132.96
2022-09-19,24157.32
2022-09-20,24425.17
2022-09-21,24190.26
2022-09-22,24323.98
2022-09-23,23798.0
2022-09-26,23030.81
2022-09-27,23035.13
2022-09-28,22907.87
2022-09-29,23069.27
2022-09-30,23349.07
2022-10-03,22997.87
2022-10-04,23486.73
2022-10-06,23684.77
2022-10-07,23782.89
2022-10-10,23531.15
2022-10-11,23235.8
2022-10-12,23418.89
2022-10-13,23286.41
2022-10-14,23227.01
2022-10-17,23408.84
2022-10-18,23787.33
2022-10-19,23772.63
2022-10-20,23865.58
2022-10-21,23710.05
2022-10-24,23851.07
2022-10-25,23875.39
2022-10-27,24103.81
2022-10-28,24131.24
2022-10-31,24434.48
2022-11-01,24829.25
2022-11-02,24767.58
2022-11-03,24761.29
2022-11-04,24822.46
2022-11-07,24979.17
2022-11-09,24875.85
2022-11-10,24558.44
2022-11-11,24554.83
2022-11-14,24460.5
2022-11-15,24567.63
2022-11-16,24491.63
2022-11-17,24415.33
2022-11-18,24204.42
2022-11-21,24150.43
2022-11-22,24317.71
2022-11-23,24284.27
2022-11-24,24427.86
2022-11-25,24515.5
2022-11-28,24570.77
2022-11-29,24514.35
2022-11-30,24740.51
2022-12-01,24740.88
2022-12-02,24717.26
2022-12-05,24773.18
2022-12-06,24786.52
2022-12-07,24662.58
2022-12-08,24692.32
2022-12-09,24658.53
2022-12-12,24640.4
2022-12-13,24741.39
2022-12-14,24858.01
2022-12-15,24578.28
2022-12-16,24186.84
2022-12-19,24460.9
2022-12-20,24441.99
2022-12-21,23968.49
2022-12-22,23746.59
2022-12-23,23105.49
2022-12-26,23528.31
2022-12-27,23679.15
2022-12-28,23795.01
2022-12-29,23747.12
2022-12-30,23740.17
2023-01-02,23825.89
2023-01-03,23866.11
2023-01-04,23559.47
2023-01-05,23699.1
2023-01-06,23548.04
2023-01-09,23793.93
2023-01-10,23442.23
2023-01-11,23395.6
2023-01-12,23355.15
2023-01-13,23541.41
2023-01-16,23426.62
2023-01-17,23411.36
2023-01-18,23489.07
2023-01-19,23414.99
2023-01-20,23347.26
2023-01-23,23431.67
2023-01-24,23321.3
2023-01-25,22929.41
2023-01-27,22180.21
2023-01-30,22255.7
2023-01-31,22722.99
2023-02-01,22037.42
2023-02-02,21938.78
2023-02-03,22340.73
2023-02-06,22369.87
2023-02-07,22387.96
2023-02-08,22583.48
2023-02-09,22509.65
2023-02-10,22489.02
2023-02-13,22289.69
2023-02-14,22381.59
2023-02-15,22575.91
2023-02-16,22733.42
2023-02-17,22517.18
2023-02-20,22394.11
2023-02-21,22331.84
2023-02-22,21969.84
2023-02-23,22015.84
2023-02-24,21917.34
2023-02-27,21860.57
2023-02-28,21886.68
2023-03-01,22312.07
2023-03-02,22273.18
2023-03-03,22717.89
2023-03-06,22882.2
2023-03-08,23126.0
2023-03-09,22913.4
2023-03-10,22705.42
2023-03-13,22283.01
2023-03-14,22150.14
2023-03-15,22101.18
2023-03-16,22189.93
2023-03-17,22278.16
2023-03-20,22058.47
2023-03-21,22185.63
2023-03-22,22192.22
2023-03-23,22072.74
2023-03-24,21861.44
2023-03-27,21831.96
2023-03-28,21712.0
2023-03-29,22086.4
2023-03-31,22346.65
2023-04-03,22423.6
2023-04-05,22381.45
2023-04-06,22486.16
2023-04-10,22562.89
2023-04-11,22729.69
2023-04-12,22778.95
2023-04-13,22837.47
2023-04-17,22971.47
2023-04-18,22997.51
2023-04-19,22955.71
2023-04-20,23011.26
2023-04-21,22903.69
2023-04-24,23069.56
2023-04-25,23202.84
2023-04-26,23300.81
2023-04-27,23386.25
2023-04-28,23643.08
2023-05-02,23822.16
2023-05-03,23801.6
2023-05-04,23956.96
2023-05-05,23871.77
2023-05-08,24048.18
2023-05-09,23951.14
2023-05-10,24019.36
2023-05-11,24108.53
2023-05-12,24159.31
2023-05-15,24283.49
2023-05-16,24303.91
2023-05-17,24318.6
2023-05-18,24099.02
2023-05-19,24154.15
2023-05-22,24333.02
2023-05-23,24474.48
2023-05-24,24398.1
2023-05-25,24554.46
2023-05-26,24803.17
2023-05-29,24968.16
2023-05-30,25045.73
2023-05-31,25066.73
2023-06-01,24995.5
2023-06-02,25199.6
2023-06-05,25325.93
2023-06-06,25510.67
2023-06-07,25681.57
2023-06-08,25479.92
2023-06-09,25519.87
2023-06-12,25604.22
2023-06-13,25801.54
2023-06-14,25849.38
2023-06-15,25738.66
2023-06-16,26075.69
2023-06-19,26001.62
2023-06-20,26076.87
2023-06-21,25993.87
2023-06-22,25756.89
2023-06-23,25528.82
2023-06-26,25629.95
2023-06-27,25729.61
2023-06-28,25980.13
2023-06-30,26119.84
2023-07-03,26147.42
2023-07-04,25992.01
2023-07-05,26263.27
2023-07-06,26379.9
2023-07-07,26193.64
2023-07-10,26089.48
2023-07-11,26425.21
2023-07-12,26496.45
2023-07-13,26219.59
2023-07-14,26330.45
2023-07-17,26357.03
2023-07-18,26326.71
2023-07-19,26573.83
2023-07-20,26619.24
2023-07-21,26465.36
2023-07-24,26588.48
2023-07-25,26554.39
2023-07-26,26728.49
2023-07-27,26811.85
2023-07-28,27085.41
2023-07-31,27320.37
2023-08-01,27134.24
2023-08-02,26752.5
2023-08-03,26660.49
2023-08-04,26727.31
2023-08-07,26828.15
2023-08-08,26807.66
2023-08-09,26951.24
2023-08-10,26819.13
2023-08-11,26741.61
2023-08-14,26705.54
2023-08-16,26682.3
2023-08-17,26722.35
2023-08-18,26640.25
2023-08-21,26857.22
2023-08-22,27124.8
2023-08-23,27332.16
2023-08-24,27345.15
2023-08-25,27030.08
2023-08-28,27189.67
2023-08-29,27220.85
2023-08-30,27454.6
2023-08-31,27268.7
2023-09-01,27404.44
2023-09-04,27592.73
2023-09-05,27723.49
2023-09-06,27767.17
2023-09-07,27912.78
2023-09-08,28341.29
2023-09-11,28577.74
2023-09-12,27859.91
2023-09-13,27943.23
2023-09-14,28135.19
2023-09-15,28247.08
2023-09-18,28298.95
2023-09-20,28284.44
2023-09-21,27988.51
2023-09-22,27991.48
2023-09-25,28173.33
2023-09-26,28172.66
2023-09-27,28522.74
2023-09-28,28133.03
2023-09-29,28520.47
2023-10-03,28559.41
2023-10-04,27998.14
2023-10-05,28026.38
2023-10-06,28287.61
2023-10-09,28020.51
2023-10-10,28398.64
2023-10-11,28514.93
2023-10-12,28569.91
2023-10-13,28544.9
2023-10-16,28634.26
2023-10-17,28723.19
2023-10-18,28342.5
2023-10-19,28354.22
2023-10-20,27982.82
2023-10-23,27502.08
2023-10-25,27308.48
2023-10-26,26996.11
2023-10-27,27512.9
2023-10-30,27443.65
2023-10-31,27478.9
2023-11-01,27350.1
2023-11-02,27827.3
2023-11-03,28031.72
2023-11-06,28236.31
2023-11-07,28434.74
2023-11-08,28757.53
2023-11-09,28876.36
2023-11-10,29009.61
2023-11-12,29208.59
2023-11-13,29344.1
2023-11-15,29593.0
2023-11-16,29656.34
2023-11-17,29831.34
2023-11-20,29942.38
2023-11-21,29906.68
2023-11-22,29860.5
2023-11-23,30005.3
2023-11-24,30018.56
2023-11-28,30231.1
2023-11-29,30479.99
2023-11-30,30824.23
2023-12-01,31501.09
2023-12-04,32104.44
2023-12-05,32249.48
2023-12-06,32403.77
2023-12-07,32376.65
2023-12-08,32427.65
2023-12-11,32756.81
2023-12-12,32676.9
2023-12-13,33373.98
2023-12-14,33586.34
2023-12-15,33467.75
2023-12-18,33694.43
2023-12-19,33642.2
2023-12-20,32605.53
2023-12-21,32951.37
2023-12-22,33062.3
2023-12-26,33437.53
2023-12-27,33561.75
2023-12-28,33557.98
2023-12-29,33642.11
2024-01-01,33744.47
2024-01-02,33703.38
2024-01-03,33841.33
2024-01-04,34230.5
2024-01-05,34278.46
2024-01-08,34150.32
2024-01-09,34254.22
2024-01-10,34218.64
2024-01-11,34213.08
2024-01-12,34292.34
2024-01-15,34605.5
2024-01-16,34407.99
2024-01-17,34089.81
2024-01-18,34117.34
2024-01-19,34753.48
2024-01-20,34738.82
2024-01-23,33817.3
2024-01-24,34626.44
2024-01-25,34804.91
2024-01-29,35600.19
2024-01-30,35355.6
2024-01-31,35727.81
2024-02-01,35477.71
2024-02-02,35882.86
2024-02-05,36045.15
2024-02-06,36358.82
2024-02-07,36804.12
2024-02-08,37037.74
2024-02-09,36570.21
2024-02-12,35834.49
2024-02-13,36176.04
2024-02-14,36710.05
2024-02-15,37126.77
2024-02-16,37555.73
2024-02-19,37409.75
2024-02-20,37268.47
2024-02-21,36763.91
2024-02-22,37259.38
2024-02-23,37381.64
2024-02-26,37315.15
2024-02-27,37293.23
2024-02-28,36792.44
2024-02-29,36965.21
2024-03-01,37579.51
2024-03-02,37812.82
2024-03-04,38363.93
2024-03-05,38528.18
2024-03-06,38494.52
2024-03-07,38799.64
2024-03-11,38729.96
2024-03-12,38144.7
2024-03-13,36532.43
2024-03-14,37107.59
2024-03-15,36465.57
2024-03-18,36617.27
2024-03-19,36013.47
2024-03-20,36016.46
2024-03-21,36989.84
2024-03-22,37286.17
2024-03-26,37624.66
2024-03-27,37490.61
2024-03-28,37982.13
2024-04-01,38504.8
2024-04-02,38783.25
2024-04-03,38892.09
2024-04-04,38844.04
2024-04-05,38911.83
2024-04-08,38981.76
2024-04-09,38719.56
2024-04-10,39032.63
2024-04-12,38903.19
2024-04-15,38432.24
2024-04-16,38433.65
2024-04-18,38108.34
2024-04-19,37939.02
2024-04-22,38400.56
2024-04-23,38510.23
2024-04-24,38854.64
2024-04-25,39519.55
2024-04-26,39757.35
2024-04-29,39804.76
2024-04-30,40200.0
2024-05-02,40946.4
2024-05-03,40957.8
2024-05-06,40371.85
2024-05-07,39470.37
2024-05-08,40203.41
2024-05-09,39440.92
2024-05-10,39870.56
2024-05-13,39980.81
2024-05-14,40411.3
2024-05-15,40591.95
2024-05-16,41246.9
2024-05-17,41565.14
2024-05-18,42009.48
2024-05-21,42348.59
2024-05-22,42361.14
2024-05-23,42634.34
2024-05-24,43099.82
2024-05-27,43102.92
2024-05-28,42882.45
2024-05-29,42849.6
2024-05-30,42222.12
2024-05-31,42172.9
2024-06-03,44115.95
2024-06-04,39796.53
2024-06-05,41352.78
2024-06-06,42284.03
2024-06-07,42991.84
2024-06-10,43223.82
2024-06-11,43481.07
2024-06-12,43830.15
2024-06-13,44267.64
2024-06-14,44784.3
2024-06-18,44926.0
2024-06-19,44137.21
2024-06-20,44095.62
2024-06-21,43829.63
2024-06-24,44062.07
2024-06-25,43874.55
2024-06-26,43595.66
2024-06-27,43545.15
2024-06-28,43655.61
2024-07-01,44111.79
2024-07-02,43845.27
2024-07-03,44416.23
2024-07-04,44873.88
2024-07-05,45109.85
2024-07-08,45071.75
2024-07-09,45257.18
2024-07-10,45105.92
2024-07-11,45214.86
2024-07-12,44882.62
2024-07-15,45243.02
2024-07-16,45058.55
2024-07-18,44339.13
2024-07-19,42982.04
2024-07-22,43662.01
2024-07-23,43317.0
2024-07-24,43380.14
2024-07-25,43639.18
2024-07-26,44797.48
2024-07-29,45363.1
2024-07-30,45485.34
2024-07-31,45828.12
2024-08-01,45565.47
2024-08-02,44534.85
2024-08-05,42886.62
2024-08-06,42483.78
2024-08-07,43840.08
2024-08-08,43616.6
2024-08-09,44435.21
2024-08-12,44242.34
2024-08-13,43736.01
2024-08-14,43633.35
2024-08-16,44523.78
2024-08-19,44660.36
2024-08-20,44945.36
2024-08-21,45128.95
2024-08-22,45215.75
2024-08-23,45368.49
2024-08-26,45573.12
2024-08-27,45570.7
2024-08-28,45732.43
2024-08-29,45790.82
2024-08-30,46059.97
2024-09-02,45752.57
2024-09-03,45860.19
2024-09-04,45641.33
2024-09-05,45451.74
2024-09-06,44634.4
2024-09-09,44390.43
2024-09-10,44706.4
2024-09-11,44317.84
2024-09-12,45226.34
2024-09-13,45244.61
2024-09-16,45376.95
2024-09-17,45408.07
2024-09-18,45191.58
2024-09-19,44741.28
2024-09-20,45418.97
2024-09-23,46303.08
2024-09-24,46610.67
2024-09-25,46532.0
2024-09-26,46954.98
2024-09-27,47321.11
2024-09-30,46667.59
2024-10-01,46850.05
2024-10-03,45735.43
2024-10-04,45200.77
2024-10-07,44331.85
2024-10-08,45720.48
2024-10-09,46192.52
2024-10-10,46286.22
2024-10-11,46367.32
2024-10-14,46589.73
2024-10-15,46593.7
2024-10-16,46369.85
2024-10-17,45156.97
2024-10-18,45493.78
2024-10-21,44958.94
2024-10-22,43746.95
2024-10-23,43415.08
2024-10-24,43480.6
2024-10-25,42557.04
2024-10-28,42849.93
2024-10-29,43293.27
2024-10-30,43070.84
2024-10-31,42867.75
2024-11-01,43201.21
2024-11-04,42630.22
2024-11-05,42891.71
2024-11-06,43737.95
2024-11-07,43073.52
2024-11-08,42723.41
2024-11-11,42793.55
2024-11-12,41800.44
2024-11-13,40977.63
2024-11-14,40900.16
2024-11-18,40860.15
2024-11-19,41156.64
2024-11-21,40505.83
2024-11-22,41392.37
2024-11-25,42251.23
2024-11-26,41940.29
2024-11-27,42511.66
2024-11-28,42178.89
2024-11-29,42562.16
2024-12-02,42874.46
2024-12-03,43386.79
2024-12-04,43377.17
2024-12-05,43585.43
2024-12-06,43873.03
2024-12-09,43806.92
2024-12-10,43787.02
2024-12-11,43957.99
2024-12-12,43678.98
2024-12-13,43828.06
2024-12-16,43984.77
2024-12-17,43322.69
2024-12-18,42835.3
2024-12-19,42458.83
2024-12-20,41167.42
2024-12-23,41315.0
2024-12-24,41266.64
2024-12-26,41644.26
2024-12-27,41461.26
2024-12-30,40845.77
2024-12-31,40818.38
2025-01-01,40925.83
2025-01-02,41666.63
2025-01-03,41312.22
2025-01-06,40426.4
2025-01-07,40330.49
2025-01-08,39679.26
2025-01-09,39192.51
2025-01-10,38893.83
2025-01-13,37461.53
2025-01-14,37774.29
2025-01-15,38112.07
2025-01-16,38251.91
2025-01-17,38127.32
2025-01-20,38187.02
2025-01-21,36838.62
2025-01-22,36742.18
2025-01-23,37612.0
2025-01-24,37223.92
2025-01-27,36129.0
2025-01-28,35669.6
2025-01-29,36582.03
2025-01-30,36346.87
2025-01-31,36752.53
2025-02-01,36867.59
2025-02-03,36913.23
2025-02-04,37402.5
2025-02-05,37625.16
2025-02-06,37157.7
2025-02-07,37551.73
2025-02-10,36863.63
2025-02-11,35992.16
2025-02-12,35889.08
2025-02-13,35940.95
2025-02-14,35210.49
2025-02-17,35119.19
2025-02-18,35164.41
2025-02-19,35428.81
2025-02-20,35732.84
2025-02-21,35136.45
2025-02-24,34671.33
2025-02-25,34577.07
2025-02-27,34274.2
2025-02-28,33219.12
2025-03-03,33460.25
2025-03-04,33323.12
2025-03-05,34131.2
2025-03-06,34126.89
2025-03-07,33848.27
2025-03-10,33341.51
2025-03-11,33560.19
2025-03-12,33340.37
2025-03-13,33147.72
2025-03-17,33416.89
2025-03-18,34247.17
2025-03-19,34578.28
2025-03-20,34895.67
2025-03-21,35131.36
2025-03-24,35548.4
2025-03-25,35226.65
2025-03-26,35061.03
2025-03-27,35270.42
2025-03-28,35084.96
2025-04-01,34448.05
2025-04-02,35038.66
2025-04-03,34635.94
2025-04-04,33552.76
2025-04-07,32384.79
2025-04-08,33113.77
2025-04-09,32650.12
2025-04-11,33415.14
2025-04-15,34351.53
2025-04-16,34492.08
2025-04-17,34850.01
2025-04-21,35662.38
2025-04-22,35849.92
2025-04-23,36524.27
2025-04-24,36539.01
2025-04-25,35903.38
2025-04-28,36320.95
2025-04-29,36602.4
2025-04-30,36481.34
2025-05-02,36381.92
2025-05-05,36915.17
2025-05-06,36373.16
2025-05-07,36738.02
2025-05-08,36234.15
2025-05-09,35994.96
2025-05-12,37509.54
2025-05-13,37375.74
2025-05-14,37745.69
2025-05-15,38150.05
2025-05-16,38199.41
2025-05-19,38109.94
2025-05-20,37597.97
2025-05-21,37955.25
2025-05-22,37594.59
2025-05-23,37862.54
2025-05-26,38100.34
2025-05-27,37930.84
2025-05-28,37755.82
2025-05-29,38080.91
2025-05-30,38053.24
2025-06-02,38060.71
2025-06-03,37964.45
2025-06-04,38343.11
2025-06-05,38775.36
2025-06-06,39043.36
2025-06-09,39317.43
2025-06-10,39488.45
2025-06-11,39425.03
2025-06-12,38837.85
2025-06-13,38700.42
2025-06-16,39151.64
2025-06-17,38970.96
2025-06-18,38958.37
2025-06-19,38640.16
2025-06-20,39306.71
2025-06-23,39336.98
2025-06-24,39353.15
2025-06-25,39589.68
2025-06-26,39798.26
2025-06-27,39739.36
2025-06-30,39802.92
2025-07-01,39816.46
2025-07-02,39580.27
2025-07-03,39317.73
2025-07-04,39233.35
2025-07-07,39159.76
2025-07-08,39217.99
2025-07-09,39275.3
2025-07-10,38992.07
2025-07-11,38580.82
2025-07-14,38659.41
2025-07-15,38868.8
2025-07-16,38846.12
2025-07-17,38556.13
2025-07-18,38315.64
2025-07-21,38719.59
2025-07-22,38786.24
2025-07-23,38951.18
2025-07-24,38593.59
2025-07-25,38216.36
2025-07-28,37863.86
2025-07-29,37906.13
2025-07-30,37852.2
2025-07-31,37754.37
2025-08-01,37303.94
2025-08-04,37765.86
2025-08-05,37699.21
2025-08-06,37535.04
2025-08-07,37655.57
2025-08-08,37103.94
2025-08-11,37443.92
2025-08-12,37219.33
2025-08-13,37691.78
2025-08-14,37771.02
2025-08-18,38326.84
2025-08-19,38354.02
2025-08-20,38366.67
2025-08-21,38367.91
2025-08-22,38273.35
2025-08-25,38277.43
2025-08-26,37664.6
2025-08-28,37203.91
2025-08-29,37059.59
2025-09-01,37580.43
2025-09-02,37533.62
2025-09-03,37733.51
2025-09-04,37608.32
2025-09-05,37701.64
2025-09-08,37773.09
2025-09-09,37876.8
2025-09-10,38219.18
2025-09-11,38117.93
2025-09-12,38461.23
2025-09-15,38511.45
2025-09-16,38680.26
2025-09-17,38698.25
2025-09-18,38861.17
2025-09-19,38697.04
2025-09-22,38658.98
2025-09-23,38463.92
2025-09-24,38178.7
2025-09-25,37905.59
2025-09-26,37297.62
2025-09-29,37370.27
2025-09-30,37319.9
2025-10-01,37681.48
2025-10-03,37812.35
2025-10-06,38400.97
2025-10-07,38561.7
2025-10-08,38405.35
2025-10-09,38777.62
2025-10-10,38898.1
2025-10-13,39031.85
2025-10-14,38872.4
2025-10-15,39490.18
2025-10-16,39665.44
2025-10-17,39771.9
2025-10-20,39884.65
2025-10-21,39868.65
2025-10-23,39708.63
2025-10-24,39619.32
2025-10-27,39761.14
2025-10-28,39601.66
2025-10-29,39710.43
2025-10-30,39552.75
2025-10-31,39321.35
2025-11-03,39527.51
2025-11-04,39365.33
2025-11-06,39037.42
2025-11-07,39291.45
2025-11-10,39442.84
2025-11-11,39432.12
2025-11-12,39750.18
2025-11-13,39755.6
2025-11-14,39875.6
2025-11-17,40062.12
2025-11-18,39800.96
2025-11-19,39981.08
2025-11-20,40233.11
2025-11-21,39853.63
2025-11-24,39572.67
2025-11-25,39636.17
2025-11-26,40211.9
2025-11-27,40293.92
2025-11-28,40202.92
2025-12-01,40181.2
2025-12-02,39971.29
2025-12-03,39540.01
2025-12-04,39639.64
2025-12-05,39964.45
2025-12-08,39267.42
2025-12-09,39142.16
2025-12-10,38748.35
2025-12-11,39041.1
2025-12-12,39331.66
2025-12-15,39239.95
2025-12-16,38964.14
2025-12-17,38657.5
2025-12-18,38799.49
2025-12-19,39134.99
2025-12-22,39399.47
2025-12-23,39405.67
2025-12-24,39247.27
2025-12-26,39006.97
2025-12-29,38768.1
2025-12-30,38579.73
2025-12-31,38954.43
2026-01-01,39168.16
2026-01-02,39545.13
2026-01-05,39669.18
2026-01-06,39721.05
2026-01-07,39516.27
2026-01-08,38996.75
2026-01-09,38680.48
2026-01-12,38801.56
2026-01-13,38719.92
2026-01-14,38734.32
2026-01-16,38851.66
2026-01-19,39056.26
2026-01-20,38184.41
2026-01-21,37958.14
2026-01-22,38324.09
2026-01-23,37756.99
2026-01-27,37935.2
2026-01-28,38277.88
2026-01-29,38188.32
2026-01-30,37928.37
2026-02-01,36787.79
2026-02-02,37196.88
2026-02-03,38308.34
2026-02-04,38677.41
2026-02-05,38482.5
2026-02-06,38616.68
2026-02-09,39290.61
2026-02-10,39320.54
2026-02-11,39626.27
2026-02-12,39922.99
2026-02-13,39303.75
2026-02-16,39375.47
2026-02-17,39517.85
2026-02-18,39752.19
2026-02-19,39170.75
2026-02-20,39543.05
2026-02-23,39614.77
2026-02-24,39492.34
2026-02-25,39780.82
2026-02-26,39961.23
2026-02-27,39257.86
2026-03-02,38612.69
2026-03-04,37695.56
2026-03-05,38336.93
2026-03-06,37776.3
2026-03-09,36901.38
2026-03-10,37793.25
2026-03-11,36944.41
2026-03-12,36508.49
2026-03-13,35548.42
2026-03-16,35820.5
2026-03-17,36263.24
2026-03-18,36807.48
2026-03-19,35441.36
2026-03-20,35566.85
2026-03-23,34207.3
2026-03-24,35057.19
2026-03-25,35988.3
2026-03-27,34982.94
2026-03-30,33895.81
2026-04-01,34768.65
2026-04-02,34583.18
2026-04-06,35348.45
2026-04-07,35428.63
2026-04-08,37459.21
2026-04-09,37362.7
2026-04-10,38207.24
2026-04-13,37571.81
2026-04-15,38233.65
2026-04-16,38229.71
2026-04-17,38559.76
2026-04-20,38660.35
2026-04-21,38819.12
2026-04-22,38733.39
2026-04-23,38230.95
2026-04-24,38046.75
2026-04-27,38239.45
2026-04-28,38048.79
2026-04-29,38087.28
2026-04-30,37770.53
2026-05-04,38051.41
2026-05-05,38088.88
2026-05-06,38939.05
2026-05-07,39265.75
2026-05-08,39015.78
2026-05-11,38227.74
2026-05-12,37402.04
2026-05-13,37512.64
2026-05-14,38052.53
2026-05-15,37827.72
2026-05-18,37555.41
2026-05-19,37583.51
2026-05-20,37801.87
2026-05-21,37740.72
2026-05-22,37975.73
2026-05-25,38620.49
2026-05-26,38586.5
2026-05-27,38824.79
2026-05-29,38193.91
2026-06-01,37610.22
2026-06-02,37617.82
2026-06-03,37620.31
2026-06-04,37683.22
2026-06-05,37645.39
2026-06-08,37097.83
2026-06-09,37759.07
2026-06-10,37298.62
2026-06-11,36964.45
2026-06-12,38136.75
2026-06-15,38972.16
2026-06-16,38937.0
2026-06-17,39063.58
2026-06-18,39216.16
2026-06-19,39201.78
2026-06-22,39318.58
2026-06-23,38895.32
2026-06-24,39109.97
2026-06-25,39130.89
2026-06-29,38821.67
2026-06-30,38790.26
2026-07-01,38766.21
2026-07-02,38710.45
2026-07-03,38297.34
2026-07-06,38571.07
2026-07-07,38017.71
2026-07-08,37784.41
2026-07-09,38023.53
2026-07-10,38436.19
2026-07-13,38390.44
2026-07-14,38527.22
2026-07-15,38499.73
2026-07-16,38384.7
2026-07-17,37950.09
2026-07-20,38358.39
2026-07-21,38598.04
2026-07-22,38407.75
2026-07-23,37985.9
2026-07-24,37769.95
2026-07-27,38168.0
2026-07-28,37687.88
2026-07-29,37950.04
2026-07-30,37841.27
2026-07-31,38452.16
2026-08-03,38748.52
2026-08-04,38926.01
2026-08-05,39046.72
2026-08-06,38849.29
2026-08-07,39013.2
2026-08-10,39345.21
2026-08-11,39229.7
2026-08-12,39497.75
2026-08-13,39305.63
2026-08-14,39037.11
2026-08-17,39195.84
2026-08-18,39117.87
2026-08-19,38692.81
2026-08-20,38845.76
2026-08-21,38932.07
2026-08-24,39159.74
2026-08-25,39392.7
2026-08-26,39471.36
2026-08-27,39619.04
2026-08-28,39645.26
2026-08-31,39423.24
2026-09-01,38674.27
2026-09-02,38636.99
2026-09-03,38666.63
2026-09-04,38645.59
