Date,TotalReturnsIndex
2005-04-01,1000.0
2005-04-04,1001.57
2005-04-05,994.43
2005-04-06,995.94
2005-04-07,993.66
2005-04-08,984.78
2005-04-11,976.58
2005-04-12,985.0
2005-04-13,987.91
2005-04-15,966.5
2005-04-18,957.01
2005-04-19,950.69
2005-04-20,963.03
2005-04-21,976.43
2005-04-22,986.53
2005-04-25,989.24
2005-04-26,985.77
2005-04-27,979.52
2005-04-28,986.2
2005-04-29,967.08
2005-05-02,971.73
2005-05-03,978.06
2005-05-04,987.8
2005-05-05,995.13
2005-05-06,1001.44
2005-05-09,1013.19
2005-05-10,1012.36
2005-05-11,1008.26
2005-05-12,1012.73
2005-05-13,1014.83
2005-05-16,1022.16
2005-05-17,1014.91
2005-05-18,1010.47
2005-05-19,1013.79
2005-05-20,1015.13
2005-05-23,1022.4
2005-05-24,1026.88
2005-05-25,1036.47
2005-05-26,1046.3
2005-05-27,1048.07
2005-05-30,1042.01
2005-05-31,1051.69
2005-06-01,1057.77
2005-06-02,1051.6
2005-06-03,1058.72
2005-06-04,1062.81
2005-06-06,1062.65
2005-06-07,1065.99
2005-06-08,1074.63
2005-06-09,1070.97
2005-06-10,1064.84
2005-06-13,1069.74
2005-06-14,1071.72
2005-06-15,1075.69
2005-06-16,1071.06
2005-06-17,1069.03
2005-06-20,1072.29
2005-06-21,1085.92
2005-06-22,1097.01
2005-06-23,1100.43
2005-06-24,1108.51
2005-06-27,1105.46
2005-06-28,1089.62
2005-06-29,1099.9
2005-06-30,1109.1
2005-07-01,1120.81
2005-07-04,1134.5
2005-07-05,1130.08
2005-07-06,1144.05
2005-07-07,1123.92
2005-07-08,1134.43
2005-07-11,1152.32
2005-07-12,1155.43
2005-07-13,1146.57
2005-07-14,1140.62
2005-07-15,1154.08
2005-07-18,1169.15
2005-07-19,1172.71
2005-07-20,1176.0
2005-07-21,1170.15
2005-07-22,1183.57
2005-07-25,1189.82
2005-07-26,1189.89
2005-07-27,1196.73
2005-07-29,1185.4
2005-08-01,1196.85
2005-08-02,1213.15
2005-08-03,1221.61
2005-08-04,1229.97
2005-08-05,1227.93
2005-08-08,1207.37
2005-08-09,1205.42
2005-08-10,1231.05
2005-08-11,1250.05
2005-08-12,1251.58
2005-08-16,1254.49
2005-08-17,1261.8
2005-08-18,1252.22
2005-08-19,1250.68
2005-08-22,1245.3
2005-08-23,1224.78
2005-08-24,1216.84
2005-08-25,1223.7
2005-08-26,1237.44
2005-08-29,1225.98
2005-08-30,1243.56
2005-08-31,1250.69
2005-09-01,1258.44
2005-09-02,1263.83
2005-09-05,1272.15
2005-09-06,1275.96
2005-09-08,1290.65
2005-09-09,1284.96
2005-09-12,1295.44
2005-09-13,1304.62
2005-09-14,1302.04
2005-09-15,1315.61
2005-09-16,1321.43
2005-09-19,1329.43
2005-09-20,1331.29
2005-09-21,1319.74
2005-09-22,1275.86
2005-09-23,1281.5
2005-09-26,1317.87
2005-09-27,1326.49
2005-09-28,1332.62
2005-09-29,1334.81
2005-09-30,1344.09
2005-10-03,1360.61
2005-10-04,1373.7
2005-10-05,1366.68
2005-10-06,1344.27
2005-10-07,1336.16
2005-10-10,1329.52
2005-10-11,1329.3
2005-10-13,1304.63
2005-10-14,1275.55
2005-10-17,1269.14
2005-10-18,1265.35
2005-10-19,1242.92
2005-10-20,1231.69
2005-10-21,1246.28
2005-10-24,1228.57
2005-10-25,1236.13
2005-10-26,1236.88
2005-10-27,1212.06
2005-10-28,1201.72
2005-10-31,1227.62
2005-11-01,1234.92
2005-11-02,1255.71
2005-11-07,1277.63
2005-11-08,1298.3
2005-11-09,1300.04
2005-11-10,1305.05
2005-11-11,1326.96
2005-11-14,1327.81
2005-11-16,1341.05
2005-11-17,1350.6
2005-11-18,1362.92
2005-11-21,1363.29
2005-11-22,1358.22
2005-11-23,1375.18
2005-11-24,1389.06
2005-11-25,1417.88
2005-11-26,1439.4
2005-11-28,1458.53
2005-11-29,1452.2
2005-11-30,1425.52
2005-12-01,1457.24
2005-12-02,1461.74
2005-12-05,1446.4
2005-12-06,1444.04
2005-12-07,1454.7
2005-12-08,1461.74
2005-12-09,1481.01
2005-12-12,1487.87
2005-12-13,1506.62
2005-12-14,1505.77
2005-12-15,1488.95
2005-12-16,1502.8
2005-12-19,1521.54
2005-12-20,1513.21
2005-12-21,1514.39
2005-12-22,1520.43
2005-12-23,1500.74
2005-12-26,1469.15
2005-12-27,1502.8
2005-12-28,1499.03
2005-12-29,1508.41
2005-12-30,1525.88
2006-01-02,1520.58
2006-01-03,1549.31
2006-01-04,1565.05
2006-01-05,1566.01
2006-01-06,1575.77
2006-01-09,1578.22
2006-01-10,1558.11
2006-01-12,1552.15
2006-01-13,1560.4
2006-01-16,1557.88
2006-01-17,1547.78
2006-01-18,1530.41
2006-01-19,1557.42
2006-01-20,1578.05
2006-01-23,1575.4
2006-01-24,1594.15
2006-01-25,1611.98
2006-01-27,1637.68
2006-01-30,1628.79
2006-01-31,1639.85
2006-02-01,1635.14
2006-02-02,1641.8
2006-02-03,1636.13
2006-02-06,1665.06
2006-02-07,1686.27
2006-02-08,1691.47
2006-02-10,1702.53
2006-02-13,1714.87
2006-02-14,1704.74
2006-02-15,1709.68
2006-02-16,1714.5
2006-02-17,1684.86
2006-02-20,1693.06
2006-02-21,1706.22
2006-02-22,1711.91
2006-02-23,1706.24
2006-02-24,1708.43
2006-02-27,1717.46
2006-02-28,1728.65
2006-03-01,1766.02
2006-03-02,1775.97
2006-03-03,1779.23
2006-03-06,1804.17
2006-03-07,1821.05
2006-03-08,1794.0
2006-03-09,1810.9
2006-03-10,1842.68
2006-03-13,1836.98
2006-03-14,1825.92
2006-03-16,1840.27
2006-03-17,1841.73
2006-03-20,1854.17
2006-03-21,1848.95
2006-03-22,1849.25
2006-03-23,1850.35
2006-03-24,1874.44
2006-03-27,1888.91
2006-03-28,1884.21
2006-03-29,1901.55
2006-03-30,1922.01
2006-03-31,1920.54
2006-04-03,1973.34
2006-04-04,1979.27
2006-04-05,2012.39
2006-04-07,1980.85
2006-04-10,1997.75
2006-04-12,1946.59
2006-04-13,1905.62
2006-04-17,1957.42
2006-04-18,1992.99
2006-04-19,1998.86
2006-04-20,2012.84
2006-04-21,2010.97
2006-04-24,1992.34
2006-04-25,1942.01
2006-04-26,1989.41
2006-04-27,1955.91
2006-04-28,1963.58
2006-04-29,2002.17
2006-05-02,2041.62
2006-05-03,2057.21
2006-05-04,2054.39
2006-05-05,2065.71
2006-05-08,2074.67
2006-05-09,2086.32
2006-05-10,2087.71
2006-05-11,2064.83
2006-05-12,2029.23
2006-05-15,1938.19
2006-05-16,1955.24
2006-05-17,1993.08
2006-05-18,1853.36
2006-05-19,1754.33
2006-05-22,1674.19
2006-05-23,1739.31
2006-05-24,1710.93
2006-05-25,1716.92
2006-05-26,1745.64
2006-05-29,1753.18
2006-05-30,1739.89
2006-05-31,1689.11
2006-06-01,1627.24
2006-06-02,1688.19
2006-06-05,1639.77
2006-06-06,1592.55
2006-06-07,1538.93
2006-06-08,1467.02
2006-06-09,1558.88
2006-06-12,1510.14
2006-06-13,1449.88
2006-06-14,1418.99
2006-06-15,1520.73
2006-06-16,1562.45
2006-06-19,1586.92
2006-06-20,1569.34
2006-06-21,1605.23
2006-06-22,1638.23
2006-06-23,1654.57
2006-06-25,1656.36
2006-06-26,1592.27
2006-06-27,1614.21
2006-06-28,1612.46
2006-06-29,1627.53
2006-06-30,1691.32
2006-07-03,1699.09
2006-07-04,1698.05
2006-07-05,1734.31
2006-07-06,1720.18
2006-07-07,1678.45
2006-07-10,1712.9
2006-07-11,1707.3
2006-07-12,1743.35
2006-07-13,1740.45
2006-07-14,1718.84
2006-07-17,1655.53
2006-07-18,1647.79
2006-07-19,1605.01
2006-07-20,1651.95
2006-07-21,1613.28
2006-07-24,1623.33
2006-07-25,1663.54
2006-07-26,1698.08
2006-07-27,1724.62
2006-07-28,1729.04
2006-07-31,1736.96
2006-08-01,1728.31
2006-08-02,1752.02
2006-08-03,1752.36
2006-08-04,1741.78
2006-08-07,1736.07
2006-08-08,1766.06
2006-08-09,1791.03
2006-08-10,1803.47
2006-08-11,1815.1
2006-08-14,1840.85
2006-08-16,1863.91
2006-08-17,1867.89
2006-08-18,1884.03
2006-08-21,1892.13
2006-08-22,1883.31
2006-08-23,1863.07
2006-08-24,1883.45
2006-08-25,1891.32
2006-08-28,1897.45
2006-08-29,1910.62
2006-08-30,1914.03
2006-08-31,1906.33
2006-09-01,1923.36
2006-09-04,1941.59
2006-09-05,1945.48
2006-09-06,1950.83
2006-09-07,1937.81
2006-09-08,1945.7
2006-09-11,1885.37
2006-09-12,1903.74
2006-09-13,1939.6
2006-09-14,1946.67
2006-09-15,1953.47
2006-09-18,1964.84
2006-09-19,1940.38
2006-09-20,1954.22
2006-09-21,1976.65
2006-09-22,1972.27
2006-09-25,1960.7
2006-09-26,1978.52
2006-09-27,1981.1
2006-09-28,1977.68
2006-09-29,1994.65
2006-10-03,1989.89
2006-10-04,1968.42
2006-10-05,1990.11
2006-10-06,1995.38
2006-10-09,1994.61
2006-10-10,1995.06
2006-10-11,1978.48
2006-10-12,2008.34
2006-10-13,2027.0
2006-10-16,2042.07
2006-10-17,2037.12
2006-10-18,2040.55
2006-10-19,2029.33
2006-10-20,2030.98
2006-10-21,2039.33
2006-10-23,2020.76
2006-10-26,2034.88
2006-10-27,2064.68
2006-10-30,2069.93
2006-10-31,2064.98
2006-11-01,2072.41
2006-11-02,2078.91
2006-11-03,2081.95
2006-11-06,2098.74
2006-11-07,2093.9
2006-11-08,2080.47
2006-11-09,2092.33
2006-11-10,2110.82
2006-11-13,2123.21
2006-11-14,2121.28
2006-11-15,2127.1
2006-11-16,2130.12
2006-11-17,2113.92
2006-11-20,2104.22
2006-11-21,2136.99
2006-11-22,2157.41
2006-11-23,2157.43
2006-11-24,2163.15
2006-11-27,2167.53
2006-11-28,2145.84
2006-11-29,2153.39
2006-11-30,2147.21
2006-12-01,2185.45
2006-12-04,2197.45
2006-12-05,2195.06
2006-12-06,2185.86
2006-12-07,2197.82
2006-12-08,2184.93
2006-12-11,2120.0
2006-12-12,2038.51
2006-12-13,2075.7
2006-12-14,2126.37
2006-12-15,2146.97
2006-12-18,2160.72
2006-12-19,2111.09
2006-12-20,2098.8
2006-12-21,2098.83
2006-12-22,2117.58
2006-12-26,2156.88
2006-12-27,2187.16
2006-12-28,2183.89
2006-12-29,2187.18
2007-01-02,2210.77
2007-01-03,2210.91
2007-01-04,2194.31
2007-01-05,2187.53
2007-01-08,2160.55
2007-01-09,2150.13
2007-01-10,2120.91
2007-01-11,2165.76
2007-01-12,2220.89
2007-01-15,2228.81
2007-01-16,2222.68
2007-01-17,2230.97
2007-01-18,2242.19
2007-01-19,2230.94
2007-01-22,2232.06
2007-01-23,2199.1
2007-01-24,2196.01
2007-01-25,2213.75
2007-01-29,2200.55
2007-01-31,2182.38
2007-02-01,2207.01
2007-02-02,2219.15
2007-02-05,2231.65
2007-02-06,2228.97
2007-02-07,2250.11
2007-02-08,2246.86
2007-02-09,2222.74
2007-02-12,2165.86
2007-02-13,2153.69
2007-02-14,2143.39
2007-02-15,2193.79
2007-02-19,2196.22
2007-02-20,2174.09
2007-02-21,2169.14
2007-02-22,2135.15
2007-02-23,2085.74
2007-02-26,2102.26
2007-02-27,2083.47
2007-02-28,2005.74
2007-03-01,2017.6
2007-03-02,1987.31
2007-03-05,1920.03
2007-03-06,1944.77
2007-03-07,1929.99
2007-03-08,1985.73
2007-03-09,1969.24
2007-03-12,1977.37
2007-03-13,2000.12
2007-03-14,1947.89
2007-03-15,1952.45
2007-03-16,1936.18
2007-03-19,1963.66
2007-03-20,1980.16
2007-03-21,1997.58
2007-03-22,2035.01
2007-03-23,2032.49
2007-03-26,2013.4
2007-03-28,1981.17
2007-03-29,1994.75
2007-03-30,2021.95
2007-04-02,1939.29
2007-04-03,1966.25
2007-04-04,1986.05
2007-04-05,1994.45
2007-04-09,2035.4
2007-04-10,2043.09
2007-04-11,2042.47
2007-04-12,2031.4
2007-04-13,2070.01
2007-04-16,2111.96
2007-04-17,2102.02
2007-04-18,2116.36
2007-04-19,2111.6
2007-04-20,2143.55
2007-04-23,2135.99
2007-04-24,2163.07
2007-04-25,2198.36
2007-04-26,2203.01
2007-04-27,2159.13
2007-04-30,2160.97
2007-05-03,2189.48
2007-05-04,2175.58
2007-05-07,2171.25
2007-05-08,2149.64
2007-05-09,2152.2
2007-05-10,2147.55
2007-05-11,2142.26
2007-05-14,2171.84
2007-05-15,2174.0
2007-05-16,2194.0
2007-05-17,2219.47
2007-05-18,2213.99
2007-05-21,2222.01
2007-05-22,2234.0
2007-05-23,2218.62
2007-05-24,2205.49
2007-05-25,2222.26
2007-05-28,2233.09
2007-05-29,2243.33
2007-05-30,2223.74
2007-05-31,2247.68
2007-06-01,2260.66
2007-06-04,2240.49
2007-06-05,2241.53
2007-06-06,2202.8
2007-06-07,2190.26
2007-06-08,2172.24
2007-06-11,2175.67
2007-06-12,2173.9
2007-06-13,2157.67
2007-06-14,2180.0
2007-06-15,2174.58
2007-06-18,2162.65
2007-06-19,2186.3
2007-06-20,2212.42
2007-06-21,2224.79
2007-06-22,2225.22
2007-06-25,2219.88
2007-06-26,2222.78
2007-06-27,2216.55
2007-06-28,2249.28
2007-06-29,2271.58
2007-07-02,2273.22
2007-07-03,2290.07
2007-07-04,2299.96
2007-07-05,2294.13
2007-07-06,2308.98
2007-07-09,2315.46
2007-07-10,2313.65
2007-07-11,2300.59
2007-07-12,2322.78
2007-07-13,2344.05
2007-07-16,2344.99
2007-07-17,2338.78
2007-07-18,2339.68
2007-07-19,2353.22
2007-07-20,2341.33
2007-07-23,2359.96
2007-07-24,2352.9
2007-07-25,2340.15
2007-07-26,2352.64
2007-07-27,2276.34
2007-07-30,2283.7
2007-07-31,2313.41
2007-08-01,2223.5
2007-08-02,2230.53
2007-08-03,2251.34
2007-08-06,2226.29
2007-08-07,2243.91
2007-08-08,2291.58
2007-08-09,2259.96
2007-08-10,2233.29
2007-08-13,2260.85
2007-08-14,2256.67
2007-08-16,2180.42
2007-08-17,2144.19
2007-08-20,2176.91
2007-08-21,2116.37
2007-08-22,2132.93
2007-08-23,2124.19
2007-08-24,2159.65
2007-08-27,2202.67
2007-08-28,2212.28
2007-08-29,2213.58
2007-08-30,2241.18
2007-08-31,2260.39
2007-09-03,2287.12
2007-09-04,2296.86
2007-09-05,2303.46
2007-09-06,2327.41
2007-09-07,2324.56
2007-09-10,2329.72
2007-09-11,2324.47
2007-09-12,2313.69
2007-09-13,2329.91
2007-09-14,2315.81
2007-09-17,2306.93
2007-09-18,2328.75
2007-09-19,2393.92
2007-09-20,2397.48
2007-09-21,2417.53
2007-09-24,2433.21
2007-09-25,2441.84
2007-09-26,2458.07
2007-09-27,2477.74
2007-09-28,2501.29
2007-10-01,2526.03
2007-10-03,2579.77
2007-10-04,2573.16
2007-10-05,2546.21
2007-10-08,2494.88
2007-10-09,2573.02
2007-10-10,2623.06
2007-10-11,2644.28
2007-10-12,2598.33
2007-10-15,2659.19
2007-10-16,2680.49
2007-10-17,2611.33
2007-10-18,2554.27
2007-10-19,2492.59
2007-10-22,2499.83
2007-10-23,2587.18
2007-10-24,2584.21
2007-10-25,2607.86
2007-10-26,2648.17
2007-10-29,2695.19
2007-10-30,2675.22
2007-10-31,2690.5
2007-11-01,2656.7
2007-11-02,2680.13
2007-11-05,2659.94
2007-11-06,2653.57
2007-11-07,2642.92
2007-11-08,2618.4
2007-11-09,2600.73
2007-11-12,2592.47
2007-11-13,2618.43
2007-11-14,2703.52
2007-11-15,2685.84
2007-11-16,2703.26
2007-11-19,2716.27
2007-11-20,2659.68
2007-11-21,2582.75
2007-11-22,2572.05
2007-11-23,2601.54
2007-11-26,2642.63
2007-11-27,2631.77
2007-11-28,2604.51
2007-11-29,2598.33
2007-11-30,2638.98
2007-12-03,2678.63
2007-12-04,2691.63
2007-12-05,2725.12
2007-12-06,2723.46
2007-12-07,2740.76
2007-12-10,2737.29
2007-12-11,2783.71
2007-12-12,2821.83
2007-12-13,2795.98
2007-12-14,2804.18
2007-12-17,2708.95
2007-12-18,2708.95
2007-12-19,2702.77
2007-12-20,2711.04
2007-12-24,2787.45
2007-12-26,2822.85
2007-12-27,2823.5
2007-12-28,2841.14
2007-12-31,2877.04
2008-01-01,2885.47
2008-01-02,2906.63
2008-01-03,2879.84
2008-01-04,2896.16
2008-01-07,2885.35
2008-01-08,2870.65
2008-01-09,2867.41
2008-01-10,2808.32
2008-01-11,2801.87
2008-01-14,2788.66
2008-01-15,2739.01
2008-01-16,2706.42
2008-01-17,2702.51
2008-01-18,2631.93
2008-01-21,2431.05
2008-01-22,2274.77
2008-01-23,2382.11
2008-01-24,2337.43
2008-01-25,2476.24
2008-01-28,2435.07
2008-01-29,2459.29
2008-01-30,2432.86
2008-01-31,2404.21
2008-02-01,2485.0
2008-02-04,2547.96
2008-02-05,2551.83
2008-02-06,2480.62
2008-02-07,2416.5
2008-02-08,2432.72
2008-02-11,2357.32
2008-02-12,2337.8
2008-02-13,2368.57
2008-02-14,2451.46
2008-02-15,2495.07
2008-02-18,2499.27
2008-02-19,2512.37
2008-02-20,2460.82
2008-02-21,2485.38
2008-02-22,2455.13
2008-02-25,2496.03
2008-02-26,2522.49
2008-02-27,2522.5
2008-02-28,2541.89
2008-02-29,2534.23
2008-03-03,2470.22
2008-03-04,2438.62
2008-03-05,2483.36
2008-03-07,2416.91
2008-03-10,2425.35
2008-03-11,2424.82
2008-03-12,2426.03
2008-03-13,2342.83
2008-03-14,2380.25
2008-03-17,2267.57
2008-03-18,2276.67
2008-03-19,2294.11
2008-03-24,2331.63
2008-03-25,2420.89
2008-03-26,2408.32
2008-03-27,2402.97
2008-03-28,2437.41
2008-03-31,2359.3
2008-04-01,2367.69
2008-04-02,2397.86
2008-04-03,2412.77
2008-04-04,2365.41
2008-04-07,2412.98
2008-04-08,2390.16
2008-04-09,2400.78
2008-04-10,2385.62
2008-04-11,2383.35
2008-04-15,2438.14
2008-04-16,2443.69
2008-04-17,2475.04
2008-04-21,2505.94
2008-04-22,2493.54
2008-04-23,2492.41
2008-04-24,2487.22
2008-04-25,2519.97
2008-04-28,2517.28
2008-04-29,2565.53
2008-04-30,2565.79
2008-05-02,2590.03
2008-05-05,2568.56
2008-05-06,2566.84
2008-05-07,2563.04
2008-05-08,2542.09
2008-05-09,2506.65
2008-05-12,2505.89
2008-05-13,2491.51
2008-05-14,2529.18
2008-05-15,2547.2
2008-05-16,2556.83
2008-05-20,2530.35
2008-05-21,2525.88
2008-05-22,2493.3
2008-05-23,2474.72
2008-05-26,2450.6
2008-05-27,2459.15
2008-05-28,2497.36
2008-05-29,2454.49
2008-05-30,2479.55
2008-06-02,2442.78
2008-06-03,2434.25
2008-06-04,2373.18
2008-06-05,2425.43
2008-06-06,2401.59
2008-06-09,2349.19
2008-06-10,2333.79
2008-06-11,2368.08
2008-06-12,2361.65
2008-06-13,2366.27
2008-06-16,2383.82
2008-06-17,2410.07
2008-06-18,2395.78
2008-06-19,2363.22
2008-06-20,2296.08
2008-06-23,2262.29
2008-06-24,2224.16
2008-06-25,2225.55
2008-06-26,2259.22
2008-06-27,2179.2
2008-06-30,2150.48
2008-07-01,2081.7
2008-07-02,2142.09
2008-07-03,2081.88
2008-07-04,2109.81
2008-07-07,2136.5
2008-07-08,2130.52
2008-07-09,2204.05
2008-07-10,2194.38
2008-07-11,2143.05
2008-07-14,2131.37
2008-07-15,2059.47
2008-07-16,2054.88
2008-07-17,2120.36
2008-07-18,2162.26
2008-07-21,2195.8
2008-07-22,2213.83
2008-07-23,2292.75
2008-07-24,2273.61
2008-07-25,2238.87
2008-07-28,2236.08
2008-07-29,2162.08
2008-07-30,2213.7
2008-07-31,2210.76
2008-08-01,2239.99
2008-08-04,2249.31
2008-08-05,2316.17
2008-08-06,2336.05
2008-08-07,2351.41
2008-08-08,2354.81
2008-08-11,2390.14
2008-08-12,2359.7
2008-08-13,2356.97
2008-08-14,2326.05
2008-08-18,2304.7
2008-08-19,2287.73
2008-08-20,2310.66
2008-08-21,2260.69
2008-08-22,2274.84
2008-08-25,2284.19
2008-08-26,2298.55
2008-08-27,2287.84
2008-08-28,2263.79
2008-08-29,2317.57
2008-09-01,2317.0
2008-09-02,2371.52
2008-09-04,2361.55
2008-09-05,2317.64
2008-09-08,2381.41
2008-09-09,2370.98
2008-09-10,2356.79
2008-09-11,2313.14
2008-09-12,2288.57
2008-09-15,2227.99
2008-09-16,2212.32
2008-09-17,2185.78
2008-09-18,2186.27
2008-09-19,2263.29
2008-09-22,2261.22
2008-09-23,2215.25
2008-09-24,2227.04
2008-09-25,2206.03
2008-09-26,2155.13
2008-09-29,2090.69
2008-09-30,2117.03
2008-10-01,2144.58
2008-10-03,2117.67
2008-10-06,2019.71
2008-10-07,1997.66
2008-10-08,1952.98
2008-10-10,1847.18
2008-10-13,1906.76
2008-10-14,1942.6
2008-10-15,1870.93
2008-10-16,1844.34
2008-10-17,1772.35
2008-10-20,1795.53
2008-10-21,1843.69
2008-10-22,1768.98
2008-10-23,1697.25
2008-10-24,1545.8
2008-10-27,1492.52
2008-10-28,1569.35
2008-10-29,1572.93
2008-10-31,1655.19
2008-11-03,1706.96
2008-11-04,1727.19
2008-11-05,1683.71
2008-11-06,1654.01
2008-11-07,1682.03
2008-11-10,1751.27
2008-11-11,1674.96
2008-11-12,1638.69
2008-11-14,1602.93
2008-11-17,1594.53
2008-11-18,1545.51
2008-11-19,1534.09
2008-11-20,1503.37
2008-11-21,1551.94
2008-11-24,1558.73
2008-11-25,1537.15
2008-11-26,1569.95
2008-11-28,1576.94
2008-12-01,1545.38
2008-12-02,1536.54
2008-12-03,1539.72
2008-12-04,1582.61
2008-12-05,1562.8
2008-12-08,1594.32
2008-12-10,1652.26
2008-12-11,1633.91
2008-12-12,1613.34
2008-12-15,1639.54
2008-12-16,1675.39
2008-12-17,1642.67
2008-12-18,1697.63
2008-12-19,1706.2
2008-12-22,1684.73
2008-12-23,1655.0
2008-12-24,1632.24
2008-12-26,1605.17
2008-12-29,1627.06
2008-12-30,1660.75
2008-12-31,1658.79
2009-01-01,1690.1
2009-01-02,1692.6
2009-01-05,1717.86
2009-01-06,1748.41
2009-01-07,1693.33
2009-01-09,1702.76
2009-01-12,1670.62
2009-01-13,1666.12
2009-01-14,1694.9
2009-01-15,1658.03
2009-01-16,1682.49
2009-01-19,1681.43
2009-01-20,1656.43
2009-01-21,1629.98
2009-01-22,1617.19
2009-01-23,1604.33
2009-01-27,1640.02
2009-01-28,1673.66
2009-01-29,1680.16
2009-01-30,1697.41
2009-02-02,1665.75
2009-02-03,1677.85
2009-02-04,1685.75
2009-02-05,1666.94
2009-02-06,1702.2
2009-02-09,1728.98
2009-02-10,1736.93
2009-02-11,1728.6
2009-02-12,1713.42
2009-02-13,1730.13
2009-02-16,1697.14
2009-02-17,1667.21
2009-02-18,1669.14
2009-02-19,1676.53
2009-02-20,1655.01
2009-02-24,1655.11
2009-02-25,1674.94
2009-02-26,1690.82
2009-02-27,1674.13
2009-03-02,1641.38
2009-03-03,1621.07
2009-03-04,1639.91
2009-03-05,1612.35
2009-03-06,1631.11
2009-03-09,1604.73
2009-03-12,1633.62
2009-03-13,1681.97
2009-03-16,1707.28
2009-03-17,1696.88
2009-03-18,1698.48
2009-03-19,1703.63
2009-03-20,1701.45
2009-03-23,1750.07
2009-03-24,1753.23
2009-03-25,1759.74
2009-03-26,1806.41
2009-03-27,1832.32
2009-03-30,1793.33
2009-03-31,1830.77
2009-04-01,1833.18
2009-04-02,1882.11
2009-04-06,1887.59
2009-04-08,1927.19
2009-04-09,1924.97
2009-04-13,1952.6
2009-04-15,2014.21
2009-04-16,1977.67
2009-04-17,1985.32
2009-04-20,1983.29
2009-04-21,1977.79
2009-04-22,1963.03
2009-04-23,2000.19
2009-04-24,2024.91
2009-04-27,2018.46
2009-04-28,1985.78
2009-04-29,2027.43
2009-05-04,2089.41
2009-05-05,2074.87
2009-05-06,2063.82
2009-05-07,2076.19
2009-05-08,2046.73
2009-05-11,2024.59
2009-05-12,2061.95
2009-05-13,2054.91
2009-05-14,2053.24
2009-05-15,2083.62
2009-05-18,2363.02
2009-05-19,2302.38
2009-05-20,2342.96
2009-05-21,2316.17
2009-05-22,2314.03
2009-05-25,2331.51
2009-05-26,2290.85
2009-05-27,2344.34
2009-05-28,2349.69
2009-05-29,2388.2
2009-06-01,2427.25
2009-06-02,2429.44
2009-06-03,2453.39
2009-06-04,2500.8
2009-06-05,2533.39
2009-06-08,2470.36
2009-06-09,2528.58
2009-06-10,2583.95
2009-06-11,2576.61
2009-06-12,2545.18
2009-06-15,2532.48
2009-06-16,2552.9
2009-06-17,2485.62
2009-06-18,2440.06
2009-06-19,2473.78
2009-06-22,2440.22
2009-06-23,2446.38
2009-06-24,2491.59
2009-06-25,2469.48
2009-06-26,2497.38
2009-06-29,2492.91
2009-06-30,2461.13
2009-07-01,2480.18
2009-07-02,2494.61
2009-07-03,2534.13
2009-07-06,2458.25
2009-07-07,2505.51
2009-07-08,2496.84
2009-07-09,2508.44
2009-07-10,2481.39
2009-07-13,2459.47
2009-07-14,2511.76
2009-07-15,2557.86
2009-07-16,2566.19
2009-07-17,2626.11
2009-07-20,2683.24
2009-07-21,2666.47
2009-07-22,2635.36
2009-07-23,2699.19
2009-07-24,2727.3
2009-07-27,2752.9
2009-07-28,2759.2
2009-07-29,2729.85
2009-07-30,2764.33
2009-07-31,2794.96
2009-08-03,2816.38
2009-08-04,2812.67
2009-08-05,2819.39
2009-08-06,2753.55
2009-08-07,2709.77
2009-08-10,2665.32
2009-08-11,2679.0
2009-08-12,2680.11
2009-08-13,2746.07
2009-08-14,2725.93
2009-08-17,2645.38
2009-08-18,2671.0
2009-08-19,2632.3
2009-08-20,2670.51
2009-08-21,2703.74
2009-08-24,2745.76
2009-08-25,2751.26
2009-08-26,2757.24
2009-08-27,2755.16
2009-08-28,2772.91
2009-08-31,2761.05
2009-09-01,2752.29
2009-09-02,2749.67
2009-09-03,2748.62
2009-09-04,2790.17
2009-09-07,2830.58
2009-09-08,2815.9
2009-09-09,2801.43
2009-09-10,2797.19
2009-09-11,2785.15
2009-09-14,2783.84
2009-09-15,2814.68
2009-09-16,2847.21
2009-09-17,2851.75
2009-09-18,2887.18
2009-09-22,2910.09
2009-09-23,2886.41
2009-09-24,2894.26
2009-09-25,2923.76
2009-09-29,2957.62
2009-09-30,2981.17
2009-10-01,2980.34
2009-10-05,2956.21
2009-10-06,2961.54
2009-10-07,2953.81
2009-10-08,2961.77
2009-10-09,2938.17
2009-10-12,2986.4
2009-10-14,3001.96
2009-10-15,2984.4
2009-10-16,2976.73
2009-10-17,2990.57
2009-10-20,2980.84
2009-10-21,2942.46
2009-10-22,2919.66
2009-10-23,2956.96
2009-10-26,2966.89
2009-10-27,2937.21
2009-10-28,2917.32
2009-10-29,2900.77
2009-10-30,2900.85
2009-11-03,2857.49
2009-11-04,2905.5
2009-11-05,2928.15
2009-11-06,2926.04
2009-11-09,2956.63
2009-11-10,2940.17
2009-11-11,2981.13
2009-11-12,2961.98
2009-11-13,2989.41
2009-11-16,3021.24
2009-11-17,3021.28
2009-11-18,3018.11
2009-11-19,2991.92
2009-11-20,3021.91
2009-11-23,3055.43
2009-11-24,3064.72
2009-11-25,3083.82
2009-11-26,3065.71
2009-11-27,3047.35
2009-11-30,3078.32
2009-12-01,3122.28
2009-12-02,3105.27
2009-12-03,3124.03
2009-12-04,3129.08
2009-12-07,3119.74
2009-12-08,3149.15
2009-12-09,3152.44
2009-12-10,3146.96
2009-12-11,3138.5
2009-12-14,3147.46
2009-12-15,3128.62
2009-12-16,3134.3
2009-12-17,3148.8
2009-12-18,3142.97
2009-12-21,3125.34
2009-12-22,3126.68
2009-12-23,3184.16
2009-12-24,3190.85
2009-12-29,3180.26
2009-12-30,3180.15
2009-12-31,3199.07
2010-01-04,3224.61
2010-01-05,3230.72
2010-01-06,3244.58
2010-01-07,3220.21
2010-01-08,3233.37
2010-01-11,3252.44
2010-01-12,3223.71
2010-01-13,3255.1
2010-01-14,3263.89
2010-01-15,3274.31
2010-01-18,3277.58
2010-01-19,3230.1
2010-01-20,3229.0
2010-01-21,3176.75
2010-01-22,3141.32
2010-01-25,3137.78
2010-01-27,3072.99
2010-01-28,3075.12
2010-01-29,3078.94
2010-02-01,3126.88
2010-02-02,3103.0
2010-02-03,3141.63
2010-02-04,3110.17
2010-02-05,3063.46
2010-02-06,3082.73
2010-02-08,3085.79
2010-02-09,3110.35
2010-02-10,3106.34
2010-02-11,3129.16
2010-02-15,3112.05
2010-02-16,3144.38
2010-02-17,3149.57
2010-02-18,3146.02
2010-02-19,3139.52
2010-02-22,3141.06
2010-02-23,3133.81
2010-02-24,3123.63
2010-02-25,3123.16
2010-02-26,3143.48
2010-03-02,3164.71
2010-03-03,3198.73
2010-03-04,3200.63
2010-03-05,3219.41
2010-03-08,3251.38
2010-03-09,3242.03
2010-03-10,3257.78
2010-03-11,3259.5
2010-03-12,3250.54
2010-03-15,3242.16
2010-03-16,3260.75
2010-03-17,3280.5
2010-03-18,3281.1
2010-03-19,3306.56
2010-03-22,3293.21
2010-03-23,3296.66
2010-03-25,3301.61
2010-03-26,3316.51
2010-03-29,3331.26
2010-03-30,3309.08
2010-03-31,3307.42
2010-04-01,3304.68
2010-04-05,3335.57
2010-04-06,3321.99
2010-04-07,3333.3
2010-04-08,3313.66
2010-04-09,3328.59
2010-04-12,3318.4
2010-04-13,3314.59
2010-04-15,3308.16
2010-04-16,3304.24
2010-04-19,3275.58
2010-04-20,3286.98
2010-04-21,3299.95
2010-04-22,3311.37
2010-04-23,3308.88
2010-04-26,3308.32
2010-04-27,3310.35
2010-04-28,3293.85
2010-04-29,3269.11
2010-04-30,3299.25
2010-05-03,3289.16
2010-05-04,3257.27
2010-05-05,3271.1
2010-05-06,3271.43
2010-05-07,3242.67
2010-05-10,3280.34
2010-05-11,3249.94
2010-05-12,3262.64
2010-05-13,3282.17
2010-05-14,3266.22
2010-05-17,3278.67
2010-05-18,3292.11
2010-05-19,3234.33
2010-05-20,3267.38
2010-05-21,3249.86
2010-05-24,3249.19
2010-05-25,3199.81
2010-05-26,3230.77
2010-05-27,3274.33
2010-05-28,3307.84
2010-05-31,3341.79
2010-06-01,3319.51
2010-06-02,3353.71
2010-06-03,3389.48
2010-06-04,3405.69
2010-06-07,3375.54
2010-06-08,3359.36
2010-06-09,3379.64
2010-06-10,3423.31
2010-06-11,3417.92
2010-06-14,3443.36
2010-06-15,3443.93
2010-06-16,3456.52
2010-06-17,3464.04
2010-06-18,3458.28
2010-06-21,3489.72
2010-06-22,3492.49
2010-06-23,3518.44
2010-06-24,3520.99
2010-06-25,3537.86
2010-06-28,3567.37
2010-06-29,3538.67
2010-06-30,3569.88
2010-07-01,3540.67
2010-07-02,3544.84
2010-07-05,3543.17
2010-07-06,3566.02
2010-07-07,3552.65
2010-07-08,3581.5
2010-07-09,3581.05
2010-07-12,3575.17
2010-07-13,3574.46
2010-07-14,3566.87
2010-07-15,3550.44
2010-07-16,3564.83
2010-07-19,3551.21
2010-07-20,3535.19
2010-07-21,3540.59
2010-07-22,3556.75
2010-07-23,3553.58
2010-07-26,3524.87
2010-07-27,3528.43
2010-07-28,3535.42
2010-07-29,3537.64
2010-07-30,3519.79
2010-08-02,3539.16
2010-08-03,3538.94
2010-08-04,3549.46
2010-08-05,3540.38
2010-08-06,3543.11
2010-08-09,3570.5
2010-08-10,3551.7
2010-08-11,3531.37
2010-08-12,3532.09
2010-08-13,3553.61
2010-08-16,3546.02
2010-08-17,3545.8
2010-08-18,3574.79
2010-08-19,3610.94
2010-08-20,3613.9
2010-08-23,3629.53
2010-08-24,3622.0
2010-08-25,3595.53
2010-08-26,3609.94
2010-08-27,3580.9
2010-08-30,3589.73
2010-08-31,3595.24
2010-09-01,3618.74
2010-09-02,3626.43
2010-09-03,3639.59
2010-09-06,3668.94
2010-09-07,3703.56
2010-09-08,3710.59
2010-09-09,3720.79
2010-09-13,3773.42
2010-09-14,3787.7
2010-09-15,3812.6
2010-09-16,3795.6
2010-09-17,3843.42
2010-09-20,3909.84
2010-09-21,3921.4
2010-09-22,3917.48
2010-09-23,3910.56
2010-09-24,3947.75
2010-09-27,3956.95
2010-09-28,3955.97
2010-09-29,3939.09
2010-09-30,3927.84
2010-10-01,3980.86
2010-10-04,3994.27
2010-10-05,3989.48
2010-10-06,4007.79
2010-10-07,3983.87
2010-10-08,3976.63
2010-10-11,3984.0
2010-10-12,3963.24
2010-10-13,4019.45
2010-10-14,3994.93
2010-10-15,3933.2
2010-10-18,3938.84
2010-10-19,3927.4
2010-10-20,3908.82
2010-10-21,3974.26
2010-10-22,3972.68
2010-10-25,3997.63
2010-10-26,3976.54
2010-10-27,3928.1
2010-10-28,3924.75
2010-10-29,3921.52
2010-11-01,3957.56
2010-11-02,3974.76
2010-11-03,3996.84
2010-11-04,4032.92
2010-11-05,4054.81
2010-11-08,4039.61
2010-11-09,4080.33
2010-11-10,4052.5
2010-11-11,4002.77
2010-11-12,3958.85
2010-11-15,3982.29
2010-11-16,3929.16
2010-11-18,3961.03
2010-11-19,3909.6
2010-11-22,3944.22
2010-11-23,3905.02
2010-11-24,3870.6
2010-11-25,3826.9
2010-11-26,3811.29
2010-11-29,3846.61
2010-11-30,3879.0
2010-12-01,3930.17
2010-12-02,3931.93
2010-12-03,3933.32
2010-12-06,3926.4
2010-12-07,3927.62
2010-12-08,3897.85
2010-12-09,3820.96
2010-12-10,3869.94
2010-12-13,3896.63
2010-12-14,3916.06
2010-12-15,3881.45
2010-12-16,3902.83
2010-12-20,3921.97
2010-12-21,3927.53
2010-12-22,3925.55
2010-12-23,3930.64
2010-12-24,3939.34
2010-12-27,3943.81
2010-12-28,3943.03
2010-12-29,3971.37
2010-12-30,3994.79
2010-12-31,4014.1
2011-01-03,4030.75
2011-01-04,4035.53
2011-01-05,4012.65
2011-01-06,3983.34
2011-01-07,3910.6
2011-01-10,3833.21
2011-01-11,3834.12
2011-01-12,3868.03
2011-01-13,3831.46
2011-01-14,3783.82
2011-01-17,3787.92
2011-01-18,3832.16
2011-01-19,3796.73
2011-01-20,3808.38
2011-01-21,3798.41
2011-01-24,3819.86
2011-01-25,3803.09
2011-01-27,3754.31
2011-01-28,3698.82
2011-01-31,3702.3
2011-02-01,3651.99
2011-02-02,3640.21
2011-02-03,3671.95
2011-02-04,3618.38
2011-02-07,3615.61
2011-02-08,3564.2
2011-02-09,3520.25
2011-02-10,3504.31
2011-02-11,3545.49
2011-02-14,3624.54
2011-02-15,3631.91
2011-02-16,3616.95
2011-02-17,3649.1
2011-02-18,3622.29
2011-02-21,3642.02
2011-02-22,3609.56
2011-02-23,3603.32
2011-02-24,3540.24
2011-02-25,3552.71
2011-02-28,3568.4
2011-03-01,3666.7
2011-03-03,3682.6
2011-03-04,3683.92
2011-03-07,3642.09
2011-03-08,3663.21
2011-03-09,3661.44
2011-03-10,3652.94
2011-03-11,3629.06
2011-03-14,3663.48
2011-03-15,3621.05
2011-03-16,3653.73
2011-03-17,3632.64
2011-03-18,3596.11
2011-03-21,3579.14
2011-03-22,3603.09
2011-03-23,3636.15
2011-03-24,3661.69
2011-03-25,3719.72
2011-03-28,3737.77
2011-03-29,3767.14
2011-03-30,3823.78
2011-03-31,3846.89
2011-04-01,3842.32
2011-04-04,3885.23
2011-04-05,3903.22
2011-04-06,3901.59
2011-04-07,3885.76
2011-04-08,3869.29
2011-04-11,3849.3
2011-04-13,3913.0
2011-04-15,3868.72
2011-04-18,3832.18
2011-04-19,3821.19
2011-04-20,3878.53
2011-04-21,3887.17
2011-04-25,3905.1
2011-04-26,3903.78
2011-04-27,3902.43
2011-04-28,3881.44
2011-04-29,3895.89
2011-05-02,3872.09
2011-05-03,3806.67
2011-05-04,3786.55
2011-05-05,3726.06
2011-05-06,3773.98
2011-05-09,3773.95
2011-05-10,3774.96
2011-05-11,3792.11
2011-05-12,3759.75
2011-05-13,3794.01
2011-05-16,3787.52
2011-05-17,3765.92
2011-05-18,3762.4
2011-05-19,3746.58
2011-05-20,3773.47
2011-05-23,3720.03
2011-05-24,3728.39
2011-05-25,3722.03
2011-05-26,3750.08
2011-05-27,3767.71
2011-05-30,3783.83
2011-05-31,3843.46
2011-06-01,3872.54
2011-06-02,3860.5
2011-06-03,3840.16
2011-06-06,3850.12
2011-06-07,3862.5
2011-06-08,3846.33
2011-06-09,3837.27
2011-06-10,3828.98
2011-06-13,3835.05
2011-06-14,3850.96
2011-06-15,3833.8
2011-06-16,3811.84
2011-06-17,3775.83
2011-06-20,3711.76
2011-06-21,3721.86
2011-06-22,3717.32
2011-06-23,3721.49
2011-06-24,3792.21
2011-06-27,3840.73
2011-06-28,3860.95
2011-06-29,3897.1
2011-06-30,3911.38
2011-07-01,3921.66
2011-07-04,3945.63
2011-07-05,3927.24
2011-07-06,3914.09
2011-07-07,3973.98
2011-07-08,3948.79
2011-07-11,3927.87
2011-07-12,3896.26
2011-07-13,3933.01
2011-07-14,3938.73
2011-07-15,3933.13
2011-07-18,3929.58
2011-07-19,3948.99
2011-07-20,3917.14
2011-07-21,3897.51
2011-07-22,3943.62
2011-07-25,3956.17
2011-07-26,3915.34
2011-07-27,3903.31
2011-07-28,3878.74
2011-07-29,3876.18
2011-08-01,3888.73
2011-08-02,3881.1
2011-08-03,3857.54
2011-08-04,3820.09
2011-08-05,3757.14
2011-08-08,3724.13
2011-08-09,3707.47
2011-08-10,3758.75
2011-08-11,3740.39
2011-08-12,3718.1
2011-08-16,3695.64
2011-08-17,3705.58
2011-08-18,3659.19
2011-08-19,3604.51
2011-08-22,3646.32
2011-08-23,3660.14
2011-08-24,3638.16
2011-08-25,3627.93
2011-08-26,3578.0
2011-08-29,3638.54
2011-08-30,3659.8
2011-09-02,3678.86
2011-09-05,3658.76
2011-09-06,3673.97
2011-09-07,3717.23
2011-09-08,3716.38
2011-09-09,3674.53
2011-09-12,3640.46
2011-09-13,3631.78
2011-09-14,3663.22
2011-09-15,3696.48
2011-09-16,3694.31
2011-09-19,3681.2
2011-09-20,3732.4
2011-09-21,3736.16
2011-09-22,3646.1
2011-09-23,3630.77
2011-09-26,3599.85
2011-09-27,3662.07
2011-09-28,3670.86
2011-09-29,3696.98
2011-09-30,3670.78
2011-10-03,3631.58
2011-10-04,3599.5
2011-10-05,3592.74
2011-10-07,3642.99
2011-10-10,3677.4
2011-10-11,3678.43
2011-10-12,3732.4
2011-10-13,3710.73
2011-10-14,3725.25
2011-10-17,3715.91
2011-10-18,3683.32
2011-10-19,3736.24
2011-10-20,3720.7
2011-10-21,3708.5
2011-10-24,3741.47
2011-10-25,3774.26
2011-10-26,3790.6
2011-10-28,3850.88
2011-10-31,3845.54
2011-11-01,3835.35
2011-11-02,3835.31
2011-11-03,3850.71
2011-11-04,3864.98
2011-11-08,3859.1
2011-11-09,3818.06
2011-11-11,3808.21
2011-11-14,3798.54
2011-11-15,3753.22
2011-11-16,3726.04
2011-11-17,3668.11
2011-11-18,3655.1
2011-11-21,3592.3
2011-11-22,3610.3
2011-11-23,3554.95
2011-11-24,3588.5
2011-11-25,3572.84
2011-11-28,3654.33
2011-11-29,3634.33
2011-11-30,3655.63
2011-12-01,3671.53
2011-12-02,3742.37
2011-12-05,3738.83
2011-12-07,3744.65
2011-12-08,3695.23
2011-12-09,3654.96
2011-12-12,3597.72
2011-12-13,3619.13
2011-12-14,3589.48
2011-12-15,3599.49
2011-12-16,3546.03
2011-12-19,3510.84
2011-12-20,3478.09
2011-12-21,3554.51
2011-12-22,3591.94
2011-12-23,3578.09
2011-12-26,3601.87
2011-12-27,3586.95
2011-12-28,3576.52
2011-12-29,3538.41
2011-12-30,3533.19
2012-01-02,3532.63
2012-01-03,3601.28
2012-01-04,3600.0
2012-01-05,3594.88
2012-01-06,3591.06
2012-01-07,3593.35
2012-01-09,3607.1
2012-01-10,3654.98
2012-01-11,3654.21
2012-01-12,3650.27
2012-01-13,3663.2
2012-01-16,3653.4
2012-01-17,3709.67
2012-01-18,3701.82
2012-01-19,3737.16
2012-01-20,3743.7
2012-01-23,3761.22
2012-01-24,3781.36
2012-01-25,3792.71
2012-01-27,3807.63
2012-01-30,3753.64
2012-01-31,3808.58
2012-02-01,3830.1
2012-02-02,3853.83
2012-02-03,3904.41
2012-02-06,3938.16
2012-02-07,3925.35
2012-02-08,3956.52
2012-02-09,3977.44
2012-02-10,3966.86
2012-02-13,3966.61
2012-02-14,3965.01
2012-02-15,4027.01
2012-02-16,4044.25
2012-02-17,4066.29
2012-02-21,4078.74
2012-02-22,4025.16
2012-02-23,4025.35
2012-02-24,4024.14
2012-02-27,3964.08
2012-02-28,4029.9
2012-02-29,4038.59
2012-03-01,4036.33
2012-03-02,4040.57
2012-03-03,4037.6
2012-03-05,3988.83
2012-03-06,3966.99
2012-03-07,3953.8
2012-03-09,4008.5
2012-03-12,4014.09
2012-03-13,4059.23
2012-03-14,4092.28
2012-03-15,4061.13
2012-03-16,4004.48
2012-03-19,3968.26
2012-03-20,4001.12
2012-03-21,4045.45
2012-03-22,3964.88
2012-03-23,3997.17
2012-03-26,3935.18
2012-03-27,3960.34
2012-03-28,3944.48
2012-03-29,3947.07
2012-03-30,4034.41
2012-04-02,4044.66
2012-04-03,4065.32
2012-04-04,4048.41
2012-04-09,4004.21
2012-04-10,4015.84
2012-04-11,4004.8
2012-04-12,4036.01
2012-04-13,4023.44
2012-04-16,4033.15
2012-04-17,4069.63
2012-04-18,4084.1
2012-04-19,4094.57
2012-04-20,4068.6
2012-04-23,4025.02
2012-04-24,4027.01
2012-04-25,4017.8
2012-04-26,3988.68
2012-04-27,3988.6
2012-04-28,4002.21
2012-04-30,4025.65
2012-05-02,4017.44
2012-05-03,3991.37
2012-05-04,3949.48
2012-05-07,3969.86
2012-05-08,3925.7
2012-05-09,3909.08
2012-05-10,3897.45
2012-05-11,3848.48
2012-05-14,3856.85
2012-05-15,3858.75
2012-05-16,3818.83
2012-05-17,3823.52
2012-05-18,3825.53
2012-05-21,3836.35
2012-05-22,3797.53
2012-05-23,3791.05
2012-05-24,3829.49
2012-05-25,3830.41
2012-05-28,3871.28
2012-05-29,3869.28
2012-05-30,3854.99
2012-05-31,3867.26
2012-06-01,3814.27
2012-06-04,3786.84
2012-06-05,3798.87
2012-06-06,3876.68
2012-06-07,3896.11
2012-06-08,3909.44
2012-06-11,3896.42
2012-06-12,3926.36
2012-06-13,3937.42
2012-06-14,3903.52
2012-06-15,3941.08
2012-06-18,3894.92
2012-06-19,3918.58
2012-06-20,3940.21
2012-06-21,3970.79
2012-06-22,3966.31
2012-06-25,3944.91
2012-06-26,3963.79
2012-06-27,3977.39
2012-06-28,3993.67
2012-06-29,4092.18
2012-07-02,4103.29
2012-07-03,4109.3
2012-07-04,4113.23
2012-07-05,4128.93
2012-07-06,4120.45
2012-07-09,4088.45
2012-07-10,4122.92
2012-07-11,4101.3
2012-07-12,4081.11
2012-07-13,4080.41
2012-07-16,4074.85
2012-07-17,4077.05
2012-07-18,4080.68
2012-07-19,4085.23
2012-07-20,4065.92
2012-07-23,4019.73
2012-07-24,4041.77
2012-07-25,4028.66
2012-07-26,3986.56
2012-07-27,4011.31
2012-07-30,4082.7
2012-07-31,4118.52
2012-08-01,4133.99
2012-08-02,4129.9
2012-08-03,4152.22
2012-08-06,4180.34
2012-08-07,4203.9
2012-08-08,4201.48
2012-08-09,4202.2
2012-08-10,4203.9
2012-08-13,4231.37
2012-08-14,4241.62
2012-08-16,4218.78
2012-08-17,4215.21
2012-08-21,4252.97
2012-08-22,4248.48
2012-08-23,4250.12
2012-08-24,4248.12
2012-08-27,4236.32
2012-08-28,4244.49
2012-08-29,4230.44
2012-08-30,4252.65
2012-08-31,4226.84
2012-09-03,4227.13
2012-09-04,4241.8
2012-09-05,4221.24
2012-09-06,4239.47
2012-09-07,4293.64
2012-09-08,4308.27
2012-09-10,4312.79
2012-09-11,4337.65
2012-09-12,4339.43
2012-09-13,4323.96
2012-09-14,4362.28
2012-09-17,4344.34
2012-09-18,4360.56
2012-09-20,4341.91
2012-09-21,4416.23
2012-09-24,4405.13
2012-09-25,4418.45
2012-09-26,4430.0
2012-09-27,4432.8
2012-09-28,4493.89
2012-10-01,4513.1
2012-10-03,4531.16
2012-10-04,4554.16
2012-10-05,4530.81
2012-10-08,4514.59
2012-10-09,4530.27
2012-10-10,4485.35
2012-10-11,4508.16
2012-10-12,4516.52
2012-10-15,4522.86
2012-10-16,4501.39
2012-10-17,4506.8
2012-10-18,4532.43
2012-10-19,4501.22
2012-10-22,4517.9
2012-10-23,4500.77
2012-10-25,4500.47
2012-10-26,4456.96
2012-10-29,4451.87
2012-10-30,4426.64
2012-10-31,4440.21
2012-11-01,4457.92
2012-11-02,4492.26
2012-11-05,4506.83
2012-11-06,4546.23
2012-11-07,4563.92
2012-11-08,4547.6
2012-11-09,4514.87
2012-11-12,4505.77
2012-11-13,4497.72
2012-11-15,4466.8
2012-11-16,4427.34
2012-11-19,4416.82
2012-11-20,4420.6
2012-11-21,4440.78
2012-11-22,4440.35
2012-11-23,4440.59
2012-11-26,4454.84
2012-11-27,4505.74
2012-11-29,4556.84
2012-11-30,4603.18
2012-12-03,4610.23
2012-12-04,4619.72
2012-12-05,4625.53
2012-12-06,4637.93
2012-12-07,4617.69
2012-12-10,4631.6
2012-12-11,4625.05
2012-12-12,4606.0
2012-12-13,4577.55
2012-12-14,4581.54
2012-12-17,4579.18
2012-12-18,4611.92
2012-12-19,4639.43
2012-12-20,4642.28
2012-12-21,4594.6
2012-12-24,4604.15
2012-12-26,4634.82
2012-12-27,4617.79
2012-12-28,4651.28
2012-12-31,4665.73
2013-01-01,4682.1
2013-01-02,4704.33
2013-01-03,4708.66
2013-01-04,4728.0
2013-01-07,4710.41
2013-01-08,4728.94
2013-01-09,4708.89
2013-01-10,4692.98
2013-01-11,4660.87
2013-01-14,4695.05
2013-01-15,4709.2
2013-01-16,4687.94
2013-01-17,4716.05
2013-01-18,4767.73
2013-01-21,4769.45
2013-01-22,4748.68
2013-01-23,4731.27
2013-01-24,4693.88
2013-01-25,4732.22
2013-01-28,4721.72
2013-01-29,4696.47
2013-01-30,4706.3
2013-01-31,4722.77
2013-02-01,4717.88
2013-02-04,4692.96
2013-02-05,4695.93
2013-02-06,4698.68
2013-02-07,4677.43
2013-02-08,4634.08
2013-02-11,4644.14
2013-02-12,4666.51
2013-02-13,4655.8
2013-02-14,4637.57
2013-02-15,4626.08
2013-02-18,4630.72
2013-02-19,4677.24
2013-02-20,4688.76
2013-02-21,4639.45
2013-02-22,4636.17
2013-02-25,4629.66
2013-02-26,4568.86
2013-02-27,4573.78
2013-02-28,4480.44
2013-03-01,4521.08
2013-03-04,4473.6
2013-03-05,4539.51
2013-03-06,4546.97
2013-03-07,4566.06
2013-03-08,4614.94
2013-03-11,4622.49
2013-03-12,4607.96
2013-03-13,4573.4
2013-03-14,4601.96
2013-03-15,4610.14
2013-03-18,4596.89
2013-03-19,4546.77
2013-03-20,4515.83
2013-03-21,4474.61
2013-03-22,4463.0
2013-03-25,4453.76
2013-03-26,4448.63
2013-03-28,4481.95
2013-04-01,4504.82
2013-04-02,4557.14
2013-04-03,4540.64
2013-04-04,4477.33
2013-04-05,4493.73
2013-04-08,4496.63
2013-04-09,4454.91
2013-04-10,4484.74
2013-04-11,4494.95
2013-04-12,4503.9
2013-04-15,4512.21
2013-04-16,4590.8
2013-04-17,4589.41
2013-04-18,4637.81
2013-04-22,4662.49
2013-04-23,4666.61
2013-04-25,4732.1
2013-04-26,4713.34
2013-04-29,4751.28
2013-04-30,4790.11
2013-05-02,4823.27
2013-05-03,4796.32
2013-05-06,4808.23
2013-05-07,4855.11
2013-05-08,4866.68
2013-05-09,4849.77
2013-05-10,4876.11
2013-05-11,4904.11
2013-05-13,4835.53
2013-05-14,4855.21
2013-05-15,4941.0
2013-05-16,4954.92
2013-05-17,4972.22
2013-05-20,4920.4
2013-05-21,4864.01
2013-05-22,4860.56
2013-05-23,4794.15
2013-05-24,4805.09
2013-05-27,4868.99
2013-05-28,4873.7
2013-05-29,4878.09
2013-05-30,4890.22
2013-05-31,4793.22
2013-06-03,4750.35
2013-06-04,4757.39
2013-06-05,4774.15
2013-06-06,4755.56
2013-06-07,4731.48
2013-06-10,4717.45
2013-06-11,4672.71
2013-06-12,4658.65
2013-06-13,4594.96
2013-06-14,4667.55
2013-06-17,4691.39
2013-06-18,4662.06
2013-06-19,4662.36
2013-06-20,4578.2
2013-06-21,4589.37
2013-06-24,4534.7
2013-06-25,4523.26
2013-06-26,4546.82
2013-06-27,4613.94
2013-06-28,4724.26
2013-07-01,4779.78
2013-07-02,4752.55
2013-07-03,4687.32
2013-07-04,4725.86
2013-07-05,4742.49
2013-07-08,4695.09
2013-07-09,4736.17
2013-07-10,4716.07
2013-07-11,4789.12
2013-07-12,4811.9
2013-07-15,4830.67
2013-07-16,4815.17
2013-07-17,4855.51
2013-07-18,4904.49
2013-07-19,4895.03
2013-07-22,4889.23
2013-07-23,4905.11
2013-07-24,4875.12
2013-07-25,4810.7
2013-07-26,4793.17
2013-07-29,4750.58
2013-07-30,4668.23
2013-07-31,4669.54
2013-08-01,4632.29
2013-08-02,4559.96
2013-08-05,4575.96
2013-08-06,4458.73
2013-08-07,4452.91
2013-08-08,4490.75
2013-08-12,4524.37
2013-08-13,4574.7
2013-08-14,4596.45
2013-08-16,4450.09
2013-08-19,4378.09
2013-08-20,4343.44
2013-08-21,4277.19
2013-08-22,4332.63
2013-08-23,4358.54
2013-08-26,4377.34
2013-08-27,4254.32
2013-08-28,4228.74
2013-08-29,4306.97
2013-08-30,4369.97
2013-09-02,4420.61
2013-09-03,4294.0
2013-09-04,4367.88
2013-09-05,4440.35
2013-09-06,4495.0
2013-09-10,4621.69
2013-09-11,4662.88
2013-09-12,4627.32
2013-09-13,4646.25
2013-09-16,4616.67
2013-09-17,4632.53
2013-09-18,4678.93
2013-09-19,4819.85
2013-09-20,4807.68
2013-09-23,4723.94
2013-09-24,4731.96
2013-09-25,4719.55
2013-09-26,4715.61
2013-09-27,4705.01
2013-09-30,4654.76
2013-10-01,4659.86
2013-10-03,4748.17
2013-10-04,4757.5
2013-10-07,4768.75
2013-10-08,4772.77
2013-10-09,4806.58
2013-10-10,4821.86
2013-10-11,4815.58
2013-10-14,4804.33
2013-10-15,4784.29
2013-10-17,4764.5
2013-10-18,4837.32
2013-10-21,4858.93
2013-10-22,4886.43
2013-10-23,4866.59
2013-10-24,4847.23
2013-10-25,4832.0
2013-10-28,4779.02
2013-10-29,4883.8
2013-10-30,4904.02
2013-10-31,4941.54
2013-11-01,4952.81
2013-11-03,4965.52
2013-11-05,4922.15
2013-11-06,4919.16
2013-11-07,4881.91
2013-11-08,4844.8
2013-11-11,4810.15
2013-11-12,4775.39
2013-11-13,4758.03
2013-11-14,4775.49
2013-11-18,4844.5
2013-11-19,4843.97
2013-11-20,4800.03
2013-11-21,4719.47
2013-11-22,4728.02
2013-11-25,4815.38
2013-11-26,4776.22
2013-11-27,4764.4
2013-11-28,4795.31
2013-11-29,4846.0
2013-12-02,4858.42
2013-12-03,4842.56
2013-12-04,4824.51
2013-12-05,4857.96
2013-12-06,4899.28
2013-12-09,4968.01
2013-12-10,4929.48
2013-12-11,4922.7
2013-12-12,4883.96
2013-12-13,4820.6
2013-12-16,4810.3
2013-12-17,4804.38
2013-12-18,4882.01
2013-12-19,4854.17
2013-12-20,4922.36
2013-12-23,4943.72
2013-12-24,4938.52
2013-12-26,4945.43
2013-12-27,4969.66
2013-12-30,4957.09
2013-12-31,4971.97
2014-01-01,4978.83
2014-01-02,4908.94
2014-01-03,4897.53
2014-01-06,4891.58
2014-01-07,4869.59
2014-01-08,4901.83
2014-01-09,4898.45
2014-01-10,4884.96
2014-01-13,4913.7
2014-01-14,4906.12
2014-01-15,4952.22
2014-01-16,4947.96
2014-01-17,4922.01
2014-01-20,4940.52
2014-01-21,4920.42
2014-01-22,4937.03
2014-01-23,4936.13
2014-01-24,4903.87
2014-01-27,4825.43
2014-01-28,4802.6
2014-01-29,4822.6
2014-01-30,4788.44
2014-01-31,4829.91
2014-02-03,4809.17
2014-02-04,4804.41
2014-02-05,4827.69
2014-02-06,4858.56
2014-02-07,4891.8
2014-02-10,4887.88
2014-02-11,4879.59
2014-02-12,4885.99
2014-02-13,4787.42
2014-02-14,4805.33
2014-02-17,4826.46
2014-02-18,4848.83
2014-02-19,4865.04
2014-02-20,4834.53
2014-02-21,4885.93
2014-02-24,4901.79
2014-02-25,4899.45
2014-02-26,4929.96
2014-02-28,4956.09
2014-03-03,4918.22
2014-03-04,4975.42
2014-03-05,5001.51
2014-03-06,5058.64
2014-03-07,5115.77
2014-03-10,5123.91
2014-03-11,5107.97
2014-03-12,5106.88
2014-03-13,5116.84
2014-03-14,5128.62
2014-03-18,5167.09
2014-03-19,5157.2
2014-03-20,5131.53
2014-03-21,5128.49
2014-03-22,5139.22
2014-03-24,5208.94
2014-03-25,5225.84
2014-03-26,5219.56
2014-03-27,5259.28
2014-03-28,5328.94
2014-03-31,5348.12
2014-04-01,5353.27
2014-04-02,5358.2
2014-04-03,5370.87
2014-04-04,5341.03
2014-04-07,5354.82
2014-04-09,5421.47
2014-04-10,5430.68
2014-04-11,5424.05
2014-04-15,5379.8
2014-04-16,5340.13
2014-04-17,5402.94
2014-04-21,5414.33
2014-04-22,5424.05
2014-04-23,5421.95
2014-04-25,5367.31
2014-04-28,5364.43
2014-04-29,5331.72
2014-04-30,5316.85
2014-05-02,5324.36
2014-05-05,5314.28
2014-05-06,5308.85
2014-05-07,5276.34
2014-05-08,5282.45
2014-05-09,5400.75
2014-05-12,5518.93
2014-05-13,5588.21
2014-05-14,5596.39
2014-05-15,5609.18
2014-05-16,5668.1
2014-05-19,5745.71
2014-05-20,5732.78
2014-05-21,5714.92
2014-05-22,5762.29
2014-05-23,5861.25
2014-05-26,5808.83
2014-05-27,5747.71
2014-05-28,5757.02
2014-05-29,5719.18
2014-05-30,5771.9
2014-06-02,5829.43
2014-06-03,5884.88
2014-06-04,5867.14
2014-06-05,5937.02
2014-06-06,6039.74
2014-06-09,6133.91
2014-06-10,6149.13
2014-06-11,6099.69
2014-06-12,6138.81
2014-06-13,6058.02
2014-06-16,6058.96
2014-06-17,6131.46
2014-06-18,6101.75
2014-06-19,6078.11
2014-06-20,6030.35
2014-06-23,6043.37
2014-06-24,6101.75
2014-06-25,6127.58
2014-06-26,6060.48
2014-06-27,6098.63
2014-06-30,6186.82
2014-07-01,6199.45
2014-07-02,6298.34
2014-07-03,6281.46
2014-07-04,6322.9
2014-07-07,6340.28
2014-07-08,6190.68
2014-07-09,6158.27
2014-07-10,6161.77
2014-07-11,6098.17
2014-07-14,6087.96
2014-07-15,6123.33
2014-07-16,6173.55
2014-07-17,6224.33
2014-07-18,6202.08
2014-07-21,6214.72
2014-07-22,6259.7
2014-07-23,6255.73
2014-07-24,6254.47
2014-07-25,6260.43
2014-07-28,6231.38
2014-07-30,6298.32
2014-07-31,6265.86
2014-08-01,6180.04
2014-08-04,6231.6
2014-08-05,6284.53
2014-08-06,6245.25
2014-08-07,6240.87
2014-08-08,6181.46
2014-08-11,6192.67
2014-08-12,6263.81
2014-08-13,6277.56
2014-08-14,6329.53
2014-08-18,6402.78
2014-08-19,6447.36
2014-08-20,6454.87
2014-08-21,6473.49
2014-08-22,6477.2
2014-08-25,6495.57
2014-08-26,6489.18
2014-08-27,6520.45
2014-08-28,6526.67
2014-09-01,6605.83
2014-09-02,6673.22
2014-09-03,6680.1
2014-09-04,6677.71
2014-09-05,6681.76
2014-09-08,6768.7
2014-09-09,6779.62
2014-09-10,6733.61
2014-09-11,6732.2
2014-09-12,6779.28
2014-09-15,6762.04
2014-09-16,6659.88
2014-09-17,6678.44
2014-09-18,6782.53
2014-09-19,6792.33
2014-09-22,6796.22
2014-09-23,6693.52
2014-09-24,6717.62
2014-09-25,6657.93
2014-09-26,6699.48
2014-09-29,6706.82
2014-09-30,6746.78
2014-10-01,6709.77
2014-10-07,6615.29
2014-10-08,6610.44
2014-10-09,6685.26
2014-10-10,6588.16
2014-10-13,6561.15
2014-10-14,6553.2
2014-10-16,6447.99
2014-10-17,6485.94
2014-10-20,6586.6
2014-10-21,6606.93
2014-10-22,6681.16
2014-10-23,6708.54
2014-10-27,6670.97
2014-10-28,6706.46
2014-10-29,6751.95
2014-10-30,6786.42
2014-10-31,6914.77
2014-11-03,6879.84
2014-11-05,6862.2
2014-11-07,6882.57
2014-11-10,6919.71
2014-11-11,6932.02
2014-11-12,6917.05
2014-11-13,6902.32
2014-11-14,6940.9
2014-11-17,6964.52
2014-11-18,6952.67
2014-11-19,6896.68
2014-11-20,6912.13
2014-11-21,6943.39
2014-11-24,6952.34
2014-11-25,6919.09
2014-11-26,6942.6
2014-11-27,6967.55
2014-11-28,7021.6
2014-12-01,7013.52
2014-12-02,6977.93
2014-12-03,6994.27
2014-12-04,7028.02
2014-12-05,6993.5
2014-12-08,6937.56
2014-12-09,6869.3
2014-12-10,6884.3
2014-12-11,6849.6
2014-12-12,6795.6
2014-12-15,6785.19
2014-12-16,6639.9
2014-12-17,6579.8
2014-12-18,6680.78
2014-12-19,6712.26
2014-12-22,6803.81
2014-12-23,6803.62
2014-12-24,6712.35
2014-12-26,6722.29
2014-12-29,6776.47
2014-12-30,6775.94
2014-12-31,6801.91
2015-01-01,6792.41
2015-01-02,6861.29
2015-01-05,6853.57
2015-01-06,6680.72
2015-01-07,6691.88
2015-01-08,6800.07
2015-01-09,6836.37
2015-01-12,6841.92
2015-01-13,6871.49
2015-01-14,6908.53
2015-01-15,7041.71
2015-01-16,7074.54
2015-01-19,7106.08
2015-01-20,7154.62
2015-01-21,7177.9
2015-01-22,7207.03
2015-01-23,7244.55
2015-01-27,7267.72
2015-01-28,7299.0
2015-01-29,7333.32
2015-01-30,7255.54
2015-02-02,7210.19
2015-02-03,7200.68
2015-02-04,7191.67
2015-02-05,7168.99
2015-02-06,7133.28
2015-02-09,7050.24
2015-02-10,7095.34
2015-02-11,7140.63
2015-02-12,7216.99
2015-02-13,7313.92
2015-02-16,7319.26
2015-02-18,7385.69
2015-02-19,7363.18
2015-02-20,7333.85
2015-02-23,7277.5
2015-02-24,7291.74
2015-02-25,7295.15
2015-02-26,7237.38
2015-02-27,7338.83
2015-02-28,7361.41
2015-03-02,7449.95
2015-03-03,7496.96
2015-03-04,7432.61
2015-03-05,7475.63
2015-03-09,7404.03
2015-03-10,7356.29
2015-03-11,7345.94
2015-03-12,7405.7
2015-03-13,7297.08
2015-03-16,7258.41
2015-03-17,7342.5
2015-03-18,7307.77
2015-03-19,7310.56
2015-03-20,7259.01
2015-03-23,7260.71
2015-03-24,7285.33
2015-03-25,7258.87
2015-03-26,7139.96
2015-03-27,7100.35
2015-03-30,7205.51
2015-03-31,7210.33
2015-04-01,7268.95
2015-04-06,7385.35
2015-04-07,7439.41
2015-04-08,7502.35
2015-04-09,7514.37
2015-04-10,7518.11
2015-04-13,7561.3
2015-04-15,7490.1
2015-04-16,7454.37
2015-04-17,7348.02
2015-04-20,7213.13
2015-04-21,7113.49
2015-04-22,7122.27
2015-04-23,7092.99
2015-04-24,7057.87
2015-04-27,6951.3
2015-04-28,6989.52
2015-04-29,6958.33
2015-04-30,6911.15
2015-05-04,7085.21
2015-05-05,7072.22
2015-05-06,6902.44
2015-05-07,6883.91
2015-05-08,6973.92
2015-05-11,7066.32
2015-05-12,6956.32
2015-05-13,7016.91
2015-05-14,7045.77
2015-05-15,7072.59
2015-05-18,7153.26
2015-05-19,7142.13
2015-05-20,7162.67
2015-05-21,7193.17
2015-05-22,7218.48
2015-05-25,7160.26
2015-05-26,7150.14
2015-05-27,7141.25
2015-05-28,7118.37
2015-05-29,7221.1
2015-06-01,7226.71
2015-06-02,7078.99
2015-06-03,6974.18
2015-06-04,6972.48
2015-06-05,6980.85
2015-06-08,6920.86
2015-06-09,6889.33
2015-06-10,6959.82
2015-06-11,6834.88
2015-06-12,6860.0
2015-06-15,6880.44
2015-06-16,6918.23
2015-06-17,6992.01
2015-06-18,7058.73
2015-06-19,7101.28
2015-06-22,7162.14
2015-06-23,7208.37
2015-06-24,7192.26
2015-06-25,7228.56
2015-06-26,7237.26
2015-06-29,7198.37
2015-06-30,7275.63
2015-07-01,7333.35
2015-07-02,7332.02
2015-07-03,7358.09
2015-07-06,7411.05
2015-07-07,7423.58
2015-07-08,7322.49
2015-07-09,7285.8
2015-07-10,7292.12
2015-07-13,7390.8
2015-07-14,7410.53
2015-07-15,7471.57
2015-07-16,7524.67
2015-07-17,7539.57
2015-07-20,7558.57
2015-07-21,7437.36
2015-07-22,7532.37
2015-07-23,7516.35
2015-07-24,7464.34
2015-07-27,7386.66
2015-07-28,7367.64
2015-07-29,7383.01
2015-07-30,7446.89
2015-07-31,7541.9
2015-08-03,7545.01
2015-08-04,7563.54
2015-08-05,7639.87
2015-08-06,7645.95
2015-08-07,7605.17
2015-08-10,7586.09
2015-08-11,7557.24
2015-08-12,7473.69
2015-08-13,7481.09
2015-08-14,7591.79
2015-08-17,7569.96
2015-08-18,7574.43
2015-08-19,7622.62
2015-08-20,7557.29
2015-08-21,7508.45
2015-08-24,7061.17
2015-08-25,7097.88
2015-08-26,7072.08
2015-08-27,7193.35
2015-08-28,7224.91
2015-08-31,7241.97
2015-09-01,7111.93
2015-09-02,7066.21
2015-09-03,7149.17
2015-09-04,7005.28
2015-09-07,6920.91
2015-09-08,6976.55
2015-09-09,7074.42
2015-09-10,7054.81
2015-09-11,7053.69
2015-09-14,7132.5
2015-09-15,7128.2
2015-09-16,7175.83
2015-09-18,7222.37
2015-09-21,7218.17
2015-09-22,7106.72
2015-09-23,7108.55
2015-09-24,7165.47
2015-09-28,7146.12
2015-09-29,7161.15
2015-09-30,7263.07
2015-10-01,7277.64
2015-10-05,7371.98
2015-10-06,7404.11
2015-10-07,7442.39
2015-10-08,7399.98
2015-10-09,7401.78
2015-10-12,7374.17
2015-10-13,7388.77
2015-10-14,7360.11
2015-10-15,7393.52
2015-10-16,7432.95
2015-10-19,7477.32
2015-10-20,7466.11
2015-10-21,7465.11
2015-10-23,7495.43
2015-10-26,7469.78
2015-10-27,7460.9
2015-10-28,7446.93
2015-10-29,7406.65
2015-10-30,7380.71
2015-11-02,7377.87
2015-11-03,7414.55
2015-11-04,7387.99
2015-11-05,7336.24
2015-11-06,7296.92
2015-11-09,7280.03
2015-11-10,7198.4
2015-11-11,7225.97
2015-11-13,7173.44
2015-11-16,7208.23
2015-11-17,7238.12
2015-11-18,7203.15
2015-11-19,7291.39
2015-11-20,7348.12
2015-11-23,7369.15
2015-11-24,7349.32
2015-11-26,7373.48
2015-11-27,7395.95
2015-11-30,7378.23
2015-12-01,7437.07
2015-12-02,7457.62
2015-12-03,7389.9
2015-12-04,7319.11
2015-12-07,7334.23
2015-12-08,7256.15
2015-12-09,7159.67
2015-12-10,7231.41
2015-12-11,7179.91
2015-12-14,7226.52
2015-12-15,7270.2
2015-12-16,7287.39
2015-12-17,7369.98
2015-12-18,7321.12
2015-12-21,7382.22
2015-12-22,7345.68
2015-12-23,7394.86
2015-12-24,7392.98
2015-12-28,7437.18
2015-12-29,7448.34
2015-12-30,7423.46
2015-12-31,7471.55
2016-01-01,7485.8
2016-01-04,7386.03
2016-01-05,7378.57
2016-01-06,7347.95
2016-01-07,7191.23
2016-01-08,7213.75
2016-01-11,7163.59
2016-01-12,7135.64
2016-01-13,7141.28
2016-01-14,7129.62
2016-01-15,7027.53
2016-01-18,6957.34
2016-01-19,6979.05
2016-01-20,6891.15
2016-01-21,6839.97
2016-01-22,6974.68
2016-01-25,6975.25
2016-01-27,6992.78
2016-01-28,7002.87
2016-01-29,7141.41
2016-02-01,7132.77
2016-02-02,7055.76
2016-02-03,6976.78
2016-02-04,6980.73
2016-02-05,7056.87
2016-02-08,6991.56
2016-02-09,6921.76
2016-02-10,6866.71
2016-02-11,6676.26
2016-02-12,6683.71
2016-02-15,6809.25
2016-02-16,6726.3
2016-02-17,6754.31
2016-02-18,6825.36
2016-02-19,6866.5
2016-02-22,6898.22
2016-02-23,6768.98
2016-02-24,6685.58
2016-02-25,6627.84
2016-02-26,6654.48
2016-02-29,6627.22
2016-03-01,6810.28
2016-03-02,6905.39
2016-03-03,6977.6
2016-03-04,7008.55
2016-03-08,7014.14
2016-03-09,7050.91
2016-03-10,7026.07
2016-03-11,7036.18
2016-03-14,7076.04
2016-03-15,6990.13
2016-03-16,7014.07
2016-03-17,7037.86
2016-03-18,7122.39
2016-03-21,7198.83
2016-03-22,7200.57
2016-03-23,7193.8
2016-03-28,7144.05
2016-03-29,7112.91
2016-03-30,7219.32
2016-03-31,7236.83
2016-04-01,7215.96
2016-04-04,7243.8
2016-04-05,7132.04
2016-04-06,7156.95
2016-04-07,7121.24
2016-04-08,7150.67
2016-04-11,7234.67
2016-04-12,7280.26
2016-04-13,7420.01
2016-04-18,7453.34
2016-04-20,7455.19
2016-04-21,7411.12
2016-04-22,7406.27
2016-04-25,7357.57
2016-04-26,7426.14
2016-04-27,7442.25
2016-04-28,7341.98
2016-04-29,7357.84
2016-05-02,7365.84
2016-05-03,7311.0
2016-05-04,7291.17
2016-05-05,7308.41
2016-05-06,7321.29
2016-05-09,7407.61
2016-05-10,7433.36
2016-05-11,7421.73
2016-05-12,7462.61
2016-05-13,7404.69
2016-05-16,7425.16
2016-05-17,7455.49
2016-05-18,7426.18
2016-05-19,7366.57
2016-05-20,7313.47
2016-05-23,7309.41
2016-05-24,7337.96
2016-05-25,7481.58
2016-05-26,7549.91
2016-05-27,7619.47
2016-05-30,7663.9
2016-05-31,7645.07
2016-06-01,7686.86
2016-06-02,7725.55
2016-06-03,7738.78
2016-06-06,7704.25
2016-06-07,7762.59
2016-06-08,7773.68
2016-06-09,7721.77
2016-06-10,7708.0
2016-06-13,7679.03
2016-06-14,7675.64
2016-06-15,7774.13
2016-06-16,7736.33
2016-06-17,7770.92
2016-06-20,7810.41
2016-06-21,7793.15
2016-06-22,7787.75
2016-06-23,7805.74
2016-06-24,7723.75
2016-06-27,7743.83
2016-06-28,7795.68
2016-06-29,7870.31
2016-06-30,7958.86
2016-07-01,7984.98
2016-07-04,7980.51
2016-07-05,7950.83
2016-07-07,7987.85
2016-07-08,8002.93
2016-07-11,8109.47
2016-07-12,8120.18
2016-07-13,8094.57
2016-07-14,8138.21
2016-07-15,8145.06
2016-07-18,8131.29
2016-07-19,8135.27
2016-07-20,8206.59
2016-07-21,8214.45
2016-07-22,8221.98
2016-07-25,8277.85
2016-07-26,8224.3
2016-07-27,8216.5
2016-07-28,8297.33
2016-07-29,8294.71
2016-08-01,8330.41
2016-08-02,8335.19
2016-08-03,8258.69
2016-08-04,8255.74
2016-08-05,8398.71
2016-08-08,8452.61
2016-08-09,8394.65
2016-08-10,8257.08
2016-08-11,8275.53
2016-08-12,8314.71
2016-08-16,8315.21
2016-08-17,8318.05
2016-08-18,8374.94
2016-08-19,8354.87
2016-08-22,8310.09
2016-08-23,8296.21
2016-08-24,8319.49
2016-08-25,8268.16
2016-08-26,8248.2
2016-08-29,8224.25
2016-08-30,8386.55
2016-08-31,8408.57
2016-09-01,8406.01
2016-09-02,8426.91
2016-09-06,8521.87
2016-09-07,8473.33
2016-09-08,8530.63
2016-09-09,8438.54
2016-09-12,8313.77
2016-09-14,8337.75
2016-09-15,8348.36
2016-09-16,8400.58
2016-09-19,8429.52
2016-09-20,8389.36
2016-09-21,8385.15
2016-09-22,8444.13
2016-09-23,8422.69
2016-09-26,8342.94
2016-09-27,8349.67
2016-09-28,8353.61
2016-09-29,8199.0
2016-09-30,8215.74
2016-10-03,8352.57
2016-10-04,8374.39
2016-10-05,8357.69
2016-10-06,8335.47
2016-10-07,8312.06
2016-10-10,8338.93
2016-10-13,8242.27
2016-10-14,8229.36
2016-10-17,8126.72
2016-10-18,8228.66
2016-10-19,8238.41
2016-10-20,8238.59
2016-10-21,8244.29
2016-10-24,8235.32
2016-10-25,8216.68
2016-10-26,8198.53
2016-10-27,8152.27
2016-10-28,8216.41
2016-10-30,8222.38
2016-11-01,8220.78
2016-11-02,8151.21
2016-11-03,8121.55
2016-11-04,8095.92
2016-11-07,8132.77
2016-11-08,8155.91
2016-11-09,8014.49
2016-11-10,8050.33
2016-11-11,7828.1
2016-11-15,7599.73
2016-11-16,7621.25
2016-11-17,7587.21
2016-11-18,7626.17
2016-11-21,7493.01
2016-11-22,7578.14
2016-11-23,7613.33
2016-11-24,7594.9
2016-11-25,7709.39
2016-11-28,7739.22
2016-11-29,7771.56
2016-11-30,7846.12
2016-12-01,7806.24
2016-12-02,7728.35
2016-12-05,7779.06
2016-12-06,7775.42
2016-12-07,7753.83
2016-12-08,7870.22
2016-12-09,7857.64
2016-12-12,7755.39
2016-12-13,7779.27
2016-12-14,7721.5
2016-12-15,7693.78
2016-12-16,7678.79
2016-12-19,7646.97
2016-12-20,7634.83
2016-12-21,7637.27
2016-12-22,7568.22
2016-12-23,7536.49
2016-12-26,7442.02
2016-12-27,7539.52
2016-12-28,7565.83
2016-12-29,7639.86
2016-12-30,7704.89
2017-01-02,7730.35
2017-01-03,7734.21
2017-01-04,7724.35
2017-01-05,7792.57
2017-01-06,7759.28
2017-01-09,7738.92
2017-01-10,7777.29
2017-01-11,7866.24
2017-01-12,7901.67
2017-01-13,7886.52
2017-01-16,7907.71
2017-01-17,7903.67
2017-01-18,7922.01
2017-01-19,7910.54
2017-01-20,7854.08
2017-01-23,7899.64
2017-01-24,8005.26
2017-01-25,8126.26
2017-01-27,8135.94
2017-01-30,8127.27
2017-01-31,8053.18
2017-02-01,8177.4
2017-02-02,8195.89
2017-02-03,8219.16
2017-02-06,8265.49
2017-02-07,8221.28
2017-02-08,8236.74
2017-02-09,8260.77
2017-02-10,8284.71
2017-02-13,8298.63
2017-02-14,8269.74
2017-02-15,8237.45
2017-02-16,8291.82
2017-02-17,8311.13
2017-02-20,8368.83
2017-02-21,8394.24
2017-02-22,8392.5
2017-02-23,8385.96
2017-02-27,8359.42
2017-02-28,8343.11
2017-03-01,8390.29
2017-03-02,8357.72
2017-03-03,8361.99
2017-03-06,8412.25
2017-03-07,8406.59
2017-03-08,8410.54
2017-03-09,8425.54
2017-03-10,8437.2
2017-03-14,8570.76
2017-03-15,8565.92
2017-03-16,8630.66
2017-03-17,8624.84
2017-03-20,8621.02
2017-03-21,8597.92
2017-03-22,8532.21
2017-03-23,8576.64
2017-03-24,8571.27
2017-03-27,8524.45
2017-03-28,8554.51
2017-03-29,8560.79
2017-03-30,8591.76
2017-03-31,8615.6
2017-04-03,8627.86
2017-04-05,8666.79
2017-04-06,8693.54
2017-04-07,8636.23
2017-04-10,8617.46
2017-04-11,8653.76
2017-04-12,8629.87
2017-04-13,8602.57
2017-04-17,8576.53
2017-04-18,8542.87
2017-04-19,8561.89
2017-04-20,8617.87
2017-04-21,8606.17
2017-04-24,8693.41
2017-04-25,8773.96
2017-04-26,8788.2
2017-04-27,8778.48
2017-04-28,8748.65
2017-05-02,8757.73
2017-05-03,8795.44
2017-05-04,8822.62
2017-05-05,8766.08
2017-05-08,8800.36
2017-05-09,8796.24
2017-05-10,8869.51
2017-05-11,8884.32
2017-05-12,8884.63
2017-05-15,8914.39
2017-05-16,8981.71
2017-05-17,8961.3
2017-05-18,8881.78
2017-05-19,8859.04
2017-05-22,8824.91
2017-05-23,8777.0
2017-05-24,8713.25
2017-05-25,8826.14
2017-05-26,8891.35
2017-05-29,8931.18
2017-05-30,8950.67
2017-05-31,8957.29
2017-06-01,8998.42
2017-06-02,9055.03
2017-06-05,9072.02
2017-06-06,9051.79
2017-06-07,9083.95
2017-06-08,9062.93
2017-06-09,9075.85
2017-06-12,9055.1
2017-06-13,9057.26
2017-06-14,9047.41
2017-06-15,9035.36
2017-06-16,9049.46
2017-06-19,9087.88
2017-06-20,9069.2
2017-06-21,9064.83
2017-06-22,9050.59
2017-06-23,9004.44
2017-06-27,8922.78
2017-06-28,8907.59
2017-06-29,8911.1
2017-06-30,8925.34
2017-07-03,8999.54
2017-07-04,8986.85
2017-07-05,9012.2
2017-07-06,9035.66
2017-07-07,9021.73
2017-07-10,9119.85
2017-07-11,9125.38
2017-07-12,9158.54
2017-07-13,9201.3
2017-07-14,9208.1
2017-07-17,9246.33
2017-07-18,9220.53
2017-07-19,9263.15
2017-07-20,9215.68
2017-07-21,9272.04
2017-07-24,9322.06
2017-07-25,9295.6
2017-07-26,9322.27
2017-07-27,9319.26
2017-07-28,9319.14
2017-07-31,9370.08
2017-08-01,9407.27
2017-08-02,9403.61
2017-08-03,9396.29
2017-08-04,9456.26
2017-08-07,9452.06
2017-08-08,9398.18
2017-08-09,9344.98
2017-08-10,9277.0
2017-08-11,9198.91
2017-08-14,9283.2
2017-08-16,9371.65
2017-08-17,9353.58
2017-08-18,9328.57
2017-08-21,9253.36
2017-08-22,9242.65
2017-08-23,9281.6
2017-08-24,9283.0
2017-08-28,9348.23
2017-08-29,9264.39
2017-08-30,9323.13
2017-08-31,9368.85
2017-09-01,9417.88
2017-09-04,9381.4
2017-09-05,9427.89
2017-09-06,9409.05
2017-09-07,9436.74
2017-09-08,9436.9
2017-09-11,9522.51
2017-09-12,9568.33
2017-09-13,9539.34
2017-09-14,9511.02
2017-09-15,9529.92
2017-09-18,9612.73
2017-09-19,9620.42
2017-09-20,9579.25
2017-09-21,9561.02
2017-09-22,9454.99
2017-09-25,9382.1
2017-09-26,9366.28
2017-09-27,9267.1
2017-09-28,9319.86
2017-09-29,9335.38
2017-10-03,9382.23
2017-10-04,9427.28
2017-10-05,9427.34
2017-10-06,9489.37
2017-10-09,9491.77
2017-10-10,9529.43
2017-10-11,9518.59
2017-10-12,9616.02
2017-10-13,9666.04
2017-10-16,9709.24
2017-10-17,9710.21
2017-10-18,9715.9
2017-10-19,9651.33
2017-10-23,9687.26
2017-10-24,9695.1
2017-10-25,9677.38
2017-10-26,9708.07
2017-10-27,9708.05
2017-10-30,9736.94
2017-10-31,9717.77
2017-11-01,9755.53
2017-11-02,9721.91
2017-11-03,9712.62
2017-11-06,9728.68
2017-11-07,9697.38
2017-11-08,9706.73
2017-11-09,9733.57
2017-11-10,9728.38
2017-11-13,9663.96
2017-11-14,9648.66
2017-11-15,9596.44
2017-11-16,9645.08
2017-11-17,9659.95
2017-11-20,9682.58
2017-11-21,9697.77
2017-11-22,9708.22
2017-11-23,9711.76
2017-11-24,9760.38
2017-11-27,9766.32
2017-11-28,9783.98
2017-11-29,9789.45
2017-11-30,9698.16
2017-12-01,9622.92
2017-12-04,9617.39
2017-12-05,9572.04
2017-12-06,9536.14
2017-12-07,9637.87
2017-12-08,9741.82
2017-12-11,9805.8
2017-12-12,9726.14
2017-12-13,9695.86
2017-12-14,9735.43
2017-12-15,9783.36
2017-12-18,9836.79
2017-12-19,9917.9
2017-12-20,9908.82
2017-12-21,9930.97
2017-12-22,9969.42
2017-12-26,9997.73
2017-12-27,9970.11
2017-12-28,9956.26
2017-12-29,10038.78
2018-01-01,9962.0
2018-01-02,9980.84
2018-01-03,10000.98
2018-01-04,10039.46
2018-01-05,10088.52
2018-01-08,10150.75
2018-01-09,10162.75
2018-01-10,10189.9
2018-01-11,10193.37
2018-01-12,10194.94
2018-01-15,10204.44
2018-01-16,10200.56
2018-01-17,10221.66
2018-01-18,10232.05
2018-01-19,10255.63
2018-01-22,10309.77
2018-01-23,10373.51
2018-01-24,10382.49
2018-01-25,10352.51
2018-01-29,10433.15
2018-01-30,10357.33
2018-01-31,10324.02
2018-02-01,10357.96
2018-02-02,10156.4
2018-02-05,10108.21
2018-02-06,9943.13
2018-02-07,9920.41
2018-02-08,10034.73
2018-02-09,9963.71
2018-02-12,10041.84
2018-02-14,10020.13
2018-02-15,10030.15
2018-02-16,9986.05
2018-02-19,9907.7
2018-02-20,9915.56
2018-02-21,9948.2
2018-02-22,9901.18
2018-02-23,9976.69
2018-02-26,10027.94
2018-02-27,10013.91
2018-02-28,9984.64
2018-03-01,9989.21
2018-03-05,9925.13
2018-03-06,9847.04
2018-03-07,9805.42
2018-03-08,9840.94
2018-03-09,9845.49
2018-03-12,9982.55
2018-03-13,9959.4
2018-03-14,9966.39
2018-03-15,9952.6
2018-03-16,9841.86
2018-03-19,9755.34
2018-03-20,9775.49
2018-03-21,9804.47
2018-03-22,9760.29
2018-03-23,9730.32
2018-03-26,9785.26
2018-03-27,9825.83
2018-03-28,9827.7
2018-04-02,10009.61
2018-04-03,10044.56
2018-04-04,9952.57
2018-04-05,10073.84
2018-04-06,10072.16
2018-04-09,10104.92
2018-04-10,10086.99
2018-04-11,10136.75
2018-04-12,10193.55
2018-04-13,10215.35
2018-04-16,10311.07
2018-04-17,10334.35
2018-04-18,10338.03
2018-04-19,10386.47
2018-04-20,10462.7
2018-04-23,10514.17
2018-04-24,10490.41
2018-04-25,10496.24
2018-04-26,10534.96
2018-04-27,10519.24
2018-04-30,10606.24
2018-05-02,10553.87
2018-05-03,10491.14
2018-05-04,10417.54
2018-05-07,10487.5
2018-05-08,10461.37
2018-05-09,10461.17
2018-05-10,10422.71
2018-05-11,10484.26
2018-05-14,10499.61
2018-05-15,10499.78
2018-05-16,10494.85
2018-05-17,10452.61
2018-05-18,10411.0
2018-05-21,10332.66
2018-05-22,10356.04
2018-05-23,10283.89
2018-05-24,10324.67
2018-05-25,10411.59
2018-05-28,10435.6
2018-05-29,10428.33
2018-05-30,10436.27
2018-05-31,10555.53
2018-06-01,10495.04
2018-06-04,10431.58
2018-06-05,10372.02
2018-06-06,10455.62
2018-06-07,10524.15
2018-06-08,10498.71
2018-06-11,10512.86
2018-06-12,10562.31
2018-06-13,10595.64
2018-06-14,10578.45
2018-06-15,10595.17
2018-06-18,10551.46
2018-06-19,10447.78
2018-06-20,10479.42
2018-06-21,10417.28
2018-06-22,10479.67
2018-06-25,10453.63
2018-06-26,10494.43
2018-06-27,10440.97
2018-06-28,10359.37
2018-06-29,10478.68
2018-07-02,10417.42
2018-07-03,10465.15
2018-07-04,10528.85
2018-07-05,10580.41
2018-07-06,10577.91
2018-07-09,10663.58
2018-07-10,10744.1
2018-07-11,10745.42
2018-07-12,10771.43
2018-07-13,10777.68
2018-07-16,10721.84
2018-07-17,10743.61
2018-07-18,10712.92
2018-07-19,10678.36
2018-07-20,10665.69
2018-07-23,10699.35
2018-07-24,10777.24
2018-07-25,10749.11
2018-07-26,10757.27
2018-07-27,10828.72
2018-07-30,10844.64
2018-07-31,10950.72
2018-08-01,10958.43
2018-08-02,10893.9
2018-08-03,10962.15
2018-08-06,10950.53
2018-08-07,10975.71
2018-08-08,11003.9
2018-08-09,11009.62
2018-08-10,11004.13
2018-08-13,10991.3
2018-08-14,11067.94
2018-08-16,11023.09
2018-08-17,11097.31
2018-08-20,11152.56
2018-08-21,11206.22
2018-08-23,11274.04
2018-08-24,11230.55
2018-08-27,11335.13
2018-08-28,11369.66
2018-08-29,11318.15
2018-08-30,11347.38
2018-08-31,11421.88
2018-09-03,11306.34
2018-09-04,11162.96
2018-09-05,11135.33
2018-09-06,11221.22
2018-09-07,11320.88
2018-09-10,11158.46
2018-09-11,11029.42
2018-09-12,11123.01
2018-09-14,11261.49
2018-09-17,11176.56
2018-09-18,11110.38
2018-09-19,11065.0
2018-09-21,10989.6
2018-09-24,10818.87
2018-09-25,10927.55
2018-09-26,10842.1
2018-09-27,10816.44
2018-09-28,10741.28
2018-10-01,10829.92
2018-10-03,10660.86
2018-10-04,10456.41
2018-10-05,10303.16
2018-10-08,10288.68
2018-10-09,10234.55
2018-10-10,10333.1
2018-10-11,10156.4
2018-10-12,10388.31
2018-10-15,10387.66
2018-10-16,10454.19
2018-10-17,10373.87
2018-10-19,10246.5
2018-10-22,10179.32
2018-10-23,10059.78
2018-10-24,10105.62
2018-10-25,10082.98
2018-10-26,9998.21
2018-10-29,10100.93
2018-10-30,10057.4
2018-10-31,10213.49
2018-11-01,10157.06
2018-11-02,10280.42
2018-11-05,10253.13
2018-11-06,10229.54
2018-11-07,10308.16
2018-11-09,10370.67
2018-11-12,10279.91
2018-11-13,10360.8
2018-11-14,10368.06
2018-11-15,10399.13
2018-11-16,10477.71
2018-11-19,10549.87
2018-11-20,10439.51
2018-11-21,10385.95
2018-11-22,10321.23
2018-11-26,10460.01
2018-11-27,10493.8
2018-11-28,10528.44
2018-11-29,10623.16
2018-11-30,10673.52
2018-12-03,10732.09
2018-12-04,10723.09
2018-12-05,10657.78
2018-12-06,10468.15
2018-12-07,10560.84
2018-12-10,10378.48
2018-12-11,10475.17
2018-12-12,10687.45
2018-12-13,10774.82
2018-12-14,10795.9
2018-12-17,10855.45
2018-12-18,10877.42
2018-12-19,10955.71
2018-12-20,10930.25
2018-12-21,10759.85
2018-12-24,10638.18
2018-12-26,10653.81
2018-12-27,10710.56
2018-12-28,10756.96
2018-12-31,10779.74
2019-01-01,10765.28
2019-01-02,10658.96
2019-01-03,10570.1
2019-01-04,10586.48
2019-01-07,10629.09
2019-01-08,10609.06
2019-01-09,10635.53
2019-01-10,10624.03
2019-01-11,10599.98
2019-01-14,10542.81
2019-01-15,10679.67
2019-01-16,10672.04
2019-01-17,10686.8
2019-01-18,10693.24
2019-01-21,10698.84
2019-01-22,10683.26
2019-01-23,10615.85
2019-01-24,10616.88
2019-01-25,10505.54
2019-01-28,10427.56
2019-01-29,10437.17
2019-01-30,10440.71
2019-01-31,10598.57
2019-02-01,10744.21
2019-02-04,10713.52
2019-02-05,10719.71
2019-02-06,10855.75
2019-02-07,10898.75
2019-02-08,10773.31
2019-02-11,10746.35
2019-02-12,10703.91
2019-02-13,10652.64
2019-02-14,10573.05
2019-02-15,10559.28
2019-02-18,10479.94
2019-02-19,10396.43
2019-02-20,10510.06
2019-02-21,10539.09
2019-02-22,10559.15
2019-02-25,10656.05
2019-02-26,10654.86
2019-02-27,10651.05
2019-02-28,10632.65
2019-03-01,10698.37
2019-03-05,10777.19
2019-03-06,10807.65
2019-03-07,10766.39
2019-03-08,10761.67
2019-03-11,10889.68
2019-03-12,10953.09
2019-03-13,10940.26
2019-03-14,10941.19
2019-03-15,10989.93
2019-03-18,11007.43
2019-03-19,11053.35
2019-03-20,11011.99
2019-03-22,10988.67
2019-03-25,10921.64
2019-03-26,11019.18
2019-03-27,10973.37
2019-03-28,11020.07
2019-03-29,11067.87
2019-04-01,11085.04
2019-04-02,11109.78
2019-04-03,11098.39
2019-04-04,11089.14
2019-04-05,11120.88
2019-04-08,11108.76
2019-04-09,11164.14
2019-04-10,11118.41
2019-04-11,11133.28
2019-04-12,11193.61
2019-04-15,11291.53
2019-04-16,11349.59
2019-04-18,11300.06
2019-04-22,11210.06
2019-04-23,11156.42
2019-04-24,11240.48
2019-04-25,11203.07
2019-04-26,11257.6
2019-04-30,11235.17
2019-05-02,11174.15
2019-05-03,11130.51
2019-05-06,11049.42
2019-05-07,11008.4
2019-05-08,10895.89
2019-05-09,10852.44
2019-05-10,10792.63
2019-05-13,10708.04
2019-05-14,10704.45
2019-05-15,10644.84
2019-05-16,10691.62
2019-05-17,10828.98
2019-05-20,11145.75
2019-05-21,11020.57
2019-05-22,11038.15
2019-05-23,11027.13
2019-05-24,11156.1
2019-05-27,11210.91
2019-05-28,11244.46
2019-05-29,11206.59
2019-05-30,11249.22
2019-05-31,11255.95
2019-06-03,11441.19
2019-06-04,11350.3
2019-06-06,11260.44
2019-06-07,11243.11
2019-06-10,11304.84
2019-06-11,11331.11
2019-06-12,11275.66
2019-06-13,11258.09
2019-06-14,11148.13
2019-06-17,11041.04
2019-06-18,11053.77
2019-06-19,11024.57
2019-06-20,11130.24
2019-06-21,11035.06
2019-06-24,11018.25
2019-06-25,11079.62
2019-06-26,11101.99
2019-06-27,11082.32
2019-06-28,11039.29
2019-07-01,11081.6
2019-07-02,11133.75
2019-07-03,11142.31
2019-07-04,11182.64
2019-07-05,11030.57
2019-07-08,10815.37
2019-07-09,10802.09
2019-07-10,10772.0
2019-07-11,10874.59
2019-07-12,10862.59
2019-07-15,10906.14
2019-07-16,10961.95
2019-07-17,11002.94
2019-07-18,10926.49
2019-07-19,10755.02
2019-07-22,10724.86
2019-07-23,10747.62
2019-07-24,10692.3
2019-07-25,10719.67
2019-07-26,10764.12
2019-07-29,10653.86
2019-07-30,10569.64
2019-07-31,10662.87
2019-08-01,10588.66
2019-08-02,10630.21
2019-08-05,10569.13
2019-08-06,10648.68
2019-08-07,10621.32
2019-08-08,10779.78
2019-08-09,10828.04
2019-08-13,10613.43
2019-08-14,10666.39
2019-08-16,10719.63
2019-08-19,10701.02
2019-08-20,10684.4
2019-08-21,10616.54
2019-08-22,10532.68
2019-08-23,10600.94
2019-08-26,10754.65
2019-08-27,10824.99
2019-08-28,10775.9
2019-08-29,10737.76
2019-08-30,10820.03
2019-09-03,10643.36
2019-09-04,10622.1
2019-09-05,10661.5
2019-09-06,10760.43
2019-09-09,10794.59
2019-09-11,10806.64
2019-09-12,10740.18
2019-09-13,10818.02
2019-09-16,10799.67
2019-09-17,10613.5
2019-09-18,10629.82
2019-09-19,10545.29
2019-09-20,11079.21
2019-09-23,11285.25
2019-09-24,11281.93
2019-09-25,11161.03
2019-09-26,11263.68
2019-09-27,11221.52
2019-09-30,11209.93
2019-10-01,11089.74
2019-10-03,11040.7
2019-10-04,10912.3
2019-10-07,10864.0
2019-10-09,10996.22
2019-10-10,10960.37
2019-10-11,11051.94
2019-10-14,11116.8
2019-10-15,11230.82
2019-10-16,11242.65
2019-10-17,11336.54
2019-10-18,11432.1
2019-10-22,11406.45
2019-10-23,11453.86
2019-10-24,11430.35
2019-10-25,11398.2
2019-10-27,11430.84
2019-10-29,11554.09
2019-10-30,11587.65
2019-10-31,11606.84
2019-11-01,11582.12
2019-11-04,11596.36
2019-11-05,11579.12
2019-11-06,11595.98
2019-11-07,11632.34
2019-11-08,11504.12
2019-11-11,11455.25
2019-11-13,11413.26
2019-11-14,11401.25
2019-11-15,11381.09
2019-11-18,11315.9
2019-11-19,11313.36
2019-11-20,11365.87
2019-11-21,11329.0
2019-11-22,11279.19
2019-11-25,11384.4
2019-11-26,11317.55
2019-11-27,11384.04
2019-11-28,11389.91
2019-11-29,11307.42
2019-12-02,11286.57
2019-12-03,11249.32
2019-12-04,11263.37
2019-12-05,11250.57
2019-12-06,11165.88
2019-12-09,11151.32
2019-12-10,11049.14
2019-12-11,11076.1
2019-12-12,11121.22
2019-12-13,11214.76
2019-12-16,11168.74
2019-12-17,11254.79
2019-12-18,11333.01
2019-12-19,11363.09
2019-12-20,11376.64
2019-12-23,11379.78
2019-12-24,11359.7
2019-12-26,11307.35
2019-12-27,11376.94
2019-12-30,11414.59
2019-12-31,11342.1
2020-01-01,11386.56
2020-01-02,11427.0
2020-01-03,11379.48
2020-01-06,11231.49
2020-01-07,11291.11
2020-01-08,11262.2
2020-01-09,11360.59
2020-01-10,11434.34
2020-01-13,11542.51
2020-01-14,11630.32
2020-01-15,11643.64
2020-01-16,11649.97
2020-01-17,11665.73
2020-01-20,11575.31
2020-01-21,11491.81
2020-01-22,11435.46
2020-01-23,11498.81
2020-01-24,11592.06
2020-01-27,11518.3
2020-01-28,11460.05
2020-01-29,11556.68
2020-01-30,11442.14
2020-01-31,11327.92
2020-02-01,11109.27
2020-02-03,11252.88
2020-02-04,11420.18
2020-02-05,11426.79
2020-02-06,11432.43
2020-02-07,11453.69
2020-02-10,11343.62
2020-02-11,11384.93
2020-02-12,11480.59
2020-02-13,11458.69
2020-02-14,11387.11
2020-02-17,11319.81
2020-02-18,11302.15
2020-02-19,11419.74
2020-02-20,11340.71
2020-02-24,11160.13
2020-02-25,11133.49
2020-02-26,11034.38
2020-02-27,11004.3
2020-02-28,10614.77
2020-03-02,10588.2
2020-03-03,10808.7
2020-03-04,10878.66
2020-03-05,10920.22
2020-03-06,10745.43
2020-03-09,10330.4
2020-03-11,10372.69
2020-03-12,9643.44
2020-03-13,9756.39
2020-03-16,9181.06
2020-03-17,9131.4
2020-03-18,8681.39
2020-03-19,8480.14
2020-03-20,9028.22
2020-03-23,8092.23
2020-03-24,8260.45
2020-03-25,8568.55
2020-03-26,8875.12
2020-03-27,8878.28
2020-03-30,8725.81
2020-03-31,9075.04
2020-04-01,8744.22
2020-04-03,8626.99
2020-04-07,9318.53
2020-04-08,9345.57
2020-04-09,9674.29
2020-04-13,9606.62
2020-04-15,9742.86
2020-04-16,9764.06
2020-04-17,9833.77
2020-04-20,9798.07
2020-04-21,9635.83
2020-04-22,9871.32
2020-04-23,9899.31
2020-04-24,9814.74
2020-04-27,9939.92
2020-04-28,9881.16
2020-04-29,9937.28
2020-04-30,10223.72
2020-05-04,9774.66
2020-05-05,9683.69
2020-05-06,9728.3
2020-05-07,9583.14
2020-05-08,9651.86
2020-05-11,9699.16
2020-05-12,9676.62
2020-05-13,9795.8
2020-05-14,9678.24
2020-05-15,9660.64
2020-05-18,9441.7
2020-05-19,9500.39
2020-05-20,9651.99
2020-05-21,9739.82
2020-05-22,9772.52
2020-05-26,9796.88
2020-05-27,9932.99
2020-05-28,10104.96
2020-05-29,10322.19
2020-06-01,10461.99
2020-06-02,10502.4
2020-06-03,10564.93
2020-06-04,10574.79
2020-06-05,10615.76
2020-06-08,10602.1
2020-06-09,10541.08
2020-06-10,10528.51
2020-06-11,10391.61
2020-06-12,10433.13
2020-06-15,10323.45
2020-06-16,10336.45
2020-06-17,10297.22
2020-06-18,10400.02
2020-06-19,10464.28
2020-06-22,10566.7
2020-06-23,10764.3
2020-06-24,10654.16
2020-06-25,10653.48
2020-06-26,10727.83
2020-06-29,10665.64
2020-06-30,10708.49
2020-07-01,10680.31
2020-07-02,10833.78
2020-07-03,10884.44
2020-07-06,10969.59
2020-07-07,10998.79
2020-07-08,10916.69
2020-07-09,10948.84
2020-07-10,10934.93
2020-07-13,11042.07
2020-07-14,10881.93
2020-07-15,11009.01
2020-07-16,11128.86
2020-07-17,11232.43
2020-07-20,11364.2
2020-07-21,11390.04
2020-07-22,11323.33
2020-07-23,11382.33
2020-07-24,11366.62
2020-07-27,11362.29
2020-07-28,11559.17
2020-07-29,11561.18
2020-07-30,11529.54
2020-07-31,11550.15
2020-08-03,11429.59
2020-08-04,11494.21
2020-08-05,11479.85
2020-08-06,11562.09
2020-08-07,11597.85
2020-08-10,11701.83
2020-08-11,11687.1
2020-08-12,11695.77
2020-08-13,11716.67
2020-08-14,11627.94
2020-08-17,11795.3
2020-08-18,11871.5
2020-08-19,11843.48
2020-08-20,11830.08
2020-08-21,11936.22
2020-08-24,11930.53
2020-08-25,11896.3
2020-08-26,11945.94
2020-08-27,11939.22
2020-08-28,11887.18
2020-08-31,11586.99
2020-09-01,11677.72
2020-09-02,11744.62
2020-09-03,11801.74
2020-09-04,11616.26
2020-09-07,11647.53
2020-09-08,11604.7
2020-09-09,11617.69
2020-09-10,11717.28
2020-09-11,11762.36
2020-09-14,11852.26
2020-09-15,11900.56
2020-09-16,12000.98
2020-09-17,11954.4
2020-09-18,12073.75
2020-09-21,11820.66
2020-09-22,11750.11
2020-09-23,11719.84
2020-09-24,11441.72
2020-09-25,11709.98
2020-09-28,11882.59
2020-09-29,11822.29
2020-09-30,11914.88
2020-10-01,12021.91
2020-10-05,12118.07
2020-10-06,12184.93
2020-10-07,12249.53
2020-10-08,12374.31
2020-10-09,12384.16
2020-10-12,12398.24
2020-10-13,12403.8
2020-10-14,12341.95
2020-10-15,12154.55
2020-10-16,12212.31
2020-10-19,12306.25
2020-10-20,12345.41
2020-10-21,12321.07
2020-10-22,12297.54
2020-10-23,12378.52
2020-10-26,12235.67
2020-10-27,12489.25
2020-10-28,12362.97
2020-10-29,12353.19
2020-10-30,12309.81
2020-11-02,12303.03
2020-11-03,12371.14
2020-11-04,12442.14
2020-11-05,12631.03
2020-11-06,12688.56
2020-11-09,12788.89
2020-11-10,12715.74
2020-11-11,12890.7
2020-11-12,12875.06
2020-11-13,12873.06
2020-11-14,12909.53
2020-11-17,12920.38
2020-11-18,12916.99
2020-11-19,12878.92
2020-11-20,12993.99
2020-11-23,13135.71
2020-11-24,13224.38
2020-11-25,13022.29
2020-11-26,13132.4
2020-11-27,13136.72
2020-12-01,13234.84
2020-12-02,13303.15
2020-12-03,13362.38
2020-12-04,13444.15
2020-12-07,13528.6
2020-12-08,13547.34
2020-12-09,13624.52
2020-12-10,13654.53
2020-12-11,13691.42
2020-12-14,13775.75
2020-12-15,13765.63
2020-12-16,13868.36
2020-12-17,13887.38
2020-12-18,13963.77
2020-12-21,13532.9
2020-12-22,13718.44
2020-12-23,13875.38
2020-12-24,13939.9
2020-12-28,14043.27
2020-12-29,14045.94
2020-12-30,14126.72
2020-12-31,14099.45
2021-01-01,14161.71
2021-01-04,14290.51
2021-01-05,14331.3
2021-01-06,14312.51
2021-01-07,14280.48
2021-01-08,14590.16
2021-01-11,14775.28
2021-01-12,14781.51
2021-01-13,14779.28
2021-01-14,14809.42
2021-01-15,14557.38
2021-01-18,14366.76
2021-01-19,14549.02
2021-01-20,14640.29
2021-01-21,14563.6
2021-01-22,14508.34
2021-01-25,14407.05
2021-01-27,14282.69
2021-01-28,14164.19
2021-01-29,13896.24
2021-02-01,14237.34
2021-02-02,14529.86
2021-02-03,14662.69
2021-02-04,14745.6
2021-02-05,14730.9
2021-02-08,14863.7
2021-02-09,14856.89
2021-02-10,14845.18
2021-02-11,14914.93
2021-02-12,14797.52
2021-02-15,14786.3
2021-02-16,14845.06
2021-02-17,14787.29
2021-02-18,14811.09
2021-02-19,14689.46
2021-02-22,14394.09
2021-02-23,14397.17
2021-02-24,14544.82
2021-02-25,14675.77
2021-02-26,14249.42
2021-03-01,14510.48
2021-03-02,14718.11
2021-03-03,14869.74
2021-03-04,14841.59
2021-03-05,14730.23
2021-03-08,14762.13
2021-03-09,14789.22
2021-03-10,14869.04
2021-03-12,14741.2
2021-03-15,14698.51
2021-03-16,14740.4
2021-03-17,14533.98
2021-03-18,14355.81
2021-03-19,14544.68
2021-03-22,14664.43
2021-03-23,14692.64
2021-03-24,14534.96
2021-03-25,14247.01
2021-03-26,14416.77
2021-03-30,14769.83
2021-03-31,14700.0
2021-04-01,14801.92
2021-04-05,14669.49
2021-04-06,14759.77
2021-04-07,14900.4
2021-04-08,15005.69
2021-04-09,15045.32
2021-04-12,14691.66
2021-04-13,14665.09
2021-04-15,14716.87
2021-04-16,14880.5
2021-04-19,14654.39
2021-04-20,14592.74
2021-04-22,14621.79
2021-04-23,14553.75
2021-04-26,14593.35
2021-04-27,14667.98
2021-04-28,14773.09
2021-04-29,14726.09
2021-04-30,14625.45
2021-05-03,14701.14
2021-05-04,14619.85
2021-05-05,14716.6
2021-05-06,14832.42
2021-05-07,14872.55
2021-05-10,15030.89
2021-05-11,15106.26
2021-05-12,15020.88
2021-05-14,15064.88
2021-05-17,15145.01
2021-05-18,15284.24
2021-05-19,15351.92
2021-05-20,15293.24
2021-05-21,15386.12
2021-05-24,15448.99
2021-05-25,15514.4
2021-05-26,15559.44
2021-05-27,15629.34
2021-05-28,15619.87
2021-05-31,15745.17
2021-06-01,15744.32
2021-06-02,15768.89
2021-06-03,15854.95
2021-06-04,15842.35
2021-06-07,15987.66
2021-06-08,16054.64
2021-06-09,16004.28
2021-06-10,16099.8
2021-06-11,16174.51
2021-06-14,16199.14
2021-06-15,16244.55
2021-06-16,16204.83
2021-06-17,16170.03
2021-06-18,16077.43
2021-06-21,16109.24
2021-06-22,16140.14
2021-06-23,16051.64
2021-06-24,16145.25
2021-06-25,16124.22
2021-06-28,16114.27
2021-06-29,16136.33
2021-06-30,16110.5
2021-07-01,16134.4
2021-07-02,16106.25
2021-07-05,16170.71
2021-07-06,16133.33
2021-07-07,16201.27
2021-07-08,16127.98
2021-07-09,16090.75
2021-07-12,16099.18
2021-07-13,16129.17
2021-07-14,16191.32
2021-07-15,16288.37
2021-07-16,16283.19
2021-07-19,16247.65
2021-07-20,16248.73
2021-07-22,16332.03
2021-07-23,16380.9
2021-07-26,16387.49
2021-07-27,16247.04
2021-07-28,16173.26
2021-07-29,16087.41
2021-07-30,16213.85
2021-08-02,16295.27
2021-08-03,16491.02
2021-08-04,16437.78
2021-08-05,16490.48
2021-08-06,16444.1
2021-08-09,16470.4
2021-08-10,16443.52
2021-08-11,16462.04
2021-08-12,16564.45
2021-08-13,16647.24
2021-08-16,16648.05
2021-08-17,16793.44
2021-08-18,16815.44
2021-08-20,16810.92
2021-08-23,16797.25
2021-08-24,16842.95
2021-08-25,16868.1
2021-08-26,16897.73
2021-08-27,17009.1
2021-08-30,17156.13
2021-08-31,17326.83
2021-09-01,17329.29
2021-09-02,17575.69
2021-09-03,17619.96
2021-09-06,17655.75
2021-09-07,17630.23
2021-09-08,17597.77
2021-09-09,17667.9
2021-09-13,17726.59
2021-09-14,17767.49
2021-09-15,17916.33
2021-09-16,17966.83
2021-09-17,17910.98
2021-09-20,17808.72
2021-09-21,17941.88
2021-09-22,17992.86
2021-09-23,18104.51
2021-09-24,18094.31
2021-09-27,17995.93
2021-09-28,17999.37
2021-09-29,18063.24
2021-09-30,17925.41
2021-10-01,17943.73
2021-10-04,18023.09
2021-10-05,18116.84
2021-10-06,17903.31
2021-10-07,18002.96
2021-10-08,18000.7
2021-10-11,18031.55
2021-10-12,18072.82
2021-10-13,18169.73
2021-10-14,18263.9
2021-10-18,18298.42
2021-10-19,18168.89
2021-10-20,17948.32
2021-10-21,17800.97
2021-10-22,17683.81
2021-10-25,17493.2
2021-10-26,17665.24
2021-10-27,17711.69
2021-10-28,17450.52
2021-10-29,17331.75
2021-11-01,17594.24
2021-11-02,17550.48
2021-11-03,17575.14
2021-11-04,17689.23
2021-11-08,17900.28
2021-11-09,17863.3
2021-11-10,17814.73
2021-11-11,17695.78
2021-11-12,17840.78
2021-11-15,17899.85
2021-11-16,17807.61
2021-11-17,17751.56
2021-11-18,17594.26
2021-11-22,17311.25
2021-11-23,17442.31
2021-11-24,17342.22
2021-11-25,17377.53
2021-11-26,17125.28
2021-11-29,17094.96
2021-11-30,17100.25
2021-12-01,17105.46
2021-12-02,17340.06
2021-12-03,17164.09
2021-12-06,16858.37
2021-12-07,17023.74
2021-12-08,17217.15
2021-12-09,17286.09
2021-12-10,17303.91
2021-12-13,17218.6
2021-12-14,17247.9
2021-12-15,17166.32
2021-12-16,17163.56
2021-12-17,16964.77
2021-12-20,16700.02
2021-12-21,16859.11
2021-12-22,16948.45
2021-12-23,17122.82
2021-12-24,17080.25
2021-12-27,17154.64
2021-12-28,17319.99
2021-12-29,17319.61
2021-12-30,17376.84
2021-12-31,17515.0
2022-01-03,17623.74
2022-01-04,17751.2
2022-01-05,17809.6
2022-01-06,17652.22
2022-01-07,17786.58
2022-01-10,17874.81
2022-01-11,17886.45
2022-01-12,17944.48
2022-01-13,17939.67
2022-01-14,17920.95
2022-01-17,17975.83
2022-01-18,17747.19
2022-01-19,17587.48
2022-01-20,17463.22
2022-01-21,17387.98
2022-01-24,17007.01
2022-01-25,17099.99
2022-01-27,16861.61
2022-01-28,16910.34
2022-01-31,17135.87
2022-02-01,17326.9
2022-02-02,17481.73
2022-02-03,17355.06
2022-02-04,17315.81
2022-02-07,17056.29
2022-02-08,17043.82
2022-02-09,17231.85
2022-02-10,17307.54
2022-02-11,17092.5
2022-02-14,16660.55
2022-02-15,17082.1
2022-02-16,17085.79
2022-02-17,17078.0
2022-02-18,17039.23
2022-02-21,16975.6
2022-02-22,16863.18
2022-02-23,16829.68
2022-02-24,16132.07
2022-02-25,16436.92
2022-02-28,16585.78
2022-03-02,16448.31
2022-03-03,16282.18
2022-03-04,16106.52
2022-03-07,15718.67
2022-03-08,15958.99
2022-03-09,16163.86
2022-03-10,16453.22
2022-03-11,16519.47
2022-03-14,16603.76
2022-03-15,16531.75
2022-03-16,16847.99
2022-03-17,17041.11
2022-03-21,16749.41
2022-03-22,16790.43
2022-03-23,16715.0
2022-03-24,16759.43
2022-03-25,16687.8
2022-03-28,16652.31
2022-03-29,16708.36
2022-03-30,16882.58
2022-03-31,16917.83
2022-04-01,17107.95
2022-04-04,17368.15
2022-04-05,17440.16
2022-04-06,17365.23
2022-04-07,17292.02
2022-04-08,17452.63
2022-04-11,17358.72
2022-04-12,17208.14
2022-04-13,17180.08
2022-04-18,17089.45
2022-04-19,16714.85
2022-04-20,16971.83
2022-04-21,17182.16
2022-04-22,17043.93
2022-04-25,16803.93
2022-04-26,17081.76
2022-04-27,17019.4
2022-04-28,17298.66
2022-04-29,17110.81
2022-05-02,17055.44
2022-05-04,16767.45
2022-05-05,16738.95
2022-05-06,16547.74
2022-05-09,16443.89
2022-05-10,16457.81
2022-05-11,16362.43
2022-05-12,16143.59
2022-05-13,16210.34
2022-05-16,16190.0
2022-05-17,16468.37
2022-05-18,16493.18
2022-05-19,16138.02
2022-05-20,16536.11
2022-05-23,16591.34
2022-05-24,16486.59
2022-05-25,16348.97
2022-05-26,16484.25
2022-05-27,16632.61
2022-05-30,16905.61
2022-05-31,16962.42
2022-06-01,16793.85
2022-06-02,16844.73
2022-06-03,16702.79
2022-06-06,16638.74
2022-06-07,16450.82
2022-06-08,16378.35
2022-06-09,16485.91
2022-06-10,16376.21
2022-06-13,16126.01
2022-06-14,16062.77
2022-06-15,16045.1
2022-06-16,15794.7
2022-06-17,15508.7
2022-06-20,15683.18
2022-06-21,15907.4
2022-06-22,15748.22
2022-06-23,15943.04
2022-06-24,16064.22
2022-06-27,16182.37
2022-06-28,16185.53
2022-06-29,16073.46
2022-06-30,16057.01
2022-07-01,16245.52
2022-07-04,16366.88
2022-07-05,16311.32
2022-07-06,16525.39
2022-07-07,16583.2
2022-07-08,16675.29
2022-07-11,16654.35
2022-07-12,16477.51
2022-07-13,16515.3
2022-07-14,16494.77
2022-07-15,16578.29
2022-07-18,16717.44
2022-07-19,16716.4
2022-07-20,16877.82
2022-07-21,17000.48
2022-07-22,17063.27
2022-07-25,16962.42
2022-07-26,16747.37
2022-07-27,16923.65
2022-07-28,17124.96
2022-07-29,17359.95
2022-08-01,17455.38
2022-08-02,17485.69
2022-08-03,17506.19
2022-08-04,17570.8
2022-08-05,17635.82
2022-08-08,17664.1
2022-08-10,17624.42
2022-08-11,17669.68
2022-08-12,17665.93
2022-08-16,17841.15
2022-08-17,17982.06
2022-08-18,18021.07
2022-08-19,17903.7
2022-08-22,17672.58
2022-08-23,17682.53
2022-08-24,17705.76
2022-08-25,17621.84
2022-08-26,17677.69
2022-08-29,17563.13
2022-08-30,17899.06
2022-09-01,17758.0
2022-09-02,17732.34
2022-09-05,17738.38
2022-09-06,17723.33
2022-09-07,17789.2
2022-09-08,17905.72
2022-09-09,17880.07
2022-09-12,17979.51
2022-09-13,18077.73
2022-09-14,18028.39
2022-09-15,17898.17
2022-09-16,17453.89
2022-09-19,17513.58
2022-09-20,17717.24
2022-09-21,17586.95
2022-09-22,17591.99
2022-09-23,17378.74
2022-09-26,17182.01
2022-09-27,17247.26
2022-09-28,17235.52
2022-09-29,17197.87
2022-09-30,17314.73
2022-10-03,17129.56
2022-10-04,17409.86
2022-10-06,17404.75
2022-10-07,17382.93
2022-10-10,17318.34
2022-10-11,17016.55
2022-10-12,17208.3
2022-10-13,17092.91
2022-10-14,17167.28
2022-10-17,17247.36
2022-10-18,17377.91
2022-10-19,17389.61
2022-10-20,17529.08
2022-10-21,17483.28
2022-10-24,17592.99
2022-10-25,17521.51
2022-10-27,17587.44
2022-10-28,17642.2
2022-10-31,17840.28
2022-11-01,18061.77
2022-11-02,17996.67
2022-11-03,17968.97
2022-11-04,17948.37
2022-11-07,17996.41
2022-11-09,17917.16
2022-11-10,17834.48
2022-11-11,18009.84
2022-11-14,17982.08
2022-11-15,18053.97
2022-11-16,18066.12
2022-11-17,18004.01
2022-11-18,17961.17
2022-11-21,17854.35
2022-11-22,17922.96
2022-11-23,17930.76
2022-11-24,18131.28
2022-11-25,18179.92
2022-11-28,18276.31
2022-11-29,18400.31
2022-11-30,18586.14
2022-12-01,18636.21
2022-12-02,18569.9
2022-12-05,18549.17
2022-12-06,18520.64
2022-12-07,18484.08
2022-12-08,18473.61
2022-12-09,18385.5
2022-12-12,18410.36
2022-12-13,18454.27
2022-12-14,18452.69
2022-12-15,18286.41
2022-12-16,18096.96
2022-12-19,18284.84
2022-12-20,18197.85
2022-12-21,18120.28
2022-12-22,18061.97
2022-12-23,17750.17
2022-12-26,17866.31
2022-12-27,17949.01
2022-12-28,17949.82
2022-12-29,17942.21
2022-12-30,17863.89
2023-01-02,17865.06
2023-01-03,17935.16
2023-01-04,17800.32
2023-01-05,17938.89
2023-01-06,17838.88
2023-01-09,18050.33
2023-01-10,17909.43
2023-01-11,17835.95
2023-01-12,17863.24
2023-01-13,17928.32
2023-01-16,17944.88
2023-01-17,18110.4
2023-01-18,18191.29
2023-01-19,18127.39
2023-01-20,17998.65
2023-01-23,18060.31
2023-01-24,18035.68
2023-01-25,17849.18
2023-01-27,17743.54
2023-01-30,17752.82
2023-01-31,17724.76
2023-02-01,17674.97
2023-02-02,17683.61
2023-02-03,17804.02
2023-02-06,17805.84
2023-02-07,17755.33
2023-02-08,17858.0
2023-02-09,17874.89
2023-02-10,17855.21
2023-02-13,17790.24
2023-02-14,17828.35
2023-02-15,17934.85
2023-02-16,17988.92
2023-02-17,17928.55
2023-02-20,17874.1
2023-02-21,17857.13
2023-02-22,17664.97
2023-02-23,17595.86
2023-02-24,17583.23
2023-02-27,17449.46
2023-02-28,17428.08
2023-03-01,17522.97
2023-03-02,17468.97
2023-03-03,17603.5
2023-03-06,17695.08
2023-03-08,17731.07
2023-03-09,17596.13
2023-03-10,17564.18
2023-03-13,17387.34
2023-03-14,17273.16
2023-03-15,17270.96
2023-03-16,17381.27
2023-03-17,17437.4
2023-03-20,17380.38
2023-03-21,17393.01
2023-03-22,17448.16
2023-03-23,17379.58
2023-03-24,17288.7
2023-03-27,17298.54
2023-03-28,17211.0
2023-03-29,17341.11
2023-03-31,17566.29
2023-04-03,17611.14
2023-04-05,17757.55
2023-04-06,17742.07
2023-04-10,17795.4
2023-04-11,17830.64
2023-04-12,17896.15
2023-04-13,17857.42
2023-04-17,17809.81
2023-04-18,17823.31
2023-04-19,17698.05
2023-04-20,17714.49
2023-04-21,17766.05
2023-04-24,17859.86
2023-04-25,17873.29
2023-04-26,17952.38
2023-04-27,18029.54
2023-04-28,18239.88
2023-05-02,18300.75
2023-05-03,18294.45
2023-05-04,18387.56
2023-05-05,18317.22
2023-05-08,18474.68
2023-05-09,18509.76
2023-05-10,18562.02
2023-05-11,18574.46
2023-05-12,18501.4
2023-05-15,18605.56
2023-05-16,18537.46
2023-05-17,18453.11
2023-05-18,18370.4
2023-05-19,18374.01
2023-05-22,18500.91
2023-05-23,18496.38
2023-05-24,18554.78
2023-05-25,18606.13
2023-05-26,18811.34
2023-05-29,18861.52
2023-05-30,18892.24
2023-05-31,18915.94
2023-06-01,18960.25
2023-06-02,19004.59
2023-06-05,18992.42
2023-06-06,19006.99
2023-06-07,19206.34
2023-06-08,19116.67
2023-06-09,19011.8
2023-06-12,19108.88
2023-06-13,19240.32
2023-06-14,19294.26
2023-06-15,19296.77
2023-06-16,19403.3
2023-06-19,19335.48
2023-06-20,19451.18
2023-06-21,19494.51
2023-06-22,19339.89
2023-06-23,19275.01
2023-06-26,19338.27
2023-06-27,19422.34
2023-06-28,19513.4
2023-06-30,19705.78
2023-07-03,19728.02
2023-07-04,19805.7
2023-07-05,19998.51
2023-07-06,20119.65
2023-07-07,19894.67
2023-07-10,19836.26
2023-07-11,19990.25
2023-07-12,19953.57
2023-07-13,19909.61
2023-07-14,20093.1
2023-07-17,20167.5
2023-07-18,20200.41
2023-07-19,20272.45
2023-07-20,20401.65
2023-07-21,20244.74
2023-07-24,20235.07
2023-07-25,20189.27
2023-07-26,20293.55
2023-07-27,20377.67
2023-07-28,20504.43
2023-07-31,20557.76
2023-08-01,20532.61
2023-08-02,20399.5
2023-08-03,20288.84
2023-08-04,20414.06
2023-08-07,20465.83
2023-08-08,20491.58
2023-08-09,20566.38
2023-08-10,20407.38
2023-08-11,20305.26
2023-08-14,20306.55
2023-08-16,20392.94
2023-08-17,20293.97
2023-08-18,20200.96
2023-08-21,20288.62
2023-08-22,20305.97
2023-08-23,20319.17
2023-08-24,20319.27
2023-08-25,20160.42
2023-08-28,20194.18
2023-08-29,20271.65
2023-08-30,20263.34
2023-08-31,20128.29
2023-09-01,20217.42
2023-09-04,20358.2
2023-09-05,20427.57
2023-09-06,20510.96
2023-09-07,20583.93
2023-09-08,20653.33
2023-09-11,20805.54
2023-09-12,20759.87
2023-09-13,20792.24
2023-09-14,20815.52
2023-09-15,20896.02
2023-09-18,20961.44
2023-09-20,20826.01
2023-09-21,20699.18
2023-09-22,20624.26
2023-09-25,20508.92
2023-09-26,20535.84
2023-09-27,20593.27
2023-09-28,20283.38
2023-09-29,20456.83
2023-10-03,20324.27
2023-10-04,20242.3
2023-10-05,20284.05
2023-10-06,20353.41
2023-10-09,20249.82
2023-10-10,20363.96
2023-10-11,20549.22
2023-10-12,20560.01
2023-10-13,20593.83
2023-10-16,20585.93
2023-10-17,20680.6
2023-10-18,20618.17
2023-10-19,20665.83
2023-10-20,20597.5
2023-10-23,20318.77
2023-10-25,20202.78
2023-10-26,19938.63
2023-10-27,20121.89
2023-10-30,20177.79
2023-10-31,20272.81
2023-11-01,20175.66
2023-11-02,20347.1
2023-11-03,20406.72
2023-11-06,20609.32
2023-11-07,20699.58
2023-11-08,20770.89
2023-11-09,20732.9
2023-11-10,20737.36
2023-11-12,20820.37
2023-11-13,20749.07
2023-11-15,20930.06
2023-11-16,21079.36
2023-11-17,21239.27
2023-11-20,21204.93
2023-11-21,21258.6
2023-11-22,21308.13
2023-11-23,21314.2
2023-11-24,21257.48
2023-11-28,21347.09
2023-11-29,21529.29
2023-11-30,21695.54
2023-12-01,21841.34
2023-12-04,22123.37
2023-12-05,22230.12
2023-12-06,22282.99
2023-12-07,22331.41
2023-12-08,22285.31
2023-12-11,22316.98
2023-12-12,22315.39
2023-12-13,22463.36
2023-12-14,22612.46
2023-12-15,22790.26
2023-12-18,22827.91
2023-12-19,22916.48
2023-12-20,22565.28
2023-12-21,22684.22
2023-12-22,22884.75
2023-12-26,23119.48
2023-12-27,23269.42
2023-12-28,23534.43
2023-12-29,23557.98
2024-01-01,23580.61
2024-01-02,23530.06
2024-01-03,23451.69
2024-01-04,23539.09
2024-01-05,23541.18
2024-01-08,23288.38
2024-01-09,23347.08
2024-01-10,23369.59
2024-01-11,23494.28
2024-01-12,23631.47
2024-01-15,23853.95
2024-01-16,23796.66
2024-01-17,23541.69
2024-01-18,23411.44
2024-01-19,23605.47
2024-01-20,23513.38
2024-01-23,23192.13
2024-01-24,23509.07
2024-01-25,23398.94
2024-01-29,23684.86
2024-01-30,23549.11
2024-01-31,23785.46
2024-02-01,23763.49
2024-02-02,24003.91
2024-02-05,24077.06
2024-02-06,24261.06
2024-02-07,24346.88
2024-02-08,24158.24
2024-02-09,24235.99
2024-02-12,24107.48
2024-02-13,24296.66
2024-02-14,24425.52
2024-02-15,24472.09
2024-02-16,24659.85
2024-02-19,24757.56
2024-02-20,24822.46
2024-02-21,24609.28
2024-02-22,24764.89
2024-02-23,24757.64
2024-02-26,24706.38
2024-02-27,24769.09
2024-02-28,24481.24
2024-02-29,24607.41
2024-03-01,24771.16
2024-03-02,24825.39
2024-03-04,24870.81
2024-03-05,24787.39
2024-03-06,24950.95
2024-03-07,24995.06
2024-03-11,24952.91
2024-03-12,24806.62
2024-03-13,24428.19
2024-03-14,24766.67
2024-03-15,24573.69
2024-03-18,24572.34
2024-03-19,24147.97
2024-03-20,24210.29
2024-03-21,24460.65
2024-03-22,24632.14
2024-03-26,24606.57
2024-03-27,24589.9
2024-03-28,24823.91
2024-04-01,24941.4
2024-04-02,24925.25
2024-04-03,24780.24
2024-04-04,24772.59
2024-04-05,24807.28
2024-04-08,24903.41
2024-04-09,24734.16
2024-04-10,24826.65
2024-04-12,24572.86
2024-04-15,24311.19
2024-04-16,24247.55
2024-04-18,24031.14
2024-04-19,24013.21
2024-04-22,24220.89
2024-04-23,24289.06
2024-04-24,24374.58
2024-04-25,24435.83
2024-04-26,24377.67
2024-04-29,24499.38
2024-04-30,24466.88
2024-05-02,24639.49
2024-05-03,24475.51
2024-05-06,24513.53
2024-05-07,24566.74
2024-05-08,24501.93
2024-05-09,24118.11
2024-05-10,24336.74
2024-05-13,24506.57
2024-05-14,24601.52
2024-05-15,24469.15
2024-05-16,24654.54
2024-05-17,24607.16
2024-05-18,24682.18
2024-05-21,24685.48
2024-05-22,24842.91
2024-05-23,25049.23
2024-05-24,24939.04
2024-05-27,24919.3
2024-05-28,24989.22
2024-05-29,24874.76
2024-05-30,24536.56
2024-05-31,24478.72
2024-06-03,24909.41
2024-06-04,24434.91
2024-06-05,25246.2
2024-06-06,25281.62
2024-06-07,25701.71
2024-06-10,25821.66
2024-06-11,25804.45
2024-06-12,25839.54
2024-06-13,25860.54
2024-06-14,25928.68
2024-06-18,26018.25
2024-06-19,25824.38
2024-06-20,25801.13
2024-06-21,25646.21
2024-06-24,25762.21
2024-06-25,25830.01
2024-06-26,25917.35
2024-06-27,26134.41
2024-06-28,26195.47
2024-07-01,26333.02
2024-07-02,26266.0
2024-07-03,26364.3
2024-07-04,26425.98
2024-07-05,26564.47
2024-07-08,26577.35
2024-07-09,26793.24
2024-07-10,26864.16
2024-07-11,26832.51
2024-07-12,27000.23
2024-07-15,27136.09
2024-07-16,27191.11
2024-07-18,27399.16
2024-07-19,27100.98
2024-07-22,27046.04
2024-07-23,27233.11
2024-07-24,27119.15
2024-07-25,27176.82
2024-07-26,27645.87
2024-07-29,27631.43
2024-07-30,27612.17
2024-07-31,27794.42
2024-08-01,27835.62
2024-08-02,27617.32
2024-08-05,27218.03
2024-08-06,27181.44
2024-08-07,27464.42
2024-08-08,27273.07
2024-08-09,27433.1
2024-08-12,27301.34
2024-08-13,27255.88
2024-08-14,27223.78
2024-08-16,27601.48
2024-08-19,27670.12
2024-08-20,27837.07
2024-08-21,28046.05
2024-08-22,28126.3
2024-08-23,28081.76
2024-08-26,28288.7
2024-08-27,28228.93
2024-08-28,28241.3
2024-08-29,28334.13
2024-08-30,28475.81
2024-09-02,28550.46
2024-09-03,28589.02
2024-09-04,28663.64
2024-09-05,28627.6
2024-09-06,28454.1
2024-09-09,28649.74
2024-09-10,28760.72
2024-09-11,28773.77
2024-09-12,29206.77
2024-09-13,29163.14
2024-09-16,29154.59
2024-09-17,29244.11
2024-09-18,29067.94
2024-09-19,29160.23
2024-09-20,29580.25
2024-09-23,29764.95
2024-09-24,29646.33
2024-09-25,29601.94
2024-09-26,29791.55
2024-09-27,29878.61
2024-09-30,29531.9
2024-10-01,29500.96
2024-10-03,28894.35
2024-10-04,28583.64
2024-10-07,28424.56
2024-10-08,28567.43
2024-10-09,28555.25
2024-10-10,28418.26
2024-10-11,28423.66
2024-10-14,28574.65
2024-10-15,28524.78
2024-10-16,28476.83
2024-10-17,28031.66
2024-10-18,28027.78
2024-10-21,27895.88
2024-10-22,27627.92
2024-10-23,27579.41
2024-10-24,27367.83
2024-10-25,27308.23
2024-10-28,27455.42
2024-10-29,27345.58
2024-10-30,27289.64
2024-10-31,27170.77
2024-11-01,27233.74
2024-11-04,26921.42
2024-11-05,27041.81
2024-11-06,27365.3
2024-11-07,27146.56
2024-11-08,27174.11
2024-11-11,26955.22
2024-11-12,26589.46
2024-11-13,26317.86
2024-11-14,26239.64
2024-11-18,26109.25
2024-11-19,26139.64
2024-11-21,25992.23
2024-11-22,26545.47
2024-11-25,26806.15
2024-11-26,26806.9
2024-11-27,26788.1
2024-11-28,26407.9
2024-11-29,26679.18
2024-12-02,26861.86
2024-12-03,26964.76
2024-12-04,26944.42
2024-12-05,27187.66
2024-12-06,27150.35
2024-12-09,27042.3
2024-12-10,27057.85
2024-12-11,27164.62
2024-12-12,27008.48
2024-12-13,27268.16
2024-12-16,27174.03
2024-12-17,26839.94
2024-12-18,26827.46
2024-12-19,26714.23
2024-12-20,26426.07
2024-12-23,26490.03
2024-12-24,26469.23
2024-12-26,26490.37
2024-12-27,26573.49
2024-12-30,26473.27
2024-12-31,26474.17
2025-01-01,26561.24
2025-01-02,27069.9
2025-01-03,26942.15
2025-01-06,26616.8
2025-01-07,26703.44
2025-01-08,26699.58
2025-01-09,26700.47
2025-01-10,26604.88
2025-01-13,26239.16
2025-01-14,26167.55
2025-01-15,26170.4
2025-01-16,26155.97
2025-01-17,26205.92
2025-01-20,26318.07
2025-01-21,26097.22
2025-01-22,26294.07
2025-01-23,26468.68
2025-01-24,26313.1
2025-01-27,26076.88
2025-01-28,26068.74
2025-01-29,26211.34
2025-01-30,26347.6
2025-01-31,26638.05
2025-02-01,26722.43
2025-02-03,26578.06
2025-02-04,26813.58
2025-02-05,26626.34
2025-02-06,26559.05
2025-02-07,26564.15
2025-02-10,26421.52
2025-02-11,25994.96
2025-02-12,26049.68
2025-02-13,26082.19
2025-02-14,25951.01
2025-02-17,26036.48
2025-02-18,25975.23
2025-02-19,25878.07
2025-02-20,25847.6
2025-02-21,25725.17
2025-02-24,25511.39
2025-02-25,25471.41
2025-02-27,25386.52
2025-02-28,24740.93
2025-03-03,24716.98
2025-03-04,24482.34
2025-03-05,24790.09
2025-03-06,25066.45
2025-03-07,25081.13
2025-03-10,24987.66
2025-03-11,25043.93
2025-03-12,24980.16
2025-03-13,24847.88
2025-03-17,24959.46
2025-03-18,25294.0
2025-03-19,25322.23
2025-03-20,25657.74
2025-03-21,25857.43
2025-03-24,26104.1
2025-03-25,26111.76
2025-03-26,25974.36
2025-03-27,26095.55
2025-03-28,25998.46
2025-04-01,25689.28
2025-04-02,25854.87
2025-04-03,25780.26
2025-04-04,25417.16
2025-04-07,24848.97
2025-04-08,25264.57
2025-04-09,25255.0
2025-04-11,25562.2
2025-04-15,26022.62
2025-04-16,26122.45
2025-04-17,26434.85
2025-04-21,26599.49
2025-04-22,26614.83
2025-04-23,26945.83
2025-04-24,26899.63
2025-04-25,26690.15
2025-04-28,26932.74
2025-04-29,26896.13
2025-04-30,26942.74
2025-05-02,26816.24
2025-05-05,26933.96
2025-05-06,26916.53
2025-05-07,26845.01
2025-05-08,26658.29
2025-05-09,26495.99
2025-05-12,27344.07
2025-05-13,27099.83
2025-05-14,27152.59
2025-05-15,27557.25
2025-05-16,27532.21
2025-05-19,27503.83
2025-05-20,27147.44
2025-05-21,27316.58
2025-05-22,27107.24
2025-05-23,27354.25
2025-05-26,27546.6
2025-05-27,27409.44
2025-05-28,27263.04
2025-05-29,27336.02
2025-05-30,27224.44
2025-06-02,27178.65
2025-06-03,27032.6
2025-06-04,27065.99
2025-06-05,27168.48
2025-06-06,27363.05
2025-06-09,27492.18
2025-06-10,27553.4
2025-06-11,27636.11
2025-06-12,27411.77
2025-06-13,27275.28
2025-06-16,27526.74
2025-06-17,27428.33
2025-06-18,27347.49
2025-06-19,27342.14
2025-06-20,27552.36
2025-06-23,27368.2
2025-06-24,27488.46
2025-06-25,27732.88
2025-06-26,27933.22
2025-06-27,28088.32
2025-06-30,27987.87
2025-07-01,28003.3
2025-07-02,27989.18
2025-07-03,28054.44
2025-07-04,28188.44
2025-07-07,28288.27
2025-07-08,28215.97
2025-07-09,28225.79
2025-07-10,28093.1
2025-07-11,27917.66
2025-07-14,27902.2
2025-07-15,28091.27
2025-07-16,28115.74
2025-07-17,28057.29
2025-07-18,27966.33
2025-07-21,27961.87
2025-07-22,27838.19
2025-07-23,27978.98
2025-07-24,27784.04
2025-07-25,27682.37
2025-07-28,27609.22
2025-07-29,27809.37
2025-07-30,27846.33
2025-07-31,27835.75
2025-08-01,27616.99
2025-08-04,27836.68
2025-08-05,27766.09
2025-08-06,27502.15
2025-08-07,27622.58
2025-08-08,27405.87
2025-08-11,27611.57
2025-08-12,27571.93
2025-08-13,27783.44
2025-08-14,27789.12
2025-08-18,28246.43
2025-08-19,28387.29
2025-08-20,28577.12
2025-08-21,28577.04
2025-08-22,28375.33
2025-08-25,28482.98
2025-08-26,28384.62
2025-08-28,28199.93
2025-08-29,28241.55
2025-09-01,28468.5
2025-09-02,28508.6
2025-09-03,28594.89
2025-09-04,28629.64
2025-09-05,28553.83
2025-09-08,28540.93
2025-09-09,28720.52
2025-09-10,28803.92
2025-09-11,28766.33
2025-09-12,28770.22
2025-09-15,28645.67
2025-09-16,28790.78
2025-09-17,28812.55
2025-09-18,28912.57
2025-09-19,28825.89
2025-09-22,28654.99
2025-09-23,28458.88
2025-09-24,28383.41
2025-09-25,28160.94
2025-09-26,27895.52
2025-09-29,27825.58
2025-09-30,27784.97
2025-10-01,27938.81
2025-10-03,27985.76
2025-10-06,28165.85
2025-10-07,28179.29
2025-10-08,28146.79
2025-10-09,28335.08
2025-10-10,28473.27
2025-10-13,28414.89
2025-10-14,28306.1
2025-10-15,28535.25
2025-10-16,28845.2
2025-10-17,29008.43
2025-10-20,29175.36
2025-10-21,29199.36
2025-10-23,29230.93
2025-10-24,29051.29
2025-10-27,29195.41
2025-10-28,29113.29
2025-10-29,29208.01
2025-10-30,29001.58
2025-10-31,28821.17
2025-11-03,28819.02
2025-11-04,28704.34
2025-11-06,28712.31
2025-11-07,28679.35
2025-11-10,28841.4
2025-11-11,28902.8
2025-11-12,29124.23
2025-11-13,29179.73
2025-11-14,29180.68
2025-11-17,29275.11
2025-11-18,29175.28
2025-11-19,29358.61
2025-11-20,29398.59
2025-11-21,29289.02
2025-11-24,29204.02
2025-11-25,29159.48
2025-11-26,29460.9
2025-11-27,29402.31
2025-11-28,29387.81
2025-12-01,29380.31
2025-12-02,29368.68
2025-12-03,29299.66
2025-12-04,29416.23
2025-12-05,29538.67
2025-12-08,29306.16
2025-12-09,29147.63
2025-12-10,29096.52
2025-12-11,29241.76
2025-12-12,29374.6
2025-12-15,29421.51
2025-12-16,29308.62
2025-12-17,29248.14
2025-12-18,29205.41
2025-12-19,29357.02
2025-12-22,29562.14
2025-12-23,29552.05
2025-12-24,29494.39
2025-12-26,29425.43
2025-12-29,29324.37
2025-12-30,29291.32
2025-12-31,29506.62
2026-01-01,29458.89
2026-01-02,29629.21
2026-01-05,29673.3
2026-01-06,29825.03
2026-01-07,29845.87
2026-01-08,29522.08
2026-01-09,29327.85
2026-01-12,29472.58
2026-01-13,29407.13
2026-01-14,29240.35
2026-01-16,29237.56
2026-01-19,29134.97
2026-01-20,28665.08
2026-01-21,28544.43
2026-01-22,28781.87
2026-01-23,28586.34
2026-01-27,28640.09
2026-01-28,28638.53
2026-01-29,28476.62
2026-01-30,28575.62
2026-02-01,28159.13
2026-02-02,28390.21
2026-02-03,28908.7
2026-02-04,28885.53
2026-02-05,28755.28
2026-02-06,28839.71
2026-02-09,29042.41
2026-02-10,29062.41
2026-02-11,29179.32
2026-02-12,29023.17
2026-02-13,28694.46
2026-02-16,28907.31
2026-02-17,29027.15
2026-02-18,29130.18
2026-02-19,28747.42
2026-02-20,28909.7
2026-02-23,29093.55
2026-02-24,28867.92
2026-02-25,29018.38
2026-02-26,29057.95
2026-02-27,28662.5
2026-03-02,28362.1
2026-03-04,27877.18
2026-03-05,28092.73
2026-03-06,27832.49
2026-03-09,27335.45
2026-03-10,27648.93
2026-03-11,27298.31
2026-03-12,27010.09
2026-03-13,26511.84
2026-03-16,26689.83
2026-03-17,26771.57
2026-03-18,26951.49
2026-03-19,26156.02
2026-03-20,26369.17
2026-03-23,25702.6
2026-03-24,26095.69
2026-03-25,26598.02
2026-03-27,26150.63
2026-03-30,25605.76
2026-04-01,25841.35
2026-04-02,25868.33
2026-04-06,26222.35
2026-04-07,26386.56
2026-04-08,27198.59
2026-04-09,27079.97
2026-04-10,27354.53
2026-04-13,27105.93
2026-04-15,27545.5
2026-04-16,27519.53
2026-04-17,27749.47
2026-04-20,27738.1
2026-04-21,27977.74
2026-04-22,27738.79
2026-04-23,27689.8
2026-04-24,27320.96
2026-04-27,27632.23
2026-04-28,27477.94
2026-04-29,27624.18
2026-04-30,27497.9
2026-05-04,27593.28
2026-05-05,27575.4
2026-05-06,27909.1
2026-05-07,27946.74
2026-05-08,27919.26
2026-05-11,27578.6
2026-05-12,27061.06
2026-05-13,27093.91
2026-05-14,27433.67
2026-05-15,27468.26
2026-05-18,27453.49
2026-05-19,27429.16
2026-05-20,27410.05
2026-05-21,27399.77
2026-05-22,27477.78
2026-05-25,27774.06
2026-05-26,27623.82
2026-05-27,27643.91
2026-05-29,27353.68
2026-06-01,27100.16
2026-06-02,27219.37
2026-06-03,27084.13
2026-06-04,27067.32
2026-06-05,27073.61
2026-06-08,26805.59
2026-06-09,26960.03
2026-06-10,26999.67
2026-06-11,26924.89
2026-06-12,27324.58
2026-06-15,27557.93
2026-06-16,27686.32
2026-06-17,27763.58
2026-06-18,27821.95
2026-06-19,27704.31
2026-06-22,27794.82
2026-06-23,27620.28
2026-06-24,27776.03
2026-06-25,27837.3
2026-06-29,27714.6
2026-06-30,27644.67
2026-07-01,27825.02
2026-07-02,28086.58
2026-07-03,28289.98
2026-07-06,28358.84
2026-07-07,28424.56
2026-07-08,27902.35
2026-07-09,28013.57
2026-07-10,28189.56
2026-07-13,28247.16
2026-07-14,28066.83
2026-07-15,28132.35
2026-07-16,28129.1
2026-07-17,28270.34
2026-07-20,28393.25
2026-07-21,28411.6
2026-07-22,28326.35
2026-07-23,28253.93
2026-07-24,28207.18
2026-07-27,28485.21
2026-07-28,28586.24
2026-07-29,28878.52
2026-07-30,28935.13
2026-07-31,28972.01
2026-08-03,29437.92
2026-08-04,29249.52
2026-08-05,29225.49
2026-08-06,29180.36
2026-08-07,29160.65
2026-08-10,29164.84
2026-08-11,29041.23
2026-08-12,28999.13
2026-08-13,28976.16
2026-08-14,28892.39
2026-08-17,28674.89
2026-08-18,28483.47
2026-08-19,28446.09
2026-08-20,28598.55
2026-08-21,28541.69
