Date,TotalReturnsIndex
1999-06-30,1256.38
1999-07-01,1251.62
1999-07-02,1267.12
1999-07-05,1301.39
1999-07-06,1313.03
1999-07-07,1315.62
1999-07-08,1315.99
1999-07-09,1326.51
1999-07-12,1391.41
1999-07-13,1397.86
1999-07-14,1413.22
1999-07-15,1394.74
1999-07-16,1401.68
1999-07-19,1428.51
1999-07-20,1391.57
1999-07-21,1418.75
1999-07-22,1428.33
1999-07-23,1421.71
1999-07-26,1403.93
1999-07-27,1386.67
1999-07-28,1397.52
1999-07-29,1403.45
1999-07-30,1386.99
1999-08-02,1365.23
1999-08-03,1360.42
1999-08-04,1404.19
1999-08-05,1400.91
1999-08-06,1394.03
1999-08-09,1405.62
1999-08-10,1386.57
1999-08-11,1392.81
1999-08-12,1386.66
1999-08-13,1367.97
1999-08-16,1387.09
1999-08-17,1400.64
1999-08-18,1443.69
1999-08-19,1424.26
1999-08-20,1426.69
1999-08-23,1450.41
1999-08-24,1464.13
1999-08-25,1453.89
1999-08-26,1486.59
1999-08-27,1502.49
1999-08-30,1507.9
1999-08-31,1496.66
1999-09-01,1495.28
1999-09-02,1458.34
1999-09-03,1457.39
1999-09-06,1473.55
1999-09-07,1466.19
1999-09-08,1483.41
1999-09-09,1480.66
1999-09-10,1474.51
1999-09-14,1452.73
1999-09-15,1457.15
1999-09-16,1432.24
1999-09-17,1441.25
1999-09-20,1439.29
1999-09-21,1431.6
1999-09-22,1469.65
1999-09-23,1481.9
1999-09-24,1497.0
1999-09-27,1472.89
1999-09-28,1461.91
1999-09-29,1500.23
1999-09-30,1497.9
1999-10-01,1487.41
1999-10-04,1454.65
1999-10-05,1460.85
1999-10-06,1476.28
1999-10-07,1557.95
1999-10-08,1568.02
1999-10-11,1573.06
1999-10-12,1572.9
1999-10-13,1586.1
1999-10-14,1595.53
1999-10-15,1541.84
1999-10-18,1530.71
1999-10-20,1566.33
1999-10-21,1540.57
1999-10-22,1516.08
1999-10-25,1511.79
1999-10-26,1499.23
1999-10-27,1496.14
1999-10-28,1449.82
1999-10-29,1405.03
1999-11-01,1346.25
1999-11-02,1412.19
1999-11-03,1406.3
1999-11-04,1417.33
1999-11-05,1446.75
1999-11-07,1452.11
1999-11-09,1453.8
1999-11-10,1472.82
1999-11-11,1473.35
1999-11-12,1456.33
1999-11-15,1444.82
1999-11-16,1439.58
1999-11-17,1433.75
1999-11-18,1446.47
1999-11-19,1443.92
1999-11-22,1458.13
1999-11-24,1479.02
1999-11-25,1493.54
1999-11-26,1483.95
1999-11-29,1468.1
1999-11-30,1459.09
1999-12-01,1472.44
1999-12-02,1493.76
1999-12-03,1503.46
1999-12-06,1529.81
1999-12-07,1532.24
1999-12-08,1525.35
1999-12-09,1534.79
1999-12-10,1526.47
1999-12-13,1513.69
1999-12-14,1482.52
1999-12-15,1486.04
1999-12-16,1505.44
1999-12-17,1505.02
1999-12-20,1508.36
1999-12-21,1507.57
1999-12-22,1571.26
1999-12-23,1578.31
1999-12-24,1540.27
1999-12-27,1511.87
1999-12-28,1522.54
1999-12-29,1558.59
1999-12-30,1562.92
2000-01-03,1688.44
2000-01-04,1737.75
2000-01-05,1692.25
2000-01-06,1715.37
2000-01-07,1710.81
2000-01-10,1731.65
2000-01-11,1667.54
2000-01-12,1723.01
2000-01-13,1719.4
2000-01-14,1720.83
2000-01-17,1709.01
2000-01-18,1703.81
2000-01-19,1733.66
2000-01-20,1697.87
2000-01-21,1718.55
2000-01-24,1711.13
2000-01-25,1682.28
2000-01-27,1700.84
2000-01-28,1695.75
2000-01-31,1639.66
2000-02-01,1643.15
2000-02-02,1683.98
2000-02-03,1694.48
2000-02-04,1696.44
2000-02-07,1735.52
2000-02-08,1763.25
2000-02-09,1792.42
2000-02-10,1815.28
2000-02-11,1862.8
2000-02-14,1850.6
2000-02-15,1806.1
2000-02-16,1815.17
2000-02-17,1848.06
2000-02-18,1822.28
2000-02-21,1860.15
2000-02-22,1844.82
2000-02-23,1799.58
2000-02-24,1837.34
2000-02-25,1814.48
2000-02-28,1827.32
2000-02-29,1755.45
2000-03-01,1816.87
2000-03-02,1799.73
2000-03-03,1756.72
2000-03-06,1791.2
2000-03-07,1806.31
2000-03-08,1769.35
2000-03-09,1748.01
2000-03-10,1701.82
2000-03-13,1657.17
2000-03-14,1663.91
2000-03-15,1720.24
2000-03-16,1658.76
2000-03-21,1652.81
2000-03-22,1688.46
2000-03-23,1650.01
2000-03-24,1667.16
2000-03-27,1660.15
2000-03-28,1666.15
2000-03-29,1655.16
2000-03-30,1645.86
2000-03-31,1623.5
2000-04-03,1630.2
2000-04-04,1516.91
2000-04-05,1529.32
2000-04-06,1548.83
2000-04-07,1659.91
2000-04-10,1719.44
2000-04-11,1731.86
2000-04-12,1699.6
2000-04-13,1620.58
2000-04-17,1540.44
2000-04-18,1509.76
2000-04-19,1500.09
2000-04-20,1511.51
2000-04-24,1481.99
2000-04-25,1451.51
2000-04-26,1533.98
2000-04-27,1513.47
2000-04-28,1502.41
2000-05-02,1424.33
2000-05-03,1406.07
2000-05-04,1474.98
2000-05-05,1519.7
2000-05-08,1458.42
2000-05-09,1472.85
2000-05-10,1456.39
2000-05-11,1393.78
2000-05-12,1370.55
2000-05-15,1388.12
2000-05-16,1396.24
2000-05-17,1401.44
2000-05-18,1381.94
2000-05-19,1354.8
2000-05-22,1317.4
2000-05-23,1308.21
2000-05-24,1320.5
2000-05-25,1333.05
2000-05-26,1362.65
2000-05-29,1400.79
2000-05-30,1436.91
2000-05-31,1474.94
2000-06-01,1441.34
2000-06-02,1484.35
2000-06-05,1500.75
2000-06-06,1519.07
2000-06-07,1528.56
2000-06-08,1564.15
2000-06-09,1567.94
2000-06-12,1539.3
2000-06-13,1531.29
2000-06-14,1534.35
2000-06-15,1544.77
2000-06-16,1579.03
2000-06-19,1601.95
2000-06-20,1610.88
2000-06-21,1576.79
2000-06-22,1590.8
2000-06-23,1573.64
2000-06-26,1551.67
2000-06-27,1554.51
2000-06-28,1572.0
2000-06-29,1595.9
2000-06-30,1573.55
2000-07-03,1599.0
2000-07-04,1616.17
2000-07-05,1632.54
2000-07-06,1622.64
2000-07-07,1623.5
2000-07-10,1614.99
2000-07-11,1624.51
2000-07-12,1640.37
2000-07-13,1628.87
2000-07-14,1615.12
2000-07-17,1582.92
2000-07-18,1565.22
2000-07-19,1536.01
2000-07-20,1523.6
2000-07-21,1494.77
2000-07-24,1408.97
2000-07-25,1443.05
2000-07-26,1410.64
2000-07-27,1431.83
2000-07-28,1427.28
2000-07-31,1426.26
2000-08-01,1419.84
2000-08-02,1425.25
2000-08-03,1413.85
2000-08-04,1410.96
2000-08-07,1402.67
2000-08-08,1439.91
2000-08-09,1439.38
2000-08-10,1421.24
2000-08-11,1402.78
2000-08-14,1410.43
2000-08-16,1446.44
2000-08-17,1435.68
2000-08-18,1453.5
2000-08-21,1466.56
2000-08-22,1478.28
2000-08-23,1483.47
2000-08-24,1484.44
2000-08-25,1478.33
2000-08-28,1466.13
2000-08-29,1463.83
2000-08-30,1473.02
2000-08-31,1492.45
2000-09-04,1528.48
2000-09-05,1529.01
2000-09-06,1537.89
2000-09-07,1542.6
2000-09-08,1553.64
2000-09-11,1560.39
2000-09-12,1572.49
2000-09-13,1560.17
2000-09-14,1548.55
2000-09-15,1518.44
2000-09-18,1451.1
2000-09-19,1411.08
2000-09-20,1438.86
2000-09-21,1424.88
2000-09-22,1356.95
2000-09-25,1384.91
2000-09-26,1358.5
2000-09-27,1384.91
2000-09-28,1356.9
2000-09-29,1362.52
2000-10-03,1373.61
2000-10-04,1390.54
2000-10-05,1376.56
2000-10-06,1376.82
2000-10-09,1357.86
2000-10-10,1327.48
2000-10-11,1287.79
2000-10-12,1292.45
2000-10-13,1260.84
2000-10-16,1259.45
2000-10-17,1240.8
2000-10-18,1217.18
2000-10-19,1249.48
2000-10-20,1255.75
2000-10-23,1225.7
2000-10-24,1234.8
2000-10-25,1268.57
2000-10-26,1271.14
2000-10-27,1262.99
2000-10-30,1250.62
2000-10-31,1256.62
2000-11-01,1286.67
2000-11-02,1312.44
2000-11-03,1330.87
2000-11-06,1328.95
2000-11-07,1335.91
2000-11-08,1357.41
2000-11-09,1360.79
2000-11-10,1328.22
2000-11-13,1294.46
2000-11-14,1331.75
2000-11-15,1336.29
2000-11-16,1321.5
2000-11-17,1324.45
2000-11-20,1326.16
2000-11-21,1323.38
2000-11-22,1309.85
2000-11-23,1303.04
2000-11-24,1312.9
2000-11-27,1342.58
2000-11-28,1363.85
2000-11-29,1355.28
2000-11-30,1358.92
2000-12-01,1367.55
2000-12-04,1366.91
2000-12-05,1376.61
2000-12-06,1391.5
2000-12-07,1395.73
2000-12-08,1407.73
2000-12-11,1427.51
2000-12-12,1428.79
2000-12-13,1451.3
2000-12-14,1445.99
2000-12-15,1406.61
2000-12-18,1411.97
2000-12-19,1404.36
2000-12-20,1388.02
2000-12-21,1368.89
2000-12-22,1330.96
2000-12-26,1298.81
2000-12-27,1316.27
2000-12-28,1338.4
2000-12-29,1354.05
2001-01-01,1344.14
2001-01-02,1362.89
2001-01-03,1383.8
2001-01-04,1401.37
2001-01-05,1422.38
2001-01-08,1403.09
2001-01-09,1405.66
2001-01-10,1379.56
2001-01-11,1372.17
2001-01-12,1378.97
2001-01-15,1378.97
2001-01-16,1385.73
2001-01-17,1390.92
2001-01-18,1399.55
2001-01-19,1424.36
2001-01-22,1444.61
2001-01-23,1452.33
2001-01-24,1463.85
2001-01-25,1468.3
2001-01-29,1438.24
2001-01-30,1478.59
2001-01-31,1470.01
2001-02-01,1456.56
2001-02-02,1477.68
2001-02-05,1481.69
2001-02-06,1486.52
2001-02-07,1469.05
2001-02-08,1495.52
2001-02-09,1506.45
2001-02-12,1502.7
2001-02-13,1490.91
2001-02-14,1493.21
2001-02-15,1518.24
2001-02-16,1480.35
2001-02-19,1484.05
2001-02-20,1483.03
2001-02-21,1468.3
2001-02-22,1452.22
2001-02-23,1415.09
2001-02-26,1406.46
2001-02-27,1388.41
2001-02-28,1448.26
2001-03-01,1455.38
2001-03-02,1399.98
2001-03-05,1362.58
2001-03-07,1382.99
2001-03-08,1385.51
2001-03-09,1344.68
2001-03-12,1283.81
2001-03-13,1205.31
2001-03-14,1279.79
2001-03-15,1304.39
2001-03-16,1279.09
2001-03-19,1271.75
2001-03-20,1254.87
2001-03-21,1293.62
2001-03-22,1272.66
2001-03-23,1244.53
2001-03-26,1244.75
2001-03-27,1262.16
2001-03-28,1292.65
2001-03-29,1280.76
2001-03-30,1230.49
2001-04-02,1219.67
2001-04-03,1231.62
2001-04-04,1219.77
2001-04-06,1222.94
2001-04-09,1210.86
2001-04-10,1183.71
2001-04-11,1144.81
2001-04-12,1099.85
2001-04-16,1120.99
2001-04-17,1145.03
2001-04-18,1184.09
2001-04-19,1228.14
2001-04-20,1227.66
2001-04-23,1233.83
2001-04-24,1230.13
2001-04-25,1240.02
2001-04-26,1227.57
2001-04-27,1182.01
2001-04-30,1207.72
2001-05-02,1220.85
2001-05-03,1204.58
2001-05-04,1213.17
2001-05-07,1223.0
2001-05-08,1233.46
2001-05-09,1234.02
2001-05-10,1229.4
2001-05-11,1224.63
2001-05-14,1224.95
2001-05-15,1229.78
2001-05-16,1236.14
2001-05-17,1261.7
2001-05-18,1259.39
2001-05-21,1255.79
2001-05-22,1254.34
2001-05-23,1267.81
2001-05-24,1270.77
2001-05-25,1263.3
2001-05-28,1282.97
2001-05-29,1288.62
2001-05-30,1266.96
2001-05-31,1256.58
2001-06-01,1235.22
2001-06-04,1212.79
2001-06-05,1200.31
2001-06-06,1200.42
2001-06-07,1196.81
2001-06-08,1212.14
2001-06-11,1216.98
2001-06-12,1212.73
2001-06-13,1215.82
2001-06-14,1198.32
2001-06-15,1171.4
2001-06-18,1161.22
2001-06-19,1180.98
2001-06-20,1182.7
2001-06-21,1180.11
2001-06-22,1171.98
2001-06-25,1149.73
2001-06-26,1181.62
2001-06-27,1181.08
2001-06-28,1178.82
2001-06-29,1193.8
2001-07-02,1187.42
2001-07-03,1154.04
2001-07-04,1152.35
2001-07-05,1154.35
2001-07-06,1150.26
2001-07-09,1144.6
2001-07-10,1158.15
2001-07-11,1170.68
2001-07-12,1194.29
2001-07-13,1199.64
2001-07-16,1194.34
2001-07-17,1191.7
2001-07-18,1179.65
2001-07-19,1173.12
2001-07-20,1164.48
2001-07-23,1156.86
2001-07-24,1158.92
2001-07-25,1149.9
2001-07-26,1138.23
2001-07-27,1136.39
2001-07-30,1147.35
2001-07-31,1159.68
2001-08-01,1149.19
2001-08-02,1152.44
2001-08-03,1161.74
2001-08-06,1162.75
2001-08-07,1159.45
2001-08-08,1155.01
2001-08-09,1157.88
2001-08-10,1158.42
2001-08-13,1149.61
2001-08-14,1163.12
2001-08-16,1166.85
2001-08-17,1156.31
2001-08-20,1150.47
2001-08-21,1157.1
2001-08-23,1160.24
2001-08-24,1157.89
2001-08-27,1161.57
2001-08-28,1159.51
2001-08-29,1156.32
2001-08-30,1152.75
2001-08-31,1141.48
2001-09-03,1135.58
2001-09-04,1135.75
2001-09-05,1132.64
2001-09-06,1124.04
2001-09-07,1123.37
2001-09-10,1121.42
2001-09-11,1110.56
2001-09-12,1065.86
2001-09-13,1054.46
2001-09-14,998.03
2001-09-17,946.54
2001-09-18,976.87
2001-09-19,989.98
2001-09-20,975.44
2001-09-21,927.03
2001-09-24,943.15
2001-09-25,934.85
2001-09-26,948.2
2001-09-27,965.88
2001-09-28,991.77
2001-10-01,987.7
2001-10-03,976.36
2001-10-04,989.38
2001-10-05,992.58
2001-10-08,978.94
2001-10-09,990.61
2001-10-10,1020.62
2001-10-11,1036.41
2001-10-12,1042.38
2001-10-15,1045.64
2001-10-16,1054.16
2001-10-17,1070.44
2001-10-18,1055.03
2001-10-19,1060.02
2001-10-22,1059.93
2001-10-23,1078.17
2001-10-24,1076.0
2001-10-25,1067.68
2001-10-29,1061.44
2001-10-30,1045.91
2001-10-31,1055.47
2001-11-01,1079.47
2001-11-02,1083.38
2001-11-05,1076.27
2001-11-06,1088.05
2001-11-07,1072.41
2001-11-08,1083.49
2001-11-09,1090.38
2001-11-12,1097.97
2001-11-13,1091.99
2001-11-14,1103.29
2001-11-15,1124.9
2001-11-19,1160.17
2001-11-20,1140.67
2001-11-21,1147.35
2001-11-22,1153.97
2001-11-23,1150.23
2001-11-26,1173.69
2001-11-27,1168.75
2001-11-28,1163.04
2001-11-29,1159.08
2001-12-03,1157.18
2001-12-04,1170.54
2001-12-05,1199.7
2001-12-06,1206.11
2001-12-07,1208.12
2001-12-10,1211.32
2001-12-11,1205.84
2001-12-12,1203.07
2001-12-13,1193.4
2001-12-14,1181.56
2001-12-18,1175.53
2001-12-19,1152.13
2001-12-20,1153.49
2001-12-21,1141.38
2001-12-24,1138.82
2001-12-26,1123.35
2001-12-27,1107.87
2001-12-28,1122.86
2001-12-31,1150.28
2002-01-01,1146.21
2002-01-02,1152.13
2002-01-03,1164.62
2002-01-04,1190.63
2002-01-07,1194.92
2002-01-08,1205.51
2002-01-09,1197.8
2002-01-10,1192.87
2002-01-11,1182.39
2002-01-14,1205.47
2002-01-15,1188.47
2002-01-16,1184.29
2002-01-17,1204.82
2002-01-18,1187.38
2002-01-21,1185.43
2002-01-22,1187.06
2002-01-23,1183.31
2002-01-24,1178.86
2002-01-25,1173.21
2002-01-28,1163.7
2002-01-29,1164.03
2002-01-30,1159.47
2002-01-31,1168.1
2002-02-01,1175.19
2002-02-04,1170.03
2002-02-05,1167.15
2002-02-06,1210.81
2002-02-07,1207.93
2002-02-08,1222.39
2002-02-11,1230.88
2002-02-12,1228.65
2002-02-13,1234.74
2002-02-14,1250.95
2002-02-15,1261.88
2002-02-18,1275.92
2002-02-19,1260.74
2002-02-20,1246.65
2002-02-21,1250.9
2002-02-22,1265.75
2002-02-25,1268.01
2002-02-26,1294.07
2002-02-27,1293.85
2002-02-28,1242.55
2002-03-01,1281.66
2002-03-04,1280.96
2002-03-05,1282.21
2002-03-06,1275.79
2002-03-07,1298.04
2002-03-08,1292.16
2002-03-11,1270.62
2002-03-12,1251.69
2002-03-13,1258.87
2002-03-14,1261.48
2002-03-15,1272.69
2002-03-18,1272.2
2002-03-19,1253.54
2002-03-20,1257.29
2002-03-21,1244.89
2002-03-22,1238.63
2002-03-26,1221.88
2002-03-27,1222.2
2002-03-28,1228.95
2002-04-01,1239.18
2002-04-02,1237.0
2002-04-03,1222.43
2002-04-04,1246.94
2002-04-05,1242.64
2002-04-08,1237.12
2002-04-09,1227.8
2002-04-10,1240.66
2002-04-11,1246.22
2002-04-12,1249.38
2002-04-15,1235.92
2002-04-16,1219.14
2002-04-17,1226.06
2002-04-18,1230.31
2002-04-19,1199.03
2002-04-22,1203.23
2002-04-23,1205.25
2002-04-24,1210.26
2002-04-25,1192.5
2002-04-26,1195.87
2002-04-29,1170.59
2002-04-30,1181.82
2002-05-02,1191.41
2002-05-03,1195.38
2002-05-06,1199.74
2002-05-07,1210.6
2002-05-08,1218.12
2002-05-09,1229.02
2002-05-10,1216.81
2002-05-13,1220.35
2002-05-14,1215.39
2002-05-15,1207.44
2002-05-16,1191.09
2002-05-17,1188.74
2002-05-20,1170.98
2002-05-21,1143.83
2002-05-22,1139.57
2002-05-23,1119.35
2002-05-24,1163.31
2002-05-27,1158.62
2002-05-28,1132.5
2002-05-29,1136.59
2002-05-30,1126.51
2002-05-31,1122.86
2002-06-03,1134.92
2002-06-04,1141.09
2002-06-05,1161.61
2002-06-06,1161.78
2002-06-07,1144.8
2002-06-10,1167.83
2002-06-11,1197.85
2002-06-12,1193.55
2002-06-13,1182.69
2002-06-14,1185.8
2002-06-17,1189.31
2002-06-18,1174.06
2002-06-19,1160.95
2002-06-20,1169.0
2002-06-21,1160.83
2002-06-24,1160.03
2002-06-25,1152.97
2002-06-26,1140.91
2002-06-27,1145.69
2002-06-28,1155.88
2002-07-01,1168.05
2002-07-02,1167.13
2002-07-03,1170.15
2002-07-04,1170.86
2002-07-05,1174.42
2002-07-08,1183.45
2002-07-09,1181.88
2002-07-10,1172.87
2002-07-11,1157.48
2002-07-12,1160.31
2002-07-15,1149.08
2002-07-16,1136.14
2002-07-17,1132.39
2002-07-18,1142.25
2002-07-19,1136.33
2002-07-22,1110.67
2002-07-23,1121.5
2002-07-24,1101.92
2002-07-25,1099.2
2002-07-26,1068.39
2002-07-29,1067.49
2002-07-30,1055.55
2002-07-31,1054.41
2002-08-01,1053.07
2002-08-02,1050.97
2002-08-05,1060.33
2002-08-06,1064.07
2002-08-07,1068.5
2002-08-08,1051.42
2002-08-09,1060.7
2002-08-12,1069.41
2002-08-13,1076.23
2002-08-14,1069.38
2002-08-16,1080.18
2002-08-19,1080.82
2002-08-20,1090.53
2002-08-21,1090.37
2002-08-22,1087.37
2002-08-23,1097.83
2002-08-26,1101.87
2002-08-27,1089.55
2002-08-28,1087.38
2002-08-29,1089.21
2002-08-30,1115.02
2002-09-02,1118.2
2002-09-03,1104.51
2002-09-04,1110.94
2002-09-05,1113.08
2002-09-06,1098.32
2002-09-09,1101.98
2002-09-11,1102.45
2002-09-12,1106.44
2002-09-13,1095.78
2002-09-16,1088.88
2002-09-17,1098.99
2002-09-18,1086.5
2002-09-19,1078.16
2002-09-20,1071.04
2002-09-23,1071.81
2002-09-24,1067.28
2002-09-25,1071.54
2002-09-26,1071.37
2002-09-27,1078.61
2002-09-30,1063.92
2002-10-01,1055.13
2002-10-03,1047.34
2002-10-04,1047.34
2002-10-07,1054.57
2002-10-08,1061.31
2002-10-09,1054.63
2002-10-10,1058.72
2002-10-11,1072.64
2002-10-14,1074.19
2002-10-16,1075.46
2002-10-17,1075.12
2002-10-18,1073.3
2002-10-21,1068.72
2002-10-22,1063.36
2002-10-23,1059.76
2002-10-24,1048.19
2002-10-25,1031.92
2002-10-28,1021.41
2002-10-29,1037.13
2002-10-30,1038.32
2002-10-31,1053.44
2002-11-01,1053.49
2002-11-04,1065.28
2002-11-05,1065.58
2002-11-07,1063.81
2002-11-08,1059.66
2002-11-11,1056.45
2002-11-12,1062.87
2002-11-13,1065.97
2002-11-14,1076.26
2002-11-15,1096.69
2002-11-18,1103.89
2002-11-20,1109.15
2002-11-21,1117.07
2002-11-22,1129.69
2002-11-25,1136.39
2002-11-26,1147.41
2002-11-27,1141.82
2002-11-28,1162.41
2002-11-29,1162.91
2002-12-02,1182.57
2002-12-03,1168.28
2002-12-04,1147.68
2002-12-05,1158.26
2002-12-06,1184.77
2002-12-09,1172.95
2002-12-10,1178.55
2002-12-11,1185.25
2002-12-12,1193.28
2002-12-13,1203.48
2002-12-16,1194.89
2002-12-17,1189.13
2002-12-18,1194.34
2002-12-19,1192.19
2002-12-20,1195.89
2002-12-23,1192.23
2002-12-24,1202.23
2002-12-26,1213.07
2002-12-27,1217.05
2002-12-30,1209.91
2002-12-31,1211.66
2003-01-01,1219.01
2003-01-02,1211.14
2003-01-03,1207.31
2003-01-06,1201.52
2003-01-07,1198.69
2003-01-08,1207.05
2003-01-09,1215.89
2003-01-10,1196.96
2003-01-13,1189.73
2003-01-14,1195.54
2003-01-15,1202.24
2003-01-16,1205.96
2003-01-17,1203.87
2003-01-20,1192.65
2003-01-21,1194.36
2003-01-22,1199.89
2003-01-23,1186.63
2003-01-24,1170.17
2003-01-27,1149.82
2003-01-28,1159.29
2003-01-29,1149.31
2003-01-30,1146.45
2003-01-31,1154.67
2003-02-03,1169.78
2003-02-04,1169.2
2003-02-05,1161.01
2003-02-06,1178.96
2003-02-07,1172.23
2003-02-10,1162.32
2003-02-11,1161.7
2003-02-12,1157.76
2003-02-14,1148.36
2003-02-17,1173.0
2003-02-18,1174.19
2003-02-19,1179.72
2003-02-20,1181.2
2003-02-21,1181.78
2003-02-24,1186.22
2003-02-25,1170.04
2003-02-26,1163.48
2003-02-27,1167.18
2003-02-28,1178.72
2003-03-03,1173.69
2003-03-04,1160.15
2003-03-05,1153.57
2003-03-06,1143.13
2003-03-07,1127.4
2003-03-10,1115.88
2003-03-11,1124.6
2003-03-12,1110.35
2003-03-13,1108.08
2003-03-17,1100.72
2003-03-19,1113.07
2003-03-20,1136.74
2003-03-21,1142.63
2003-03-22,1149.94
2003-03-24,1124.15
2003-03-25,1121.27
2003-03-26,1124.08
2003-03-27,1111.8
2003-03-28,1109.46
2003-03-31,1084.64
2003-04-01,1091.38
2003-04-02,1108.14
2003-04-03,1118.97
2003-04-04,1129.64
2003-04-07,1145.8
2003-04-08,1130.94
2003-04-09,1116.21
2003-04-10,1069.0
2003-04-11,1055.23
2003-04-15,1056.75
2003-04-16,1065.07
2003-04-17,1045.11
2003-04-21,1052.35
2003-04-22,1048.23
2003-04-23,1037.87
2003-04-24,1032.91
2003-04-25,1026.9
2003-04-28,1032.69
2003-04-29,1035.75
2003-04-30,1038.0
2003-05-02,1042.72
2003-05-05,1050.6
2003-05-06,1057.77
2003-05-07,1056.01
2003-05-08,1046.46
2003-05-09,1042.34
2003-05-12,1040.26
2003-05-13,1049.37
2003-05-14,1058.25
2003-05-15,1066.94
2003-05-16,1081.68
2003-05-19,1074.43
2003-05-20,1079.97
2003-05-21,1076.04
2003-05-22,1070.72
2003-05-23,1078.19
2003-05-26,1094.38
2003-05-27,1088.15
2003-05-28,1104.01
2003-05-29,1117.64
2003-05-30,1122.32
2003-06-02,1131.6
2003-06-03,1126.61
2003-06-04,1138.17
2003-06-05,1153.78
2003-06-06,1166.43
2003-06-09,1173.69
2003-06-10,1158.3
2003-06-11,1165.29
2003-06-12,1173.35
2003-06-13,1178.83
2003-06-16,1173.92
2003-06-17,1207.62
2003-06-18,1212.99
2003-06-19,1219.73
2003-06-20,1233.49
2003-06-23,1221.09
2003-06-24,1216.8
2003-06-25,1240.65
2003-06-26,1251.73
2003-06-27,1262.04
2003-06-30,1272.21
2003-07-01,1269.23
2003-07-02,1272.68
2003-07-03,1284.9
2003-07-04,1279.68
2003-07-07,1282.07
2003-07-08,1288.07
2003-07-09,1282.61
2003-07-10,1306.98
2003-07-11,1306.17
2003-07-14,1319.31
2003-07-15,1306.19
2003-07-16,1318.49
2003-07-17,1299.63
2003-07-18,1286.05
2003-07-21,1258.78
2003-07-22,1251.3
2003-07-23,1262.53
2003-07-24,1285.5
2003-07-25,1311.81
2003-07-28,1319.08
2003-07-29,1325.37
2003-07-30,1334.65
2003-07-31,1337.86
2003-08-01,1349.06
2003-08-04,1359.27
2003-08-05,1337.62
2003-08-06,1322.54
2003-08-07,1351.76
2003-08-08,1381.76
2003-08-11,1393.84
2003-08-12,1396.07
2003-08-13,1410.53
2003-08-14,1413.29
2003-08-18,1451.58
2003-08-19,1447.35
2003-08-20,1458.39
2003-08-21,1473.69
2003-08-22,1485.47
2003-08-25,1440.09
2003-08-26,1493.41
2003-08-27,1518.48
2003-08-28,1519.36
2003-08-29,1538.08
2003-09-01,1560.1
2003-09-02,1570.87
2003-09-03,1541.24
2003-09-04,1556.41
2003-09-05,1587.39
2003-09-08,1609.21
2003-09-09,1597.47
2003-09-10,1600.32
2003-09-11,1593.05
2003-09-12,1558.8
2003-09-15,1510.13
2003-09-16,1542.69
2003-09-17,1524.15
2003-09-18,1479.66
2003-09-19,1502.11
2003-09-22,1480.34
2003-09-23,1509.07
2003-09-24,1559.06
2003-09-25,1542.17
2003-09-26,1575.95
2003-09-29,1590.72
2003-09-30,1610.21
2003-10-01,1614.49
2003-10-03,1646.82
2003-10-06,1680.43
2003-10-07,1679.28
2003-10-08,1680.11
2003-10-09,1708.28
2003-10-10,1732.12
2003-10-13,1759.03
2003-10-14,1729.5
2003-10-15,1747.93
2003-10-16,1769.51
2003-10-17,1785.17
2003-10-20,1754.73
2003-10-21,1713.54
2003-10-22,1699.43
2003-10-23,1672.53
2003-10-24,1713.02
2003-10-25,1731.14
2003-10-27,1689.45
2003-10-28,1685.39
2003-10-29,1704.69
2003-10-30,1725.65
2003-10-31,1770.08
2003-11-03,1822.13
2003-11-04,1841.53
2003-11-05,1830.63
2003-11-06,1834.14
2003-11-07,1811.17
2003-11-10,1813.99
2003-11-11,1821.67
2003-11-12,1824.69
2003-11-13,1797.52
2003-11-14,1763.95
2003-11-15,1778.0
2003-11-17,1797.49
2003-11-18,1780.01
2003-11-19,1752.96
2003-11-20,1732.19
2003-11-21,1753.12
2003-11-24,1756.8
2003-11-25,1784.96
2003-11-27,1818.76
2003-11-28,1837.98
2003-12-01,1886.2
2003-12-02,1887.17
2003-12-03,1900.83
2003-12-04,1906.18
2003-12-05,1872.72
2003-12-08,1873.22
2003-12-09,1906.91
2003-12-10,1919.52
2003-12-11,1929.16
2003-12-12,1933.13
2003-12-15,1961.68
2003-12-16,1975.81
2003-12-17,1972.54
2003-12-18,1998.58
2003-12-19,2024.12
2003-12-22,2036.17
2003-12-23,2026.13
2003-12-24,2058.43
2003-12-26,2090.71
2003-12-29,2133.4
2003-12-30,2132.5
2003-12-31,2139.93
2004-01-01,2177.45
2004-01-02,2215.94
2004-01-05,2226.13
2004-01-06,2193.92
2004-01-07,2182.56
2004-01-08,2241.57
2004-01-09,2245.39
2004-01-12,2215.43
2004-01-13,2236.94
2004-01-14,2258.09
2004-01-15,2215.1
2004-01-16,2165.22
2004-01-19,2204.87
2004-01-20,2156.9
2004-01-21,2078.71
2004-01-22,2017.62
2004-01-23,2105.45
2004-01-27,2170.56
2004-01-28,2123.13
2004-01-29,2100.96
2004-01-30,2062.42
2004-02-03,2015.97
2004-02-04,2076.77
2004-02-05,2056.6
2004-02-06,2089.8
2004-02-09,2143.42
2004-02-10,2143.51
2004-02-11,2155.73
2004-02-12,2149.07
2004-02-13,2181.36
2004-02-16,2181.26
2004-02-17,2188.72
2004-02-18,2184.58
2004-02-19,2118.28
2004-02-20,2111.83
2004-02-23,2061.16
2004-02-24,2076.18
2004-02-25,2037.01
2004-02-26,2013.04
2004-02-27,2052.4
2004-03-01,2112.12
2004-03-03,2120.89
2004-03-04,2102.02
2004-03-05,2129.21
2004-03-08,2149.26
2004-03-09,2127.38
2004-03-10,2102.64
2004-03-11,2058.24
2004-03-12,2065.94
2004-03-15,2010.32
2004-03-16,1994.52
2004-03-17,1995.06
2004-03-18,1957.21
2004-03-19,1966.88
2004-03-22,1921.15
2004-03-23,1934.15
2004-03-24,1929.23
2004-03-25,1943.31
2004-03-26,1992.43
2004-03-29,2009.01
2004-03-30,1995.43
2004-03-31,2020.25
2004-04-01,2074.68
2004-04-02,2099.15
2004-04-05,2116.81
2004-04-06,2110.61
2004-04-07,2107.77
2004-04-08,2113.34
2004-04-12,2095.94
2004-04-13,2141.82
2004-04-15,2123.0
2004-04-16,2130.97
2004-04-17,2130.01
2004-04-19,2102.56
2004-04-20,2102.84
2004-04-21,2136.02
2004-04-22,2154.65
2004-04-23,2157.95
2004-04-27,2072.19
2004-04-28,2071.39
2004-04-29,2062.74
2004-04-30,2048.22
2004-05-03,2014.71
2004-05-04,2044.82
2004-05-05,2063.98
2004-05-06,2091.92
2004-05-07,2059.54
2004-05-10,2019.22
2004-05-11,1939.72
2004-05-12,1953.01
2004-05-13,1960.32
2004-05-14,1807.52
2004-05-17,1586.3
2004-05-18,1717.93
2004-05-19,1790.93
2004-05-20,1765.32
2004-05-21,1784.02
2004-05-24,1839.65
2004-05-25,1837.2
2004-05-26,1829.96
2004-05-27,1815.82
2004-05-28,1726.96
2004-05-31,1698.16
2004-06-01,1725.98
2004-06-02,1757.24
2004-06-03,1711.31
2004-06-04,1741.09
2004-06-07,1765.65
2004-06-08,1775.97
2004-06-09,1773.41
2004-06-10,1769.87
2004-06-11,1728.26
2004-06-14,1697.22
2004-06-15,1720.25
2004-06-16,1713.08
2004-06-17,1732.92
2004-06-18,1709.02
2004-06-21,1698.47
2004-06-22,1690.42
2004-06-23,1657.66
2004-06-24,1686.0
2004-06-25,1707.74
2004-06-28,1737.92
2004-06-29,1742.46
2004-06-30,1727.93
2004-07-01,1764.16
2004-07-02,1765.29
2004-07-05,1753.39
2004-07-06,1789.43
2004-07-07,1799.31
2004-07-08,1743.51
2004-07-09,1783.77
2004-07-12,1788.07
2004-07-13,1767.89
2004-07-14,1748.88
2004-07-15,1768.84
2004-07-16,1791.56
2004-07-19,1807.42
2004-07-20,1801.09
2004-07-21,1818.72
2004-07-22,1837.93
2004-07-23,1841.92
2004-07-26,1860.83
2004-07-27,1840.98
2004-07-28,1834.2
2004-07-29,1862.95
2004-07-30,1878.62
2004-08-02,1886.36
2004-08-03,1876.64
2004-08-04,1871.98
2004-08-05,1904.71
2004-08-06,1879.91
2004-08-09,1890.52
2004-08-10,1901.52
2004-08-11,1866.37
2004-08-12,1850.05
2004-08-13,1840.99
2004-08-16,1842.11
2004-08-17,1848.19
2004-08-18,1822.36
2004-08-19,1854.14
2004-08-20,1832.39
2004-08-23,1820.06
2004-08-24,1835.51
2004-08-25,1840.24
2004-08-26,1857.59
2004-08-27,1855.58
2004-08-30,1878.29
2004-08-31,1882.09
2004-09-01,1886.36
2004-09-02,1883.85
2004-09-03,1889.4
2004-09-06,1901.02
2004-09-07,1908.8
2004-09-08,1915.85
2004-09-09,1907.47
2004-09-10,1930.31
2004-09-13,1938.57
2004-09-14,1950.54
2004-09-15,1947.82
2004-09-16,1973.86
2004-09-17,2006.21
2004-09-20,2000.69
2004-09-21,2025.45
2004-09-22,2030.34
2004-09-23,1998.22
2004-09-24,1993.99
2004-09-27,1988.2
2004-09-28,1968.23
2004-09-29,2000.3
2004-09-30,2020.62
2004-10-01,2054.94
2004-10-04,2090.25
2004-10-05,2098.12
2004-10-06,2077.8
2004-10-07,2101.88
2004-10-08,2107.09
2004-10-09,2104.31
2004-10-11,2092.68
2004-10-12,2068.54
2004-10-14,2077.63
2004-10-15,2077.92
2004-10-18,2067.81
2004-10-19,2093.74
2004-10-20,2072.5
2004-10-21,2060.57
2004-10-25,2034.52
2004-10-26,2062.08
2004-10-27,2065.32
2004-10-28,2084.4
2004-10-29,2069.39
2004-11-01,2081.96
2004-11-02,2100.5
2004-11-03,2128.36
2004-11-04,2125.41
2004-11-05,2145.62
2004-11-08,2157.78
2004-11-09,2153.09
2004-11-10,2173.19
2004-11-11,2166.76
2004-11-12,2169.54
2004-11-16,2176.55
2004-11-17,2187.73
2004-11-18,2191.67
2004-11-19,2168.85
2004-11-22,2170.0
2004-11-23,2192.3
2004-11-24,2205.57
2004-11-25,2202.09
2004-11-29,2246.8
2004-11-30,2268.99
2004-12-01,2272.75
2004-12-02,2315.55
2004-12-03,2312.31
2004-12-06,2308.9
2004-12-07,2308.38
2004-12-08,2291.57
2004-12-09,2305.47
2004-12-10,2281.31
2004-12-13,2300.26
2004-12-14,2325.5
2004-12-15,2350.88
2004-12-16,2356.1
2004-12-17,2331.65
2004-12-20,2348.74
2004-12-21,2369.37
2004-12-22,2358.59
2004-12-23,2369.95
2004-12-24,2390.83
2004-12-27,2391.49
2004-12-28,2408.24
2004-12-29,2406.2
2004-12-30,2394.81
2004-12-31,2418.88
2005-01-03,2458.99
2005-01-04,2445.91
2005-01-05,2362.72
2005-01-06,2323.37
2005-01-07,2343.31
2005-01-10,2304.36
2005-01-11,2269.54
2005-01-12,2224.83
2005-01-13,2272.44
2005-01-14,2245.18
2005-01-17,2247.27
2005-01-18,2248.61
2005-01-19,2240.0
2005-01-20,2238.44
2005-01-24,2219.48
2005-01-25,2246.05
2005-01-27,2273.01
2005-01-28,2334.98
2005-01-31,2393.76
2005-02-01,2396.67
2005-02-02,2387.83
2005-02-03,2419.48
2005-02-04,2417.73
2005-02-07,2391.44
2005-02-08,2391.5
2005-02-09,2408.78
2005-02-10,2401.04
2005-02-11,2422.8
2005-02-14,2441.65
2005-02-15,2431.99
2005-02-16,2407.38
2005-02-17,2399.35
2005-02-18,2391.96
2005-02-21,2377.88
2005-02-22,2395.57
2005-02-23,2394.06
2005-02-24,2391.96
2005-02-25,2398.65
2005-02-28,2447.94
2005-03-01,2426.0
2005-03-02,2436.3
2005-03-03,2477.74
2005-03-04,2500.2
2005-03-07,2514.11
2005-03-08,2524.41
2005-03-09,2514.92
2005-03-10,2522.61
2005-03-11,2507.01
2005-03-14,2498.11
2005-03-15,2477.85
2005-03-16,2474.35
2005-03-17,2442.86
2005-03-18,2455.26
2005-03-21,2440.65
2005-03-22,2399.9
2005-03-23,2358.93
2005-03-24,2346.12
2005-03-28,2362.48
2005-03-29,2309.39
2005-03-30,2320.86
2005-03-31,2369.69
2005-04-01,2406.95
2005-04-04,2402.0
2005-04-05,2389.37
2005-04-06,2408.87
2005-04-07,2389.72
2005-04-08,2364.51
2005-04-11,2337.74
2005-04-12,2357.24
2005-04-13,2357.82
2005-04-15,2277.32
2005-04-18,2244.15
2005-04-19,2222.73
2005-04-20,2246.36
2005-04-21,2268.3
2005-04-22,2290.19
2005-04-25,2294.38
2005-04-26,2278.25
2005-04-27,2252.99
2005-04-28,2259.86
2005-04-29,2214.96
2005-05-02,2231.6
2005-05-03,2236.2
2005-05-04,2261.69
2005-05-05,2286.03
2005-05-06,2302.56
2005-05-09,2329.63
2005-05-10,2322.12
2005-05-11,2312.46
2005-05-12,2323.33
2005-05-13,2317.68
2005-05-16,2346.0
2005-05-17,2320.59
2005-05-18,2311.21
2005-05-19,2320.65
2005-05-20,2322.46
2005-05-23,2347.52
2005-05-24,2364.65
2005-05-25,2382.43
2005-05-26,2418.7
2005-05-27,2420.68
2005-05-30,2416.07
2005-05-31,2433.73
2005-06-01,2434.11
2005-06-02,2407.41
2005-06-03,2441.92
2005-06-04,2439.7
2005-06-06,2440.23
2005-06-07,2449.67
2005-06-08,2466.31
2005-06-09,2455.56
2005-06-10,2440.85
2005-06-13,2455.04
2005-06-14,2466.25
2005-06-15,2485.28
2005-06-16,2480.18
2005-06-17,2481.23
2005-06-20,2505.71
2005-06-21,2535.68
2005-06-22,2555.96
2005-06-23,2552.83
2005-06-24,2565.1
2005-06-27,2571.47
2005-06-28,2536.46
2005-06-29,2566.03
2005-06-30,2599.93
2005-07-01,2589.74
2005-07-04,2611.69
2005-07-05,2588.39
2005-07-06,2609.34
2005-07-07,2552.27
2005-07-08,2571.95
2005-07-11,2598.47
2005-07-12,2601.07
2005-07-13,2581.46
2005-07-14,2559.47
2005-07-15,2591.62
2005-07-18,2618.41
2005-07-19,2622.28
2005-07-20,2628.52
2005-07-21,2615.28
2005-07-22,2656.43
2005-07-25,2687.09
2005-07-26,2700.46
2005-07-27,2719.16
2005-07-29,2711.24
2005-08-01,2717.98
2005-08-02,2759.72
2005-08-03,2763.65
2005-08-04,2777.66
2005-08-05,2769.92
2005-08-08,2727.9
2005-08-09,2721.21
2005-08-10,2769.86
2005-08-11,2795.89
2005-08-12,2773.66
2005-08-16,2783.35
2005-08-17,2822.69
2005-08-18,2805.73
2005-08-19,2800.08
2005-08-22,2781.76
2005-08-23,2732.71
2005-08-24,2728.48
2005-08-25,2766.26
2005-08-26,2769.19
2005-08-29,2746.4
2005-08-30,2782.13
2005-08-31,2801.99
2005-09-01,2832.92
2005-09-02,2845.48
2005-09-05,2853.9
2005-09-06,2860.85
2005-09-08,2891.24
2005-09-09,2892.42
2005-09-12,2926.22
2005-09-13,2945.31
2005-09-14,2937.05
2005-09-15,2974.17
2005-09-16,3007.82
2005-09-19,3025.35
2005-09-20,3038.29
2005-09-21,3025.68
2005-09-22,2918.66
2005-09-23,2920.41
2005-09-26,3014.23
2005-09-27,3034.86
2005-09-28,3062.2
2005-09-29,3077.7
2005-09-30,3066.15
2005-10-03,3099.92
2005-10-04,3139.17
2005-10-05,3116.83
2005-10-06,3039.93
2005-10-07,3033.92
2005-10-10,3025.43
2005-10-11,3052.18
2005-10-13,2990.6
2005-10-14,2928.25
2005-10-17,2929.51
2005-10-18,2909.83
2005-10-19,2844.11
2005-10-20,2824.06
2005-10-21,2881.01
2005-10-24,2823.36
2005-10-25,2850.88
2005-10-26,2839.45
2005-10-27,2773.9
2005-10-28,2730.55
2005-10-31,2795.89
2005-11-01,2814.52
2005-11-02,2852.61
2005-11-07,2902.79
2005-11-08,2939.4
2005-11-09,2935.22
2005-11-10,2948.9
2005-11-11,3005.44
2005-11-14,3017.29
2005-11-16,3045.65
2005-11-17,3070.65
2005-11-18,3089.64
2005-11-21,3068.94
2005-11-22,3033.98
2005-11-23,3076.13
2005-11-24,3107.27
2005-11-25,3141.82
2005-11-26,3164.4
2005-11-28,3198.07
2005-11-29,3182.11
2005-11-30,3127.8
2005-12-01,3182.88
2005-12-02,3181.7
2005-12-05,3137.53
2005-12-06,3139.93
2005-12-07,3176.13
2005-12-08,3192.29
2005-12-09,3250.97
2005-12-12,3274.26
2005-12-13,3316.84
2005-12-14,3307.7
2005-12-15,3277.03
2005-12-16,3314.3
2005-12-19,3352.57
2005-12-20,3333.23
2005-12-21,3329.34
2005-12-22,3344.11
2005-12-23,3308.25
2005-12-26,3243.09
2005-12-27,3317.13
2005-12-28,3303.13
2005-12-29,3336.11
2005-12-30,3353.37
2006-01-02,3352.66
2006-01-03,3408.7
2006-01-04,3433.58
2006-01-05,3428.2
2006-01-06,3444.93
2006-01-09,3440.32
2006-01-10,3393.86
2006-01-12,3370.1
2006-01-13,3369.92
2006-01-16,3350.35
2006-01-17,3345.62
2006-01-18,3322.39
2006-01-19,3395.3
2006-01-20,3430.9
2006-01-23,3410.92
2006-01-24,3439.52
2006-01-25,3478.06
2006-01-27,3528.22
2006-01-30,3518.46
2006-01-31,3549.92
2006-02-01,3516.06
2006-02-02,3511.21
2006-02-03,3479.44
2006-02-06,3550.26
2006-02-07,3573.51
2006-02-08,3560.32
2006-02-10,3582.33
2006-02-13,3598.93
2006-02-14,3571.01
2006-02-15,3576.51
2006-02-16,3575.8
2006-02-17,3528.34
2006-02-20,3557.93
2006-02-21,3593.03
2006-02-22,3611.14
2006-02-23,3624.52
2006-02-24,3610.25
2006-02-27,3630.85
2006-02-28,3639.43
2006-03-01,3696.72
2006-03-02,3729.39
2006-03-03,3725.42
2006-03-06,3776.38
2006-03-07,3767.38
2006-03-08,3689.14
2006-03-09,3703.82
2006-03-10,3768.69
2006-03-13,3790.88
2006-03-14,3782.24
2006-03-16,3819.23
2006-03-17,3828.05
2006-03-20,3865.45
2006-03-21,3861.49
2006-03-22,3835.71
2006-03-23,3844.0
2006-03-24,3883.16
2006-03-27,3932.71
2006-03-28,3936.68
2006-03-29,3971.57
2006-03-30,4048.24
2006-03-31,4028.82
2006-04-03,4112.59
2006-04-04,4124.25
2006-04-05,4157.11
2006-04-07,4090.68
2006-04-10,4118.69
2006-04-12,4002.12
2006-04-13,3961.27
2006-04-17,4055.58
2006-04-18,4165.64
2006-04-19,4186.65
2006-04-20,4231.23
2006-04-21,4230.7
2006-04-24,4202.1
2006-04-25,4100.25
2006-04-26,4210.49
2006-04-27,4154.07
2006-04-28,4155.54
2006-04-29,4213.88
2006-05-02,4270.56
2006-05-03,4304.67
2006-05-04,4321.72
2006-05-05,4340.14
2006-05-08,4374.73
2006-05-09,4407.18
2006-05-10,4447.1
2006-05-11,4384.45
2006-05-12,4324.1
2006-05-15,4149.84
2006-05-16,4173.95
2006-05-17,4306.39
2006-05-18,4015.0
2006-05-19,3846.76
2006-05-22,3650.63
2006-05-23,3790.43
2006-05-24,3691.15
2006-05-25,3767.26
2006-05-26,3806.63
2006-05-29,3812.92
2006-05-30,3777.81
2006-05-31,3642.31
2006-06-01,3516.37
2006-06-02,3669.62
2006-06-05,3580.95
2006-06-06,3486.76
2006-06-07,3395.53
2006-06-08,3233.97
2006-06-09,3402.47
2006-06-12,3296.29
2006-06-13,3161.5
2006-06-14,3125.3
2006-06-15,3322.86
2006-06-16,3432.03
2006-06-19,3465.15
2006-06-20,3399.1
2006-06-21,3473.05
2006-06-22,3557.96
2006-06-23,3616.01
2006-06-25,3625.04
2006-06-26,3497.76
2006-06-27,3544.41
2006-06-28,3542.81
2006-06-29,3565.64
2006-06-30,3721.71
2006-07-03,3748.77
2006-07-04,3734.14
2006-07-05,3803.68
2006-07-06,3756.97
2006-07-07,3661.52
2006-07-10,3742.39
2006-07-11,3711.6
2006-07-12,3806.59
2006-07-13,3774.9
2006-07-14,3720.7
2006-07-17,3582.75
2006-07-18,3566.19
2006-07-19,3493.65
2006-07-20,3601.22
2006-07-21,3508.38
2006-07-24,3557.04
2006-07-25,3622.15
2006-07-26,3705.12
2006-07-27,3759.92
2006-07-28,3730.68
2006-07-31,3745.46
2006-08-01,3750.94
2006-08-02,3791.81
2006-08-03,3801.22
2006-08-04,3785.43
2006-08-07,3754.87
2006-08-08,3829.33
2006-08-09,3880.02
2006-08-10,3887.22
2006-08-11,3904.83
2006-08-14,3952.53
2006-08-16,4003.77
2006-08-17,4001.21
2006-08-18,4005.15
2006-08-21,4016.18
2006-08-22,4014.51
2006-08-23,3980.36
2006-08-24,4021.65
2006-08-25,4040.2
2006-08-28,4058.28
2006-08-29,4087.63
2006-08-30,4093.18
2006-08-31,4073.55
2006-09-01,4099.37
2006-09-04,4148.77
2006-09-05,4145.07
2006-09-06,4155.31
2006-09-07,4128.48
2006-09-08,4148.68
2006-09-11,4022.83
2006-09-12,4051.22
2006-09-13,4128.48
2006-09-14,4148.85
2006-09-15,4157.22
2006-09-18,4174.26
2006-09-19,4131.95
2006-09-20,4186.27
2006-09-21,4246.33
2006-09-22,4235.96
2006-09-25,4211.34
2006-09-26,4269.07
2006-09-27,4278.1
2006-09-28,4269.07
2006-09-29,4288.97
2006-10-03,4266.5
2006-10-04,4201.66
2006-10-05,4260.89
2006-10-06,4266.62
2006-10-09,4263.57
2006-10-10,4268.24
2006-10-11,4253.3
2006-10-12,4328.0
2006-10-13,4393.74
2006-10-16,4450.99
2006-10-17,4440.29
2006-10-18,4435.09
2006-10-19,4396.38
2006-10-20,4395.51
2006-10-21,4403.46
2006-10-23,4372.72
2006-10-26,4396.93
2006-10-27,4470.82
2006-10-30,4506.39
2006-10-31,4476.5
2006-11-01,4503.94
2006-11-02,4533.42
2006-11-03,4550.45
2006-11-06,4555.12
2006-11-07,4542.56
2006-11-08,4516.91
2006-11-09,4539.88
2006-11-10,4585.74
2006-11-13,4614.44
2006-11-14,4622.99
2006-11-15,4635.61
2006-11-16,4636.27
2006-11-17,4607.51
2006-11-20,4611.51
2006-11-21,4685.78
2006-11-22,4729.43
2006-11-23,4718.31
2006-11-24,4724.76
2006-11-27,4746.35
2006-11-28,4689.96
2006-11-29,4697.68
2006-11-30,4729.13
2006-12-01,4780.67
2006-12-04,4785.0
2006-12-05,4802.64
2006-12-06,4802.88
2006-12-07,4802.16
2006-12-08,4738.36
2006-12-11,4603.81
2006-12-12,4445.23
2006-12-13,4502.99
2006-12-14,4596.1
2006-12-15,4650.63
2006-12-18,4704.24
2006-12-19,4588.39
2006-12-20,4568.69
2006-12-21,4590.19
2006-12-22,4635.27
2006-12-26,4718.31
2006-12-27,4767.87
2006-12-28,4763.43
2006-12-29,4758.45
2007-01-02,4807.77
2007-01-03,4827.74
2007-01-04,4785.45
2007-01-05,4778.97
2007-01-08,4718.99
2007-01-09,4692.59
2007-01-10,4619.29
2007-01-11,4729.61
2007-01-12,4861.82
2007-01-15,4893.39
2007-01-16,4895.91
2007-01-17,4891.05
2007-01-18,4930.16
2007-01-19,4907.74
2007-01-22,4923.09
2007-01-23,4879.47
2007-01-24,4908.03
2007-01-25,4977.39
2007-01-29,4949.49
2007-01-31,4899.39
2007-02-01,4966.14
2007-02-02,5021.71
2007-02-05,5059.94
2007-02-06,5037.05
2007-02-07,5071.08
2007-02-08,5070.06
2007-02-09,5026.84
2007-02-12,4879.72
2007-02-13,4863.8
2007-02-14,4867.12
2007-02-15,4986.3
2007-02-19,5008.75
2007-02-20,4939.47
2007-02-21,4926.78
2007-02-22,4859.19
2007-02-23,4737.65
2007-02-26,4741.32
2007-02-27,4683.46
2007-02-28,4504.73
2007-03-01,4583.99
2007-03-02,4482.42
2007-03-05,4301.7
2007-03-06,4396.9
2007-03-07,4362.36
2007-03-08,4524.5
2007-03-09,4472.42
2007-03-12,4492.39
2007-03-13,4535.63
2007-03-14,4380.97
2007-03-15,4384.74
2007-03-16,4343.36
2007-03-19,4428.04
2007-03-20,4450.55
2007-03-21,4534.62
2007-03-22,4668.95
2007-03-23,4651.43
2007-03-26,4603.34
2007-03-28,4533.03
2007-03-29,4577.63
2007-03-30,4605.89
2007-04-02,4379.37
2007-04-03,4448.12
2007-04-04,4499.91
2007-04-05,4522.51
2007-04-09,4632.8
2007-04-10,4638.41
2007-04-11,4655.88
2007-04-12,4616.35
2007-04-13,4721.82
2007-04-16,4837.53
2007-04-17,4803.3
2007-04-18,4835.42
2007-04-19,4818.61
2007-04-20,4923.47
2007-04-23,4931.08
2007-04-24,4999.52
2007-04-25,5030.3
2007-04-26,5043.03
2007-04-27,4929.15
2007-04-30,4934.46
2007-05-03,5010.44
2007-05-04,4970.0
2007-05-07,4962.52
2007-05-08,4921.3
2007-05-09,4924.08
2007-05-10,4908.99
2007-05-11,4920.88
2007-05-14,4990.55
2007-05-15,4973.65
2007-05-16,5034.79
2007-05-17,5093.9
2007-05-18,5087.8
2007-05-21,5143.81
2007-05-22,5164.58
2007-05-23,5126.07
2007-05-24,5076.21
2007-05-25,5128.42
2007-05-28,5138.56
2007-05-29,5182.87
2007-05-30,5130.23
2007-05-31,5185.95
2007-06-01,5188.58
2007-06-04,5152.36
2007-06-05,5173.61
2007-06-06,5069.99
2007-06-07,5047.71
2007-06-08,5007.87
2007-06-11,5008.59
2007-06-12,5021.28
2007-06-13,4971.76
2007-06-14,5042.38
2007-06-15,5044.9
2007-06-18,5015.45
2007-06-19,5096.72
2007-06-20,5138.26
2007-06-21,5160.94
2007-06-22,5142.38
2007-06-25,5151.26
2007-06-26,5183.07
2007-06-27,5156.77
2007-06-28,5179.91
2007-06-29,5223.82
2007-07-02,5218.32
2007-07-03,5271.3
2007-07-04,5273.42
2007-07-05,5267.33
2007-07-06,5304.84
2007-07-09,5346.64
2007-07-10,5331.14
2007-07-11,5308.27
2007-07-12,5379.66
2007-07-13,5450.57
2007-07-16,5462.01
2007-07-17,5443.84
2007-07-18,5447.23
2007-07-19,5522.95
2007-07-20,5527.74
2007-07-23,5592.26
2007-07-24,5593.96
2007-07-25,5555.16
2007-07-26,5592.81
2007-07-27,5381.97
2007-07-30,5375.74
2007-07-31,5483.25
2007-08-01,5261.69
2007-08-02,5274.76
2007-08-03,5330.23
2007-08-06,5255.08
2007-08-07,5276.76
2007-08-08,5406.51
2007-08-09,5335.14
2007-08-10,5250.51
2007-08-13,5299.34
2007-08-14,5295.27
2007-08-16,5063.42
2007-08-17,4978.73
2007-08-20,5101.1
2007-08-21,4938.51
2007-08-22,5033.64
2007-08-23,4987.63
2007-08-24,5078.77
2007-08-27,5215.11
2007-08-28,5237.01
2007-08-29,5283.81
2007-08-30,5348.64
2007-08-31,5411.29
2007-09-03,5424.33
2007-09-04,5430.49
2007-09-05,5426.37
2007-09-06,5478.17
2007-09-07,5467.13
2007-09-10,5470.46
2007-09-11,5457.35
2007-09-12,5457.12
2007-09-13,5496.07
2007-09-14,5483.09
2007-09-17,5454.74
2007-09-18,5517.33
2007-09-19,5743.32
2007-09-20,5761.77
2007-09-21,5871.0
2007-09-24,5985.91
2007-09-25,5993.99
2007-09-26,5995.94
2007-09-27,6068.83
2007-09-28,6094.11
2007-10-01,6151.88
2007-10-03,6323.99
2007-10-04,6321.38
2007-10-05,6293.71
2007-10-08,6171.46
2007-10-09,6465.33
2007-10-10,6603.91
2007-10-11,6705.13
2007-10-12,6587.9
2007-10-15,6881.82
2007-10-16,6878.92
2007-10-17,6746.99
2007-10-18,6494.74
2007-10-19,6330.03
2007-10-22,6292.55
2007-10-23,6644.48
2007-10-24,6671.7
2007-10-25,6760.63
2007-10-26,6922.5
2007-10-29,7169.67
2007-10-30,7124.58
2007-10-31,7163.3
2007-11-01,7121.96
2007-11-02,7202.01
2007-11-05,7098.67
2007-11-06,7024.91
2007-11-07,7021.12
2007-11-08,6919.65
2007-11-09,6876.51
2007-11-12,6820.5
2007-11-13,6915.56
2007-11-14,7209.99
2007-11-15,7178.71
2007-11-16,7172.31
2007-11-19,7173.27
2007-11-20,7019.36
2007-11-21,6752.41
2007-11-22,6701.81
2007-11-23,6810.16
2007-11-26,6959.61
2007-11-27,6918.92
2007-11-28,6821.04
2007-11-29,6841.75
2007-11-30,6997.6
2007-12-03,7121.74
2007-12-04,7113.64
2007-12-05,7212.82
2007-12-06,7230.63
2007-12-07,7254.45
2007-12-10,7237.85
2007-12-11,7403.77
2007-12-12,7479.08
2007-12-13,7356.2
2007-12-14,7343.61
2007-12-17,7014.87
2007-12-18,6972.75
2007-12-19,6984.11
2007-12-20,7002.72
2007-12-24,7268.18
2007-12-26,7379.02
2007-12-27,7392.06
2007-12-28,7389.9
2007-12-31,7461.48
2008-01-01,7468.49
2008-01-02,7511.06
2008-01-03,7510.02
2008-01-04,7626.41
2008-01-07,7632.26
2008-01-08,7642.89
2008-01-09,7623.64
2008-01-10,7483.81
2008-01-11,7536.23
2008-01-14,7544.53
2008-01-15,7383.38
2008-01-16,7215.08
2008-01-17,7187.64
2008-01-18,6934.95
2008-01-21,6331.44
2008-01-22,5955.22
2008-01-23,6325.66
2008-01-24,6119.07
2008-01-25,6544.4
2008-01-28,6411.61
2008-01-29,6419.74
2008-01-30,6282.15
2008-01-31,6245.45
2008-02-01,6465.46
2008-02-04,6647.28
2008-02-05,6672.07
2008-02-06,6475.74
2008-02-07,6245.48
2008-02-08,6229.73
2008-02-11,5909.35
2008-02-12,5886.53
2008-02-13,5998.76
2008-02-14,6330.73
2008-02-15,6453.55
2008-02-18,6421.91
2008-02-19,6426.66
2008-02-20,6272.88
2008-02-21,6318.3
2008-02-22,6219.66
2008-02-25,6329.13
2008-02-26,6413.55
2008-02-27,6411.53
2008-02-28,6431.87
2008-02-29,6356.92
2008-03-03,6027.69
2008-03-04,5919.69
2008-03-05,5989.23
2008-03-07,5806.95
2008-03-10,5842.02
2008-03-11,5921.71
2008-03-12,5929.12
2008-03-13,5626.82
2008-03-14,5775.57
2008-03-17,5481.22
2008-03-18,5517.59
2008-03-19,5567.43
2008-03-24,5611.17
2008-03-25,5936.92
2008-03-26,5877.72
2008-03-27,5879.4
2008-03-28,6015.47
2008-03-31,5762.88
2008-04-01,5769.05
2008-04-02,5786.85
2008-04-03,5808.01
2008-04-04,5656.4
2008-04-07,5795.39
2008-04-08,5732.64
2008-04-09,5778.16
2008-04-10,5761.35
2008-04-11,5815.89
2008-04-15,5939.87
2008-04-16,5949.2
2008-04-17,6035.71
2008-04-21,6131.62
2008-04-22,6146.63
2008-04-23,6114.37
2008-04-24,6086.43
2008-04-25,6222.55
2008-04-28,6195.76
2008-04-29,6325.09
2008-04-30,6289.07
2008-05-02,6364.89
2008-05-05,6321.13
2008-05-06,6263.17
2008-05-07,6252.05
2008-05-08,6189.65
2008-05-09,6068.94
2008-05-12,6105.53
2008-05-13,6038.76
2008-05-14,6104.47
2008-05-15,6230.52
2008-05-16,6282.21
2008-05-20,6217.98
2008-05-21,6233.83
2008-05-22,6121.51
2008-05-23,6025.43
2008-05-26,5938.4
2008-05-27,5919.8
2008-05-28,5991.15
2008-05-29,5895.41
2008-05-30,5937.81
2008-06-02,5778.7
2008-06-03,5749.83
2008-06-04,5590.94
2008-06-05,5702.34
2008-06-06,5642.43
2008-06-09,5487.73
2008-06-10,5425.39
2008-06-11,5515.36
2008-06-12,5534.58
2008-06-13,5507.44
2008-06-16,5575.95
2008-06-17,5674.15
2008-06-18,5588.82
2008-06-19,5493.52
2008-06-20,5302.42
2008-06-23,5203.42
2008-06-24,5111.57
2008-06-25,5186.64
2008-06-26,5263.74
2008-06-27,5047.27
2008-06-30,4929.98
2008-07-01,4754.56
2008-07-02,4994.44
2008-07-03,4790.37
2008-07-04,4900.85
2008-07-07,4917.92
2008-07-08,4867.38
2008-07-09,5073.06
2008-07-10,5081.3
2008-07-11,4943.11
2008-07-14,4931.72
2008-07-15,4713.68
2008-07-16,4661.66
2008-07-17,4821.47
2008-07-18,5000.66
2008-07-21,5082.83
2008-07-22,5181.77
2008-07-23,5471.01
2008-07-24,5418.38
2008-07-25,5269.68
2008-07-28,5294.39
2008-07-29,5120.56
2008-07-30,5271.75
2008-07-31,5297.47
2008-08-01,5396.0
2008-08-04,5375.02
2008-08-05,5506.51
2008-08-06,5524.49
2008-08-07,5532.19
2008-08-08,5539.39
2008-08-11,5650.57
2008-08-12,5567.46
2008-08-13,5539.06
2008-08-14,5419.51
2008-08-18,5374.12
2008-08-19,5343.76
2008-08-20,5402.6
2008-08-21,5242.06
2008-08-22,5295.39
2008-08-25,5305.47
2008-08-26,5308.09
2008-08-27,5252.56
2008-08-28,5158.55
2008-08-29,5337.28
2008-09-01,5324.55
2008-09-02,5514.77
2008-09-04,5445.92
2008-09-05,5329.03
2008-09-08,5493.3
2008-09-09,5477.25
2008-09-10,5393.61
2008-09-11,5258.8
2008-09-12,5183.0
2008-09-15,4992.36
2008-09-16,4994.8
2008-09-17,4913.11
2008-09-18,4949.74
2008-09-19,5204.46
2008-09-22,5177.23
2008-09-23,5059.37
2008-09-24,5101.48
2008-09-25,5039.33
2008-09-26,4885.7
2008-09-29,4719.95
2008-09-30,4807.2
2008-10-01,4843.43
2008-10-03,4681.04
2008-10-06,4416.27
2008-10-07,4421.47
2008-10-08,4307.52
2008-10-10,4021.03
2008-10-13,4279.38
2008-10-14,4313.68
2008-10-15,4092.67
2008-10-16,4008.87
2008-10-17,3769.83
2008-10-20,3829.23
2008-10-21,3966.69
2008-10-22,3759.15
2008-10-23,3609.55
2008-10-24,3169.11
2008-10-27,3095.74
2008-10-28,3292.44
2008-10-29,3308.29
2008-10-31,3539.57
2008-11-03,3733.72
2008-11-04,3854.26
2008-11-05,3673.76
2008-11-06,3548.22
2008-11-07,3646.83
2008-11-10,3861.78
2008-11-11,3604.66
2008-11-12,3494.05
2008-11-14,3447.27
2008-11-17,3434.07
2008-11-18,3291.25
2008-11-19,3232.23
2008-11-20,3131.78
2008-11-21,3303.91
2008-11-24,3322.07
2008-11-25,3255.51
2008-11-26,3376.05
2008-11-28,3379.53
2008-12-01,3290.95
2008-12-02,3260.18
2008-12-03,3258.54
2008-12-04,3419.88
2008-12-05,3329.57
2008-12-08,3414.95
2008-12-10,3591.9
2008-12-11,3582.0
2008-12-12,3583.48
2008-12-15,3656.85
2008-12-16,3731.13
2008-12-17,3623.92
2008-12-18,3754.43
2008-12-19,3775.02
2008-12-22,3728.11
2008-12-23,3647.56
2008-12-24,3583.91
2008-12-26,3510.64
2008-12-29,3590.46
2008-12-30,3660.89
2008-12-31,3635.87
2009-01-01,3727.18
2009-01-02,3743.48
2009-01-05,3835.29
2009-01-06,3824.63
2009-01-07,3588.27
2009-01-09,3530.0
2009-01-12,3407.29
2009-01-13,3372.7
2009-01-14,3483.84
2009-01-15,3362.74
2009-01-16,3475.45
2009-01-19,3497.27
2009-01-20,3436.31
2009-01-21,3325.17
2009-01-22,3334.55
2009-01-23,3291.24
2009-01-27,3405.28
2009-01-28,3502.03
2009-01-29,3474.27
2009-01-30,3538.57
2009-02-02,3405.45
2009-02-03,3426.68
2009-02-04,3450.6
2009-02-05,3422.28
2009-02-06,3499.89
2009-02-09,3594.44
2009-02-10,3612.41
2009-02-11,3601.57
2009-02-12,3561.72
2009-02-13,3629.83
2009-02-16,3506.9
2009-02-17,3411.56
2009-02-18,3418.72
2009-02-19,3435.02
2009-02-20,3369.86
2009-02-24,3366.73
2009-02-25,3401.93
2009-02-26,3430.46
2009-02-27,3403.33
2009-03-02,3293.68
2009-03-03,3229.43
2009-03-04,3257.46
2009-03-05,3173.11
2009-03-06,3226.63
2009-03-09,3168.76
2009-03-12,3223.3
2009-03-13,3348.7
2009-03-16,3420.13
2009-03-17,3395.69
2009-03-18,3441.57
2009-03-19,3456.95
2009-03-20,3456.79
2009-03-23,3620.38
2009-03-24,3619.2
2009-03-25,3675.43
2009-03-26,3796.04
2009-03-27,3828.51
2009-03-30,3667.79
2009-03-31,3720.51
2009-04-01,3769.02
2009-04-02,3954.66
2009-04-06,4010.72
2009-04-08,4117.08
2009-04-09,4115.95
2009-04-13,4165.93
2009-04-15,4290.96
2009-04-16,4149.81
2009-04-17,4168.14
2009-04-20,4159.13
2009-04-21,4144.6
2009-04-22,4101.5
2009-04-23,4216.52
2009-04-24,4286.93
2009-04-27,4273.67
2009-04-28,4141.09
2009-04-29,4278.54
2009-05-04,4500.26
2009-05-05,4510.02
2009-05-06,4464.63
2009-05-07,4537.12
2009-05-08,4459.27
2009-05-11,4377.93
2009-05-12,4533.71
2009-05-13,4477.25
2009-05-14,4426.36
2009-05-15,4522.65
2009-05-18,5325.19
2009-05-19,5319.42
2009-05-20,5260.08
2009-05-21,5186.89
2009-05-22,5220.91
2009-05-25,5219.76
2009-05-26,5070.9
2009-05-27,5267.14
2009-05-28,5342.36
2009-05-29,5480.11
2009-06-01,5579.85
2009-06-02,5574.12
2009-06-03,5580.81
2009-06-04,5634.78
2009-06-05,5652.34
2009-06-08,5458.86
2009-06-09,5608.04
2009-06-10,5739.53
2009-06-11,5719.84
2009-06-12,5654.27
2009-06-15,5531.62
2009-06-16,5574.9
2009-06-17,5375.47
2009-06-18,5246.17
2009-06-19,5322.95
2009-06-22,5226.95
2009-06-23,5241.45
2009-06-24,5298.16
2009-06-25,5235.08
2009-06-26,5400.02
2009-06-29,5419.52
2009-06-30,5296.58
2009-07-01,5358.01
2009-07-02,5368.2
2009-07-03,5461.26
2009-07-06,5147.4
2009-07-07,5192.48
2009-07-08,5040.16
2009-07-09,5043.45
2009-07-10,4948.21
2009-07-13,4914.79
2009-07-14,5085.26
2009-07-15,5236.32
2009-07-16,5233.7
2009-07-17,5411.29
2009-07-20,5568.72
2009-07-21,5527.7
2009-07-22,5441.0
2009-07-23,5595.44
2009-07-24,5652.04
2009-07-27,5657.08
2009-07-28,5646.92
2009-07-29,5584.33
2009-07-30,5656.66
2009-07-31,5737.09
2009-08-03,5830.35
2009-08-04,5792.67
2009-08-05,5809.57
2009-08-06,5675.13
2009-08-07,5546.33
2009-08-10,5492.49
2009-08-11,5534.22
2009-08-12,5517.09
2009-08-13,5699.66
2009-08-14,5668.78
2009-08-17,5430.95
2009-08-18,5521.3
2009-08-19,5441.06
2009-08-20,5515.01
2009-08-21,5608.87
2009-08-24,5750.03
2009-08-25,5770.53
2009-08-26,5797.53
2009-08-27,5806.62
2009-08-28,5861.96
2009-08-31,5774.96
2009-09-01,5729.9
2009-09-02,5708.82
2009-09-03,5690.74
2009-09-04,5798.37
2009-09-07,5925.39
2009-09-08,5953.08
2009-09-09,5964.2
2009-09-10,5971.09
2009-09-11,5985.39
2009-09-14,5960.63
2009-09-15,6064.15
2009-09-16,6146.31
2009-09-17,6155.18
2009-09-18,6168.19
2009-09-22,6223.21
2009-09-23,6160.91
2009-09-24,6181.47
2009-09-25,6147.23
2009-09-29,6206.65
2009-09-30,6302.19
2009-10-01,6301.54
2009-10-05,6202.09
2009-10-06,6232.12
2009-10-07,6180.46
2009-10-08,6200.92
2009-10-09,6130.2
2009-10-12,6265.4
2009-10-14,6344.64
2009-10-15,6334.84
2009-10-16,6379.5
2009-10-17,6379.08
2009-10-20,6345.15
2009-10-21,6282.03
2009-10-22,6188.98
2009-10-23,6199.5
2009-10-26,6167.03
2009-10-27,6012.97
2009-10-28,5987.82
2009-10-29,5894.12
2009-10-30,5846.03
2009-11-03,5662.6
2009-11-04,5844.86
2009-11-05,5912.8
2009-11-06,5951.91
2009-11-09,6078.83
2009-11-10,6058.1
2009-11-11,6209.76
2009-11-12,6146.15
2009-11-13,6203.57
2009-11-16,6276.92
2009-11-17,6282.16
2009-11-18,6272.78
2009-11-19,6191.25
2009-11-20,6269.95
2009-11-23,6333.39
2009-11-24,6317.26
2009-11-25,6339.11
2009-11-26,6211.8
2009-11-27,6132.6
2009-11-30,6245.49
2009-12-01,6356.3
2009-12-02,6357.9
2009-12-03,6368.38
2009-12-04,6340.1
2009-12-07,6287.74
2009-12-08,6388.56
2009-12-09,6343.96
2009-12-10,6372.06
2009-12-11,6350.5
2009-12-14,6336.14
2009-12-15,6246.0
2009-12-16,6257.11
2009-12-17,6256.77
2009-12-18,6189.66
2009-12-21,6146.13
2009-12-22,6189.52
2009-12-23,6386.57
2009-12-24,6428.86
2009-12-29,6440.68
2009-12-30,6417.72
2009-12-31,6456.97
2010-01-04,6495.62
2010-01-05,6552.37
2010-01-06,6557.19
2010-01-07,6533.98
2010-01-08,6511.18
2010-01-11,6517.09
2010-01-12,6468.64
2010-01-13,6497.91
2010-01-14,6530.11
2010-01-15,6520.55
2010-01-18,6548.66
2010-01-19,6487.84
2010-01-20,6482.96
2010-01-21,6324.57
2010-01-22,6252.42
2010-01-25,6217.49
2010-01-27,6025.64
2010-01-28,6043.21
2010-01-29,6061.68
2010-02-01,6083.9
2010-02-02,5997.46
2010-02-03,6123.81
2010-02-04,6016.87
2010-02-05,5860.4
2010-02-06,5908.36
2010-02-08,5912.26
2010-02-09,5952.91
2010-02-10,5908.84
2010-02-11,5995.36
2010-02-15,5964.46
2010-02-16,6031.31
2010-02-17,6103.65
2010-02-18,6071.38
2010-02-19,6018.14
2010-02-22,6032.44
2010-02-23,6049.39
2010-02-24,6035.17
2010-02-25,6036.57
2010-02-26,6114.26
2010-03-02,6231.89
2010-03-03,6320.23
2010-03-04,6310.45
2010-03-05,6320.95
2010-03-08,6364.81
2010-03-09,6336.9
2010-03-10,6355.21
2010-03-11,6376.48
2010-03-12,6381.0
2010-03-15,6370.91
2010-03-16,6456.89
2010-03-17,6498.88
2010-03-18,6517.13
2010-03-19,6538.14
2010-03-22,6466.58
2010-03-23,6491.98
2010-03-25,6535.6
2010-03-26,6562.47
2010-03-29,6588.34
2010-03-30,6538.16
2010-03-31,6521.55
2010-04-01,6573.0
2010-04-05,6669.81
2010-04-06,6666.78
2010-04-07,6677.55
2010-04-08,6590.34
2010-04-09,6661.54
2010-04-12,6634.12
2010-04-13,6615.8
2010-04-15,6554.45
2010-04-16,6540.82
2010-04-19,6467.49
2010-04-20,6500.38
2010-04-21,6518.8
2010-04-22,6549.19
2010-04-23,6592.4
2010-04-26,6615.25
2010-04-27,6597.71
2010-04-28,6482.27
2010-04-29,6530.38
2010-04-30,6559.98
2010-05-03,6491.43
2010-05-04,6399.12
2010-05-05,6369.8
2010-05-06,6327.5
2010-05-07,6237.0
2010-05-10,6459.39
2010-05-11,6387.96
2010-05-12,6413.47
2010-05-13,6441.15
2010-05-14,6334.91
2010-05-17,6293.1
2010-05-18,6300.98
2010-05-19,6119.53
2010-05-20,6155.32
2010-05-21,6134.86
2010-05-24,6150.77
2010-05-25,5980.08
2010-05-26,6120.27
2010-05-27,6227.0
2010-05-28,6305.91
2010-05-31,6330.54
2010-06-01,6186.03
2010-06-02,6247.84
2010-06-03,6360.67
2010-06-04,6391.73
2010-06-07,6265.44
2010-06-08,6207.06
2010-06-09,6234.29
2010-06-10,6338.1
2010-06-11,6388.96
2010-06-14,6486.71
2010-06-15,6520.6
2010-06-16,6534.36
2010-06-17,6586.69
2010-06-18,6571.38
2010-06-21,6684.61
2010-06-22,6638.74
2010-06-23,6646.99
2010-06-24,6643.81
2010-06-25,6579.46
2010-06-28,6659.94
2010-06-29,6566.44
2010-06-30,6636.89
2010-07-01,6560.61
2010-07-02,6542.72
2010-07-05,6541.23
2010-07-06,6607.6
2010-07-07,6547.69
2010-07-08,6620.64
2010-07-09,6690.13
2010-07-12,6729.96
2010-07-13,6752.08
2010-07-14,6733.92
2010-07-15,6724.67
2010-07-16,6743.58
2010-07-19,6734.28
2010-07-20,6711.23
2010-07-21,6750.4
2010-07-22,6803.67
2010-07-23,6812.99
2010-07-26,6774.85
2010-07-27,6789.82
2010-07-28,6748.86
2010-07-29,6763.76
2010-07-30,6712.14
2010-08-02,6792.23
2010-08-03,6802.06
2010-08-04,6837.5
2010-08-05,6811.88
2010-08-06,6802.05
2010-08-09,6860.7
2010-08-10,6830.53
2010-08-11,6780.37
2010-08-12,6775.14
2010-08-13,6819.78
2010-08-16,6778.13
2010-08-17,6775.24
2010-08-18,6856.99
2010-08-19,6933.41
2010-08-20,6921.44
2010-08-23,6937.5
2010-08-24,6890.37
2010-08-25,6836.82
2010-08-26,6856.27
2010-08-27,6769.67
2010-08-30,6779.13
2010-08-31,6762.76
2010-09-01,6850.39
2010-09-02,6869.28
2010-09-03,6860.96
2010-09-06,6983.1
2010-09-07,7017.14
2010-09-08,7022.98
2010-09-09,7065.39
2010-09-13,7216.3
2010-09-14,7260.81
2010-09-15,7342.96
2010-09-16,7302.56
2010-09-17,7373.29
2010-09-20,7492.96
2010-09-21,7528.8
2010-09-22,7506.18
2010-09-23,7466.79
2010-09-24,7540.4
2010-09-27,7562.13
2010-09-28,7554.38
2010-09-29,7506.56
2010-09-30,7554.94
2010-10-01,7697.13
2010-10-04,7717.23
2010-10-05,7700.1
2010-10-06,7751.06
2010-10-07,7668.16
2010-10-08,7647.04
2010-10-11,7687.67
2010-10-12,7631.32
2010-10-13,7810.52
2010-10-14,7739.62
2010-10-15,7595.92
2010-10-18,7612.59
2010-10-19,7551.66
2010-10-20,7495.03
2010-10-21,7651.23
2010-10-22,7607.0
2010-10-25,7656.86
2010-10-26,7627.0
2010-10-27,7540.06
2010-10-28,7508.74
2010-10-29,7546.4
2010-11-01,7673.05
2010-11-02,7674.81
2010-11-03,7726.88
2010-11-04,7879.02
2010-11-05,7917.48
2010-11-08,7868.23
2010-11-09,7903.81
2010-11-10,7871.4
2010-11-11,7769.23
2010-11-12,7615.47
2010-11-15,7678.13
2010-11-16,7511.38
2010-11-18,7524.11
2010-11-19,7388.0
2010-11-22,7538.12
2010-11-23,7443.73
2010-11-24,7357.21
2010-11-25,7274.4
2010-11-26,7214.47
2010-11-29,7312.38
2010-11-30,7353.36
2010-12-01,7476.57
2010-12-02,7540.24
2010-12-03,7516.53
2010-12-06,7515.86
2010-12-07,7496.19
2010-12-08,7404.78
2010-12-09,7232.7
2010-12-10,7346.68
2010-12-13,7409.77
2010-12-14,7455.48
2010-12-15,7390.53
2010-12-16,7461.32
2010-12-20,7462.81
2010-12-21,7530.04
2010-12-22,7509.68
2010-12-23,7504.13
2010-12-24,7543.8
2010-12-27,7527.17
2010-12-28,7524.52
2010-12-29,7605.29
2010-12-30,7657.38
2010-12-31,7698.29
2011-01-03,7727.31
2011-01-04,7713.22
2011-01-05,7629.67
2011-01-06,7590.1
2011-01-07,7409.81
2011-01-10,7231.93
2011-01-11,7220.95
2011-01-12,7357.95
2011-01-13,7218.21
2011-01-14,7096.04
2011-01-17,7096.3
2011-01-18,7183.71
2011-01-19,7142.3
2011-01-20,7168.11
2011-01-21,7149.19
2011-01-24,7207.96
2011-01-25,7137.87
2011-01-27,7034.29
2011-01-28,6918.59
2011-01-31,6910.76
2011-02-01,6799.42
2011-02-02,6817.99
2011-02-03,6936.95
2011-02-04,6773.79
2011-02-07,6774.07
2011-02-08,6669.45
2011-02-09,6595.38
2011-02-10,6560.54
2011-02-11,6666.91
2011-02-14,6850.18
2011-02-15,6881.62
2011-02-16,6882.48
2011-02-17,6963.79
2011-02-18,6853.93
2011-02-21,6928.8
2011-02-22,6866.76
2011-02-23,6826.81
2011-02-24,6607.55
2011-02-25,6658.78
2011-02-28,6696.09
2011-03-01,6933.43
2011-03-03,6950.94
2011-03-04,6954.14
2011-03-07,6859.22
2011-03-08,6931.56
2011-03-09,6944.39
2011-03-10,6898.4
2011-03-11,6836.95
2011-03-14,6945.55
2011-03-15,6842.78
2011-03-16,6919.99
2011-03-17,6840.27
2011-03-18,6749.34
2011-03-21,6738.1
2011-03-22,6799.8
2011-03-23,6883.21
2011-03-24,6936.12
2011-03-25,7101.72
2011-03-28,7143.2
2011-03-29,7205.54
2011-03-30,7269.95
2011-03-31,7327.83
2011-04-01,7318.19
2011-04-04,7421.7
2011-04-05,7423.72
2011-04-06,7400.7
2011-04-07,7393.11
2011-04-08,7338.25
2011-04-11,7267.5
2011-04-13,7425.52
2011-04-15,7316.33
2011-04-18,7196.4
2011-04-19,7211.02
2011-04-20,7352.62
2011-04-21,7394.15
2011-04-25,7381.47
2011-04-26,7373.82
2011-04-27,7330.46
2011-04-28,7269.68
2011-04-29,7224.51
2011-05-02,7163.96
2011-05-03,6992.97
2011-05-04,6957.66
2011-05-05,6864.99
2011-05-06,6980.18
2011-05-09,6979.72
2011-05-10,6967.35
2011-05-11,6997.25
2011-05-12,6898.01
2011-05-13,6971.75
2011-05-16,6914.17
2011-05-17,6838.67
2011-05-18,6815.62
2011-05-19,6825.06
2011-05-20,6900.9
2011-05-23,6775.36
2011-05-24,6785.81
2011-05-25,6728.08
2011-05-26,6811.1
2011-05-27,6891.28
2011-05-30,6887.52
2011-05-31,6997.07
2011-06-01,7037.13
2011-06-02,6992.05
2011-06-03,6949.73
2011-06-06,6968.95
2011-06-07,6999.36
2011-06-08,6965.0
2011-06-09,6957.66
2011-06-10,6921.08
2011-06-13,6917.31
2011-06-14,6939.63
2011-06-15,6872.76
2011-06-16,6809.72
2011-06-17,6771.41
2011-06-20,6634.54
2011-06-21,6657.17
2011-06-22,6664.16
2011-06-23,6716.82
2011-06-24,6907.76
2011-06-27,6977.68
2011-06-28,7001.28
2011-06-29,7073.37
2011-06-30,7133.6
2011-07-01,7108.11
2011-07-04,7140.22
2011-07-05,7116.93
2011-07-06,7108.53
2011-07-07,7239.36
2011-07-08,7154.24
2011-07-11,7097.91
2011-07-12,6984.29
2011-07-13,7059.25
2011-07-14,7079.92
2011-07-15,7056.84
2011-07-18,7039.08
2011-07-19,7100.23
2011-07-20,7041.38
2011-07-21,7009.19
2011-07-22,7126.02
2011-07-25,7184.65
2011-07-26,7051.3
2011-07-27,7016.02
2011-07-28,6941.81
2011-07-29,6934.57
2011-08-01,6978.58
2011-08-02,6903.07
2011-08-03,6837.89
2011-08-04,6745.54
2011-08-05,6593.07
2011-08-08,6476.05
2011-08-09,6418.63
2011-08-10,6531.35
2011-08-11,6502.61
2011-08-12,6419.9
2011-08-16,6372.92
2011-08-17,6403.06
2011-08-18,6260.98
2011-08-19,6136.28
2011-08-22,6203.57
2011-08-23,6267.03
2011-08-24,6191.34
2011-08-25,6130.05
2011-08-26,6013.78
2011-08-29,6231.38
2011-08-30,6334.48
2011-09-02,6384.31
2011-09-05,6356.06
2011-09-06,6416.74
2011-09-07,6493.2
2011-09-08,6529.77
2011-09-09,6410.92
2011-09-12,6268.36
2011-09-13,6260.97
2011-09-14,6352.32
2011-09-15,6432.93
2011-09-16,6443.78
2011-09-19,6377.64
2011-09-20,6514.86
2011-09-21,6506.04
2011-09-22,6240.39
2011-09-23,6169.52
2011-09-26,6128.56
2011-09-27,6300.72
2011-09-28,6268.57
2011-09-29,6356.74
2011-09-30,6265.26
2011-10-03,6146.41
2011-10-04,6048.39
2011-10-05,6021.97
2011-10-07,6195.25
2011-10-10,6311.32
2011-10-11,6304.63
2011-10-12,6463.15
2011-10-13,6435.81
2011-10-14,6504.84
2011-10-17,6487.02
2011-10-18,6384.7
2011-10-19,6513.51
2011-10-20,6456.03
2011-10-21,6403.32
2011-10-24,6464.65
2011-10-25,6583.4
2011-10-26,6596.36
2011-10-28,6797.88
2011-10-31,6755.07
2011-11-01,6668.03
2011-11-02,6668.66
2011-11-03,6677.9
2011-11-04,6702.49
2011-11-08,6708.99
2011-11-09,6622.39
2011-11-11,6556.16
2011-11-14,6530.19
2011-11-15,6428.89
2011-11-16,6380.65
2011-11-17,6259.25
2011-11-18,6222.51
2011-11-21,6060.84
2011-11-22,6103.96
2011-11-23,5969.67
2011-11-24,6033.07
2011-11-25,5974.21
2011-11-28,6153.37
2011-11-29,6094.79
2011-11-30,6128.97
2011-12-01,6261.88
2011-12-02,6405.62
2011-12-05,6391.63
2011-12-07,6421.38
2011-12-08,6270.52
2011-12-09,6172.94
2011-12-12,6043.39
2011-12-13,6089.1
2011-12-14,6041.71
2011-12-15,6020.27
2011-12-16,5900.11
2011-12-19,5851.25
2011-12-20,5763.88
2011-12-21,5952.82
2011-12-22,6004.44
2011-12-23,5979.25
2011-12-26,6061.7
2011-12-27,6025.54
2011-12-28,5968.84
2011-12-29,5893.29
2011-12-30,5865.49
2012-01-02,5881.28
2012-01-03,6044.28
2012-01-04,6024.43
2012-01-05,6024.82
2012-01-06,6032.88
2012-01-07,6023.77
2012-01-09,6018.56
2012-01-10,6153.98
2012-01-11,6168.48
2012-01-12,6130.81
2012-01-13,6174.88
2012-01-16,6185.06
2012-01-17,6303.61
2012-01-18,6289.01
2012-01-19,6368.43
2012-01-20,6406.93
2012-01-23,6403.94
2012-01-24,6507.2
2012-01-25,6547.44
2012-01-27,6606.36
2012-01-30,6457.3
2012-01-31,6600.95
2012-02-01,6647.46
2012-02-02,6690.89
2012-02-03,6761.89
2012-02-06,6807.35
2012-02-07,6773.74
2012-02-08,6815.63
2012-02-09,6871.73
2012-02-10,6832.73
2012-02-13,6844.45
2012-02-14,6877.25
2012-02-15,7024.67
2012-02-16,7011.96
2012-02-17,7065.73
2012-02-21,7120.15
2012-02-22,6990.92
2012-02-23,6962.87
2012-02-24,6894.3
2012-02-27,6706.26
2012-02-28,6826.0
2012-02-29,6838.32
2012-03-01,6780.64
2012-03-02,6805.51
2012-03-03,6805.53
2012-03-05,6705.16
2012-03-06,6632.31
2012-03-07,6629.8
2012-03-09,6773.46
2012-03-12,6806.96
2012-03-13,6895.82
2012-03-14,6939.53
2012-03-15,6835.49
2012-03-16,6755.99
2012-03-19,6679.55
2012-03-20,6702.15
2012-03-21,6816.62
2012-03-22,6643.19
2012-03-23,6706.42
2012-03-26,6587.03
2012-03-27,6661.84
2012-03-28,6600.4
2012-03-29,6580.17
2012-03-30,6728.46
2012-04-02,6756.86
2012-04-03,6808.45
2012-04-04,6763.19
2012-04-09,6650.73
2012-04-10,6662.44
2012-04-11,6641.17
2012-04-12,6704.66
2012-04-13,6616.53
2012-04-16,6640.32
2012-04-17,6721.02
2012-04-18,6734.11
2012-04-19,6775.3
2012-04-20,6722.5
2012-04-23,6607.94
2012-04-24,6635.96
2012-04-25,6609.73
2012-04-26,6593.23
2012-04-27,6595.24
2012-04-28,6618.61
2012-04-30,6668.4
2012-05-02,6656.95
2012-05-03,6592.46
2012-05-04,6463.43
2012-05-07,6498.13
2012-05-08,6353.04
2012-05-09,6321.08
2012-05-10,6309.49
2012-05-11,6262.72
2012-05-14,6235.96
2012-05-15,6280.42
2012-05-16,6172.98
2012-05-17,6188.15
2012-05-18,6215.17
2012-05-21,6233.67
2012-05-22,6175.83
2012-05-23,6144.23
2012-05-24,6261.15
2012-05-25,6259.88
2012-05-28,6342.94
2012-05-29,6348.56
2012-05-30,6298.54
2012-05-31,6275.4
2012-06-01,6170.1
2012-06-04,6178.44
2012-06-05,6197.76
2012-06-06,6368.28
2012-06-07,6438.32
2012-06-08,6462.38
2012-06-11,6452.0
2012-06-12,6530.92
2012-06-13,6537.98
2012-06-14,6456.09
2012-06-15,6563.76
2012-06-18,6468.24
2012-06-19,6518.78
2012-06-20,6540.1
2012-06-21,6596.87
2012-06-22,6577.9
2012-06-25,6538.21
2012-06-26,6546.07
2012-06-27,6573.05
2012-06-28,6586.92
2012-06-29,6752.88
2012-07-02,6752.48
2012-07-03,6764.45
2012-07-04,6784.43
2012-07-05,6818.05
2012-07-06,6804.87
2012-07-09,6751.41
2012-07-10,6841.21
2012-07-11,6791.25
2012-07-12,6702.12
2012-07-13,6692.35
2012-07-16,6656.5
2012-07-17,6650.87
2012-07-18,6683.15
2012-07-19,6717.0
2012-07-20,6668.78
2012-07-23,6557.61
2012-07-24,6571.43
2012-07-25,6547.56
2012-07-26,6462.24
2012-07-27,6535.1
2012-07-30,6663.48
2012-07-31,6700.96
2012-08-01,6716.34
2012-08-02,6700.0
2012-08-03,6684.52
2012-08-06,6770.18
2012-08-07,6841.0
2012-08-08,6842.69
2012-08-09,6823.55
2012-08-10,6820.25
2012-08-13,6855.51
2012-08-14,6900.81
2012-08-16,6879.67
2012-08-17,6883.95
2012-08-21,6954.13
2012-08-22,6943.66
2012-08-23,6947.2
2012-08-24,6910.7
2012-08-27,6864.4
2012-08-28,6844.29
2012-08-29,6784.26
2012-08-30,6819.22
2012-08-31,6747.3
2012-09-03,6741.21
2012-09-04,6767.2
2012-09-05,6705.82
2012-09-06,6723.35
2012-09-07,6856.41
2012-09-08,6877.73
2012-09-10,6883.99
2012-09-11,6918.08
2012-09-12,6970.74
2012-09-13,6976.32
2012-09-14,7160.08
2012-09-17,7201.64
2012-09-18,7189.06
2012-09-20,7130.28
2012-09-21,7306.02
2012-09-24,7278.36
2012-09-25,7283.88
2012-09-26,7270.42
2012-09-27,7252.52
2012-09-28,7321.57
2012-10-01,7341.48
2012-10-03,7357.46
2012-10-04,7429.84
2012-10-05,7377.63
2012-10-08,7286.55
2012-10-09,7323.27
2012-10-10,7255.95
2012-10-11,7327.71
2012-10-12,7286.61
2012-10-15,7301.01
2012-10-16,7250.57
2012-10-17,7266.35
2012-10-18,7343.66
2012-10-19,7299.96
2012-10-22,7342.16
2012-10-23,7309.1
2012-10-25,7326.99
2012-10-26,7274.3
2012-10-29,7276.13
2012-10-30,7189.16
2012-10-31,7217.67
2012-11-01,7254.29
2012-11-02,7321.93
2012-11-05,7331.02
2012-11-06,7356.96
2012-11-07,7402.84
2012-11-08,7375.37
2012-11-09,7307.93
2012-11-12,7304.62
2012-11-13,7283.11
2012-11-15,7236.91
2012-11-16,7163.71
2012-11-19,7160.33
2012-11-20,7160.51
2012-11-21,7216.12
2012-11-22,7232.74
2012-11-23,7231.29
2012-11-26,7243.22
2012-11-27,7360.9
2012-11-29,7486.27
2012-11-30,7556.73
2012-12-03,7545.33
2012-12-04,7568.85
2012-12-05,7583.31
2012-12-06,7622.38
2012-12-07,7592.16
2012-12-10,7594.1
2012-12-11,7581.11
2012-12-12,7567.19
2012-12-13,7520.33
2012-12-14,7556.43
2012-12-17,7528.5
2012-12-18,7578.55
2012-12-19,7620.71
2012-12-20,7603.72
2012-12-21,7515.43
2012-12-24,7528.54
2012-12-26,7592.65
2012-12-27,7547.04
2012-12-28,7596.16
2012-12-31,7591.99
2013-01-01,7650.82
2013-01-02,7705.36
2013-01-03,7726.21
2013-01-04,7734.77
2013-01-07,7699.11
2013-01-08,7716.21
2013-01-09,7677.35
2013-01-10,7673.71
2013-01-11,7651.4
2013-01-14,7744.94
2013-01-15,7786.81
2013-01-16,7716.56
2013-01-17,7764.62
2013-01-18,7797.01
2013-01-21,7820.19
2013-01-22,7776.72
2013-01-23,7784.96
2013-01-24,7740.06
2013-01-25,7811.15
2013-01-28,7811.35
2013-01-29,7779.35
2013-01-30,7786.82
2013-01-31,7759.87
2013-02-01,7713.77
2013-02-04,7698.77
2013-02-05,7660.27
2013-02-06,7663.23
2013-02-07,7636.96
2013-02-08,7591.59
2013-02-11,7584.32
2013-02-12,7616.02
2013-02-13,7629.44
2013-02-14,7583.16
2013-02-15,7571.62
2013-02-18,7586.56
2013-02-19,7639.97
2013-02-20,7644.25
2013-02-21,7527.48
2013-02-22,7524.96
2013-02-25,7530.72
2013-02-26,7410.58
2013-02-27,7456.27
2013-02-28,7322.68
2013-03-01,7358.52
2013-03-04,7331.23
2013-03-05,7441.56
2013-03-06,7485.73
2013-03-07,7543.27
2013-03-08,7649.23
2013-03-11,7644.93
2013-03-12,7608.59
2013-03-13,7527.68
2013-03-14,7602.0
2013-03-15,7555.2
2013-03-18,7509.07
2013-03-19,7394.14
2013-03-20,7327.78
2013-03-21,7282.51
2013-03-22,7275.17
2013-03-25,7252.66
2013-03-26,7262.6
2013-03-28,7315.35
2013-04-01,7343.48
2013-04-02,7399.69
2013-04-03,7302.9
2013-04-04,7176.54
2013-04-05,7148.89
2013-04-08,7135.58
2013-04-09,7073.99
2013-04-10,7155.87
2013-04-11,7201.33
2013-04-12,7117.1
2013-04-15,7168.34
2013-04-16,7323.57
2013-04-17,7323.26
2013-04-18,7444.78
2013-04-22,7510.98
2013-04-23,7514.16
2013-04-25,7616.38
2013-04-26,7558.67
2013-04-29,7600.72
2013-04-30,7634.29
2013-05-02,7723.29
2013-05-03,7652.03
2013-05-06,7686.88
2013-05-07,7780.19
2013-05-08,7813.38
2013-05-09,7788.74
2013-05-10,7850.77
2013-05-11,7866.9
2013-05-13,7703.53
2013-05-14,7722.79
2013-05-15,7917.77
2013-05-16,7947.55
2013-05-17,7969.96
2013-05-20,7930.79
2013-05-21,7875.68
2013-05-22,7850.45
2013-05-23,7686.64
2013-05-24,7707.91
2013-05-27,7836.22
2013-05-28,7875.77
2013-05-29,7866.77
2013-05-30,7903.53
2013-05-31,7734.03
2013-06-03,7673.77
2013-06-04,7648.12
2013-06-05,7653.81
2013-06-06,7653.22
2013-06-07,7601.03
2013-06-10,7597.17
2013-06-11,7481.85
2013-06-12,7444.9
2013-06-13,7371.5
2013-06-14,7512.87
2013-06-17,7567.15
2013-06-18,7520.01
2013-06-19,7531.16
2013-06-20,7316.02
2013-06-21,7331.23
2013-06-24,7231.09
2013-06-25,7255.47
2013-06-26,7229.08
2013-06-27,7356.32
2013-06-28,7563.28
2013-07-01,7636.62
2013-07-02,7583.16
2013-07-03,7470.96
2013-07-04,7558.46
2013-07-05,7600.32
2013-07-08,7527.28
2013-07-09,7588.74
2013-07-10,7537.06
2013-07-11,7690.45
2013-07-12,7786.81
2013-07-15,7816.76
2013-07-16,7718.83
2013-07-17,7742.47
2013-07-18,7829.28
2013-07-19,7818.03
2013-07-22,7821.43
2013-07-23,7881.06
2013-07-24,7767.88
2013-07-25,7660.22
2013-07-26,7633.2
2013-07-29,7563.35
2013-07-30,7466.04
2013-07-31,7449.52
2013-08-01,7431.15
2013-08-02,7366.39
2013-08-05,7376.13
2013-08-06,7190.68
2013-08-07,7160.66
2013-08-08,7221.08
2013-08-12,7281.67
2013-08-13,7397.98
2013-08-14,7454.14
2013-08-16,7149.75
2013-08-19,7028.92
2013-08-20,7011.64
2013-08-21,6883.31
2013-08-22,7020.77
2013-08-23,7102.92
2013-08-26,7109.11
2013-08-27,6863.65
2013-08-28,6860.5
2013-08-29,7021.53
2013-08-30,7103.56
2013-09-02,7206.03
2013-09-03,6936.07
2013-09-04,7074.56
2013-09-05,7265.29
2013-09-06,7381.47
2013-09-10,7662.66
2013-09-11,7683.92
2013-09-12,7602.81
2013-09-13,7602.85
2013-09-16,7589.78
2013-09-17,7602.59
2013-09-18,7666.62
2013-09-19,7949.11
2013-09-20,7814.61
2013-09-23,7655.56
2013-09-24,7659.09
2013-09-25,7634.9
2013-09-26,7645.82
2013-09-27,7582.1
2013-09-30,7454.82
2013-10-01,7512.98
2013-10-03,7681.5
2013-10-04,7678.38
2013-10-07,7676.89
2013-10-08,7705.81
2013-10-09,7808.59
2013-10-10,7826.14
2013-10-11,7923.95
2013-10-14,7945.36
2013-10-15,7914.65
2013-10-17,7861.46
2013-10-18,8048.0
2013-10-21,8068.29
2013-10-22,8065.66
2013-10-23,8033.91
2013-10-24,8015.83
2013-10-25,7992.27
2013-10-28,7935.25
2013-10-29,8091.08
2013-10-30,8131.16
2013-10-31,8194.06
2013-11-01,8204.56
2013-11-03,8217.74
2013-11-05,8134.24
2013-11-06,8085.36
2013-11-07,8049.77
2013-11-08,7989.31
2013-11-11,7908.71
2013-11-12,7829.7
2013-11-13,7792.65
2013-11-14,7879.25
2013-11-18,8052.07
2013-11-19,8070.73
2013-11-20,7966.08
2013-11-21,7804.93
2013-11-22,7800.26
2013-11-25,7956.26
2013-11-26,7883.1
2013-11-27,7880.49
2013-11-28,7925.71
2013-11-29,8035.27
2013-12-02,8089.61
2013-12-03,8068.78
2013-12-04,8015.59
2013-12-05,8119.89
2013-12-06,8144.32
2013-12-09,8279.62
2013-12-10,8241.92
2013-12-11,8209.43
2013-12-12,8117.22
2013-12-13,8027.89
2013-12-16,8010.05
2013-12-17,7989.69
2013-12-18,8091.83
2013-12-19,8026.09
2013-12-20,8166.18
2013-12-23,8179.48
2013-12-24,8158.51
2013-12-26,8172.2
2013-12-27,8217.63
2013-12-30,8188.11
2013-12-31,8204.85
2014-01-01,8201.82
2014-01-02,8097.05
2014-01-03,8084.05
2014-01-06,8058.38
2014-01-07,8020.38
2014-01-08,8036.43
2014-01-09,8028.3
2014-01-10,8032.39
2014-01-13,8164.22
2014-01-14,8124.0
2014-01-15,8226.89
2014-01-16,8224.29
2014-01-17,8149.77
2014-01-20,8205.44
2014-01-21,8218.29
2014-01-22,8251.94
2014-01-23,8260.68
2014-01-24,8157.94
2014-01-27,7988.17
2014-01-28,7975.67
2014-01-29,7967.86
2014-01-30,7907.25
2014-01-31,7930.34
2014-02-03,7816.09
2014-02-04,7814.96
2014-02-05,7842.98
2014-02-06,7861.05
2014-02-07,7896.41
2014-02-10,7884.34
2014-02-11,7896.79
2014-02-12,7925.09
2014-02-13,7817.32
2014-02-14,7878.87
2014-02-17,7912.71
2014-02-18,7982.78
2014-02-19,8016.2
2014-02-20,7936.34
2014-02-21,8019.69
2014-02-24,8059.67
2014-02-25,8077.85
2014-02-26,8128.29
2014-02-28,8178.01
2014-03-03,8105.73
2014-03-04,8206.23
2014-03-05,8246.22
2014-03-06,8340.71
2014-03-07,8504.22
2014-03-10,8518.03
2014-03-11,8486.39
2014-03-12,8492.91
2014-03-13,8461.93
2014-03-14,8476.35
2014-03-18,8492.62
2014-03-19,8502.28
2014-03-20,8448.89
2014-03-21,8462.06
2014-03-22,8464.28
2014-03-24,8580.26
2014-03-25,8588.44
2014-03-26,8603.63
2014-03-27,8658.46
2014-03-28,8729.05
2014-03-31,8739.91
2014-04-01,8761.86
2014-04-02,8802.95
2014-04-03,8781.47
2014-04-04,8727.03
2014-04-07,8727.98
2014-04-09,8859.81
2014-04-10,8860.09
2014-04-11,8833.88
2014-04-15,8777.57
2014-04-16,8702.22
2014-04-17,8837.92
2014-04-21,8887.78
2014-04-22,8885.09
2014-04-23,8918.3
2014-04-25,8842.62
2014-04-28,8814.59
2014-04-29,8754.65
2014-04-30,8730.05
2014-05-02,8727.93
2014-05-05,8733.92
2014-05-06,8754.69
2014-05-07,8672.88
2014-05-08,8682.37
2014-05-09,8941.77
2014-05-12,9144.41
2014-05-13,9267.61
2014-05-14,9267.61
2014-05-15,9286.39
2014-05-16,9395.18
2014-05-19,9474.16
2014-05-20,9489.73
2014-05-21,9460.28
2014-05-22,9490.91
2014-05-23,9609.25
2014-05-26,9598.75
2014-05-27,9545.2
2014-05-28,9560.4
2014-05-29,9445.23
2014-05-30,9437.81
2014-06-02,9610.85
2014-06-03,9690.44
2014-06-04,9672.68
2014-06-05,9778.32
2014-06-06,9924.43
2014-06-09,10017.59
2014-06-10,10019.94
2014-06-11,9982.86
2014-06-12,10015.59
2014-06-13,9874.46
2014-06-16,9864.29
2014-06-17,9992.78
2014-06-18,9896.55
2014-06-19,9873.61
2014-06-20,9835.35
2014-06-23,9811.62
2014-06-24,9925.34
2014-06-25,9911.03
2014-06-26,9811.48
2014-06-27,9831.9
2014-06-30,9966.14
2014-07-01,9996.74
2014-07-02,10115.19
2014-07-03,10105.89
2014-07-04,10161.42
2014-07-07,10208.02
2014-07-08,9993.08
2014-07-09,9945.17
2014-07-10,9922.6
2014-07-11,9781.62
2014-07-14,9776.46
2014-07-15,9871.51
2014-07-16,9999.71
2014-07-17,10023.67
2014-07-18,10054.4
2014-07-21,10082.28
2014-07-22,10191.98
2014-07-23,10229.29
2014-07-24,10275.33
2014-07-25,10223.52
2014-07-28,10175.95
2014-07-30,10232.41
2014-07-31,10140.34
2014-08-01,9984.48
2014-08-04,10090.88
2014-08-05,10174.47
2014-08-06,10076.95
2014-08-07,10046.98
2014-08-08,9942.03
2014-08-11,10017.44
2014-08-12,10150.24
2014-08-13,10171.22
2014-08-14,10239.76
2014-08-18,10348.22
2014-08-19,10379.05
2014-08-20,10350.28
2014-08-21,10372.44
2014-08-22,10401.48
2014-08-25,10392.41
2014-08-26,10390.39
2014-08-27,10432.78
2014-08-28,10456.85
2014-09-01,10553.26
2014-09-02,10626.05
2014-09-03,10667.5
2014-09-04,10643.88
2014-09-05,10633.24
2014-09-08,10748.49
2014-09-09,10720.95
2014-09-10,10643.54
2014-09-11,10632.96
2014-09-12,10658.96
2014-09-15,10575.5
2014-09-16,10432.03
2014-09-17,10488.05
2014-09-18,10671.16
2014-09-19,10679.98
2014-09-22,10713.74
2014-09-23,10544.42
2014-09-24,10524.5
2014-09-25,10405.39
2014-09-26,10480.36
2014-09-29,10467.25
2014-09-30,10475.04
2014-10-01,10449.7
2014-10-07,10327.23
2014-10-08,10314.44
2014-10-09,10469.45
2014-10-10,10337.14
2014-10-13,10369.11
2014-10-14,10342.43
2014-10-16,10194.41
2014-10-17,10235.83
2014-10-20,10367.03
2014-10-21,10431.1
2014-10-22,10520.79
2014-10-23,10545.31
2014-10-27,10515.22
2014-10-28,10562.48
2014-10-29,10645.96
2014-10-30,10749.57
2014-10-31,10952.14
2014-11-03,10955.32
2014-11-05,10973.95
2014-11-07,10972.24
2014-11-10,10981.77
2014-11-11,11006.04
2014-11-12,11033.19
2014-11-13,11000.37
2014-11-14,11042.61
2014-11-17,11096.32
2014-11-18,11089.98
2014-11-19,11032.59
2014-11-20,11058.39
2014-11-21,11157.68
2014-11-24,11227.19
2014-11-25,11138.95
2014-11-26,11155.59
2014-11-27,11179.89
2014-11-28,11303.65
2014-12-01,11261.08
2014-12-02,11219.98
2014-12-03,11237.05
2014-12-04,11272.28
2014-12-05,11237.89
2014-12-08,11106.22
2014-12-09,10977.83
2014-12-10,10997.53
2014-12-11,10914.91
2014-12-12,10824.36
2014-12-15,10818.45
2014-12-16,10620.96
2014-12-17,10571.25
2014-12-18,10741.73
2014-12-19,10828.45
2014-12-22,10958.56
2014-12-23,10883.52
2014-12-24,10761.16
2014-12-26,10796.22
2014-12-29,10856.23
2014-12-30,10858.82
2014-12-31,10904.18
2015-01-01,10905.87
2015-01-02,11052.57
2015-01-05,11030.18
2015-01-06,10699.62
2015-01-07,10666.38
2015-01-08,10840.84
2015-01-09,10906.56
2015-01-12,10957.22
2015-01-13,10926.16
2015-01-14,10897.36
2015-01-15,11182.52
2015-01-16,11208.42
2015-01-19,11257.01
2015-01-20,11447.77
2015-01-21,11492.4
2015-01-22,11535.32
2015-01-23,11633.06
2015-01-27,11732.39
2015-01-28,11737.42
2015-01-29,11787.53
2015-01-30,11598.64
2015-02-02,11583.49
2015-02-03,11529.72
2015-02-04,11487.57
2015-02-05,11471.77
2015-02-06,11405.06
2015-02-09,11227.7
2015-02-10,11279.29
2015-02-11,11360.75
2015-02-12,11471.52
2015-02-13,11595.25
2015-02-16,11600.46
2015-02-18,11680.18
2015-02-19,11714.65
2015-02-20,11633.41
2015-02-23,11529.79
2015-02-24,11539.22
2015-02-25,11546.02
2015-02-26,11436.2
2015-02-27,11647.9
2015-02-28,11723.28
2015-03-02,11796.73
2015-03-03,11856.58
2015-03-04,11759.58
2015-03-05,11779.43
2015-03-09,11541.34
2015-03-10,11482.4
2015-03-11,11466.5
2015-03-12,11567.25
2015-03-13,11398.21
2015-03-16,11378.97
2015-03-17,11497.78
2015-03-18,11448.46
2015-03-19,11380.91
2015-03-20,11304.37
2015-03-23,11277.98
2015-03-24,11269.62
2015-03-25,11254.51
2015-03-26,11005.59
2015-03-27,11004.63
2015-03-30,11203.71
2015-03-31,11201.99
2015-04-01,11327.63
2015-04-06,11424.83
2015-04-07,11425.33
2015-04-08,11496.74
2015-04-09,11581.01
2015-04-10,11583.75
2015-04-13,11654.49
2015-04-15,11543.96
2015-04-16,11486.56
2015-04-17,11353.68
2015-04-20,11145.37
2015-04-21,11052.56
2015-04-22,11121.12
2015-04-23,11079.67
2015-04-24,10957.58
2015-04-27,10836.88
2015-04-28,10931.63
2015-04-29,10871.15
2015-04-30,10794.27
2015-05-04,10992.81
2015-05-05,10983.33
2015-05-06,10682.81
2015-05-07,10630.43
2015-05-08,10812.25
2015-05-11,10988.82
2015-05-12,10727.03
2015-05-13,10870.3
2015-05-14,10855.42
2015-05-15,10905.75
2015-05-18,11052.7
2015-05-19,11042.12
2015-05-20,11118.14
2015-05-21,11116.0
2015-05-22,11166.12
2015-05-25,11049.0
2015-05-26,11008.25
2015-05-27,11001.96
2015-05-28,10984.45
2015-05-29,11135.85
2015-06-01,11136.64
2015-06-02,10876.52
2015-06-03,10752.52
2015-06-04,10754.83
2015-06-05,10737.17
2015-06-08,10643.82
2015-06-09,10615.01
2015-06-10,10750.07
2015-06-11,10539.53
2015-06-12,10562.76
2015-06-15,10612.12
2015-06-16,10657.23
2015-06-17,10715.85
2015-06-18,10825.96
2015-06-19,10894.44
2015-06-22,11064.89
2015-06-23,11102.6
2015-06-24,11075.71
2015-06-25,11124.95
2015-06-26,11102.52
2015-06-29,11019.47
2015-06-30,11085.87
2015-07-01,11197.83
2015-07-02,11191.5
2015-07-03,11244.49
2015-07-06,11294.6
2015-07-07,11279.56
2015-07-08,11084.34
2015-07-09,11043.14
2015-07-10,11086.29
2015-07-13,11217.67
2015-07-14,11210.85
2015-07-15,11309.1
2015-07-16,11422.48
2015-07-17,11424.87
2015-07-20,11419.13
2015-07-21,11320.88
2015-07-22,11459.27
2015-07-23,11403.83
2015-07-24,11313.22
2015-07-27,11100.03
2015-07-28,11068.18
2015-07-29,11118.71
2015-07-30,11180.79
2015-07-31,11328.56
2015-08-03,11342.11
2015-08-04,11307.41
2015-08-05,11375.18
2015-08-06,11402.67
2015-08-07,11372.02
2015-08-10,11320.25
2015-08-11,11236.57
2015-08-12,11086.67
2015-08-13,11095.98
2015-08-14,11312.32
2015-08-17,11257.56
2015-08-18,11243.28
2015-08-19,11281.26
2015-08-20,11118.95
2015-08-21,11022.22
2015-08-24,10370.27
2015-08-25,10465.46
2015-08-26,10348.4
2015-08-27,10557.5
2015-08-28,10629.49
2015-08-31,10588.8
2015-09-01,10346.16
2015-09-02,10254.61
2015-09-03,10396.83
2015-09-04,10173.65
2015-09-07,10047.15
2015-09-08,10219.21
2015-09-09,10392.45
2015-09-10,10351.93
2015-09-11,10353.54
2015-09-14,10463.93
2015-09-15,10406.56
2015-09-16,10499.73
2015-09-18,10609.87
2015-09-21,10603.8
2015-09-22,10384.35
2015-09-23,10429.44
2015-09-24,10459.44
2015-09-28,10362.68
2015-09-29,10425.93
2015-09-30,10566.29
2015-10-01,10568.94
2015-10-05,10792.79
2015-10-06,10837.5
2015-10-07,10870.04
2015-10-08,10806.18
2015-10-09,10886.38
2015-10-12,10825.14
2015-10-13,10809.32
2015-10-14,10777.67
2015-10-15,10872.82
2015-10-16,10956.47
2015-10-19,11006.79
2015-10-20,10989.0
2015-10-21,10976.65
2015-10-23,11036.44
2015-10-26,10990.02
2015-10-27,10953.26
2015-10-28,10871.42
2015-10-29,10792.35
2015-10-30,10732.25
2015-11-02,10712.32
2015-11-03,10725.48
2015-11-04,10698.19
2015-11-05,10585.41
2015-11-06,10583.88
2015-11-09,10531.91
2015-11-10,10358.65
2015-11-11,10414.07
2015-11-13,10330.6
2015-11-16,10389.64
2015-11-17,10430.78
2015-11-18,10290.03
2015-11-19,10437.71
2015-11-20,10456.11
2015-11-23,10446.4
2015-11-24,10422.86
2015-11-26,10492.35
2015-11-27,10570.76
2015-11-30,10560.84
2015-12-01,10586.99
2015-12-02,10555.62
2015-12-03,10466.19
2015-12-04,10356.71
2015-12-07,10334.77
2015-12-08,10250.03
2015-12-09,10131.26
2015-12-10,10225.54
2015-12-11,10128.57
2015-12-14,10181.25
2015-12-15,10248.91
2015-12-16,10315.45
2015-12-17,10439.83
2015-12-18,10330.16
2015-12-21,10426.69
2015-12-22,10362.35
2015-12-23,10468.61
2015-12-24,10462.08
2015-12-28,10547.37
2015-12-29,10552.46
2015-12-30,10508.91
2015-12-31,10575.63
2016-01-01,10598.0
2016-01-04,10369.24
2016-01-05,10360.42
2016-01-06,10302.32
2016-01-07,10072.45
2016-01-08,10116.45
2016-01-11,10066.57
2016-01-12,9995.25
2016-01-13,10064.62
2016-01-14,10030.53
2016-01-15,9898.8
2016-01-18,9783.26
2016-01-19,9895.18
2016-01-20,9727.77
2016-01-21,9685.29
2016-01-22,9879.13
2016-01-25,9898.28
2016-01-27,9901.35
2016-01-28,9883.94
2016-01-29,10068.86
2016-02-01,10058.69
2016-02-02,9925.98
2016-02-03,9801.62
2016-02-04,9857.82
2016-02-05,9972.05
2016-02-08,9836.41
2016-02-09,9717.87
2016-02-10,9607.98
2016-02-11,9289.29
2016-02-12,9295.41
2016-02-15,9537.74
2016-02-16,9385.36
2016-02-17,9465.52
2016-02-18,9576.46
2016-02-19,9601.77
2016-02-22,9633.83
2016-02-23,9467.41
2016-02-24,9346.39
2016-02-25,9282.38
2016-02-26,9361.1
2016-02-29,9304.26
2016-03-01,9617.51
2016-03-02,9812.68
2016-03-03,9955.1
2016-03-04,9968.09
2016-03-08,9967.99
2016-03-09,10029.96
2016-03-10,9969.15
2016-03-11,10001.18
2016-03-14,10048.89
2016-03-15,9944.76
2016-03-16,9997.9
2016-03-17,10021.13
2016-03-18,10143.6
2016-03-21,10278.3
2016-03-22,10292.77
2016-03-23,10294.93
2016-03-28,10159.66
2016-03-29,10135.49
2016-03-30,10321.2
2016-03-31,10325.5
2016-04-01,10291.69
2016-04-04,10352.69
2016-04-05,10145.1
2016-04-06,10159.98
2016-04-07,10069.36
2016-04-08,10081.01
2016-04-11,10236.11
2016-04-12,10286.18
2016-04-13,10475.02
2016-04-18,10560.74
2016-04-20,10560.79
2016-04-21,10557.22
2016-04-22,10540.19
2016-04-25,10481.12
2016-04-26,10624.72
2016-04-27,10647.74
2016-04-28,10470.71
2016-04-29,10474.15
2016-05-02,10415.52
2016-05-03,10336.97
2016-05-04,10283.01
2016-05-05,10322.82
2016-05-06,10320.12
2016-05-09,10497.09
2016-05-10,10526.11
2016-05-11,10474.1
2016-05-12,10542.93
2016-05-13,10428.78
2016-05-16,10489.97
2016-05-17,10530.03
2016-05-18,10502.51
2016-05-19,10386.75
2016-05-20,10341.79
2016-05-23,10316.91
2016-05-24,10340.65
2016-05-25,10588.92
2016-05-26,10768.78
2016-05-27,10884.88
2016-05-30,10932.7
2016-05-31,10908.07
2016-06-01,10934.62
2016-06-02,10986.77
2016-06-03,10992.21
2016-06-06,10972.45
2016-06-07,11059.93
2016-06-08,11068.75
2016-06-09,10986.64
2016-06-10,10941.7
2016-06-13,10862.06
2016-06-14,10859.76
2016-06-15,10990.64
2016-06-16,10913.97
2016-06-17,10953.44
2016-06-20,11045.03
2016-06-21,11020.11
2016-06-22,11000.82
2016-06-23,11091.16
2016-06-24,10847.29
2016-06-27,10855.5
2016-06-28,10899.91
2016-06-29,11009.02
2016-06-30,11121.39
2016-07-01,11175.85
2016-07-04,11233.09
2016-07-05,11186.41
2016-07-07,11192.11
2016-07-08,11172.39
2016-07-11,11366.82
2016-07-12,11438.19
2016-07-13,11436.09
2016-07-14,11497.65
2016-07-15,11474.04
2016-07-18,11431.25
2016-07-19,11457.95
2016-07-20,11508.07
2016-07-21,11435.64
2016-07-22,11477.47
2016-07-25,11606.29
2016-07-26,11545.78
2016-07-27,11579.64
2016-07-28,11652.18
2016-07-29,11614.8
2016-08-01,11612.19
2016-08-02,11594.65
2016-08-03,11489.74
2016-08-04,11498.13
2016-08-05,11675.68
2016-08-08,11713.58
2016-08-09,11669.7
2016-08-10,11532.49
2016-08-11,11555.84
2016-08-12,11663.43
2016-08-16,11623.61
2016-08-17,11598.72
2016-08-18,11670.37
2016-08-19,11661.82
2016-08-22,11611.02
2016-08-23,11615.7
2016-08-24,11639.48
2016-08-25,11561.34
2016-08-26,11534.92
2016-08-29,11581.83
2016-08-30,11766.04
2016-08-31,11826.19
2016-09-01,11810.69
2016-09-02,11857.76
2016-09-06,12037.72
2016-09-07,12005.43
2016-09-08,12055.6
2016-09-09,11940.12
2016-09-12,11737.0
2016-09-14,11751.93
2016-09-15,11774.9
2016-09-16,11825.12
2016-09-19,11863.61
2016-09-20,11819.83
2016-09-21,11821.52
2016-09-22,11943.44
2016-09-23,11895.07
2016-09-26,11748.91
2016-09-27,11726.49
2016-09-28,11778.71
2016-09-29,11571.4
2016-09-30,11598.22
2016-10-03,11769.16
2016-10-04,11811.04
2016-10-05,11777.1
2016-10-06,11730.75
2016-10-07,11714.65
2016-10-10,11729.75
2016-10-13,11547.3
2016-10-14,11560.81
2016-10-17,11475.97
2016-10-18,11688.13
2016-10-19,11662.81
2016-10-20,11717.04
2016-10-21,11716.57
2016-10-24,11739.24
2016-10-25,11715.45
2016-10-26,11612.99
2016-10-27,11614.18
2016-10-28,11644.89
2016-10-30,11628.32
2016-11-01,11631.33
2016-11-02,11479.94
2016-11-03,11443.72
2016-11-04,11374.71
2016-11-07,11460.08
2016-11-08,11522.76
2016-11-09,11372.35
2016-11-10,11498.79
2016-11-11,11189.3
2016-11-15,10935.99
2016-11-16,10940.23
2016-11-17,10897.55
2016-11-18,10889.64
2016-11-21,10694.09
2016-11-22,10792.82
2016-11-23,10834.59
2016-11-24,10743.28
2016-11-25,10943.99
2016-11-28,10960.97
2016-11-29,10981.54
2016-11-30,11092.59
2016-12-01,11050.0
2016-12-02,10906.86
2016-12-05,10963.49
2016-12-06,10982.89
2016-12-07,10927.43
2016-12-08,11122.75
2016-12-09,11142.82
2016-12-12,11020.15
2016-12-13,11088.99
2016-12-14,11035.88
2016-12-15,10997.01
2016-12-16,10977.91
2016-12-19,10930.55
2016-12-20,10900.96
2016-12-21,10872.49
2016-12-22,10761.65
2016-12-23,10770.6
2016-12-26,10666.06
2016-12-27,10834.12
2016-12-28,10836.85
2016-12-29,10929.53
2016-12-30,11040.41
2017-01-02,11031.91
2017-01-03,11049.08
2017-01-04,11046.76
2017-01-05,11159.12
2017-01-06,11118.62
2017-01-09,11108.2
2017-01-10,11179.04
2017-01-11,11303.19
2017-01-12,11339.04
2017-01-13,11329.78
2017-01-16,11346.57
2017-01-17,11326.62
2017-01-18,11352.22
2017-01-19,11376.62
2017-01-20,11260.99
2017-01-23,11319.09
2017-01-24,11432.83
2017-01-25,11604.09
2017-01-27,11656.0
2017-01-30,11644.53
2017-01-31,11548.15
2017-02-01,11758.63
2017-02-02,11784.61
2017-02-03,11793.62
2017-02-06,11874.73
2017-02-07,11832.78
2017-02-08,11833.8
2017-02-09,11846.42
2017-02-10,11866.82
2017-02-13,11882.38
2017-02-14,11865.43
2017-02-15,11776.57
2017-02-16,11849.55
2017-02-17,11908.56
2017-02-20,11986.21
2017-02-21,12024.88
2017-02-22,12050.54
2017-02-23,12067.61
2017-02-27,12009.8
2017-02-28,11990.44
2017-03-01,12079.8
2017-03-02,12017.63
2017-03-03,12014.7
2017-03-06,12103.68
2017-03-07,12081.34
2017-03-08,12050.77
2017-03-09,12056.17
2017-03-10,12066.4
2017-03-14,12281.22
2017-03-15,12278.23
2017-03-16,12374.48
2017-03-17,12383.04
2017-03-20,12338.14
2017-03-21,12330.92
2017-03-22,12207.85
2017-03-23,12283.35
2017-03-24,12314.98
2017-03-27,12230.63
2017-03-28,12305.77
2017-03-29,12363.95
2017-03-30,12404.41
2017-03-31,12406.69
2017-04-03,12493.39
2017-04-05,12530.31
2017-04-06,12525.97
2017-04-07,12439.9
2017-04-10,12417.07
2017-04-11,12492.24
2017-04-12,12446.84
2017-04-13,12375.68
2017-04-17,12360.11
2017-04-18,12313.9
2017-04-19,12311.67
2017-04-20,12356.2
2017-04-21,12333.17
2017-04-24,12466.46
2017-04-25,12586.34
2017-04-26,12647.53
2017-04-27,12634.41
2017-04-28,12582.88
2017-05-02,12596.08
2017-05-03,12593.58
2017-05-04,12659.51
2017-05-05,12558.6
2017-05-08,12597.5
2017-05-09,12601.23
2017-05-10,12723.6
2017-05-11,12743.99
2017-05-12,12714.97
2017-05-15,12775.11
2017-05-16,12865.56
2017-05-17,12883.83
2017-05-18,12753.55
2017-05-19,12751.43
2017-05-22,12765.48
2017-05-23,12695.02
2017-05-24,12661.62
2017-05-25,12863.38
2017-05-26,12981.79
2017-05-29,12996.61
2017-05-30,13023.19
2017-05-31,13018.69
2017-06-01,13022.35
2017-06-02,13072.98
2017-06-05,13116.78
2017-06-06,13065.33
2017-06-07,13101.62
2017-06-08,13079.63
2017-06-09,13108.12
2017-06-12,13037.83
2017-06-13,13030.22
2017-06-14,13045.44
2017-06-15,12992.34
2017-06-16,13005.86
2017-06-19,13100.15
2017-06-20,13099.92
2017-06-21,13072.91
2017-06-22,13070.98
2017-06-23,12996.3
2017-06-27,12910.01
2017-06-28,12882.7
2017-06-29,12908.13
2017-06-30,12932.33
2017-07-03,13060.15
2017-07-04,13057.86
2017-07-05,13091.36
2017-07-06,13147.27
2017-07-07,13135.35
2017-07-10,13278.81
2017-07-11,13299.17
2017-07-12,13340.24
2017-07-13,13452.22
2017-07-14,13453.49
2017-07-17,13494.64
2017-07-18,13374.92
2017-07-19,13473.52
2017-07-20,13441.11
2017-07-21,13498.25
2017-07-24,13569.88
2017-07-25,13567.66
2017-07-26,13644.46
2017-07-27,13646.34
2017-07-28,13638.1
2017-07-31,13724.19
2017-08-01,13775.33
2017-08-02,13731.63
2017-08-03,13639.66
2017-08-04,13711.47
2017-08-07,13699.21
2017-08-08,13591.81
2017-08-09,13495.81
2017-08-10,13377.05
2017-08-11,13234.2
2017-08-14,13347.75
2017-08-16,13488.33
2017-08-17,13497.69
2017-08-18,13407.07
2017-08-21,13293.88
2017-08-22,13309.14
2017-08-23,13427.67
2017-08-24,13437.45
2017-08-28,13513.48
2017-08-29,13354.29
2017-08-30,13474.73
2017-08-31,13521.03
2017-09-01,13598.09
2017-09-04,13514.16
2017-09-05,13568.38
2017-09-06,13519.3
2017-09-07,13539.91
2017-09-08,13546.57
2017-09-11,13646.37
2017-09-12,13765.03
2017-09-13,13746.3
2017-09-14,13756.28
2017-09-15,13754.62
2017-09-18,13848.34
2017-09-19,13840.78
2017-09-20,13832.04
2017-09-21,13806.6
2017-09-22,13591.79
2017-09-25,13466.53
2017-09-26,13465.07
2017-09-27,13279.85
2017-09-28,13325.16
2017-09-29,13351.99
2017-10-03,13448.66
2017-10-04,13524.27
2017-10-05,13488.48
2017-10-06,13612.63
2017-10-09,13625.0
2017-10-10,13663.44
2017-10-11,13619.62
2017-10-12,13771.84
2017-10-13,13868.7
2017-10-16,13955.22
2017-10-17,13960.09
2017-10-18,13927.92
2017-10-19,13840.24
2017-10-23,13892.48
2017-10-24,13923.61
2017-10-25,14044.44
2017-10-26,14110.5
2017-10-27,14082.21
2017-10-30,14137.62
2017-10-31,14108.55
2017-11-01,14255.58
2017-11-02,14232.79
2017-11-03,14274.97
2017-11-06,14274.03
2017-11-07,14135.23
2017-11-08,14071.02
2017-11-09,14078.98
2017-11-10,14096.45
2017-11-13,13964.26
2017-11-14,13911.87
2017-11-15,13818.25
2017-11-16,13950.33
2017-11-17,14044.32
2017-11-20,14065.05
2017-11-21,14103.64
2017-11-22,14124.68
2017-11-23,14133.47
2017-11-24,14189.41
2017-11-27,14202.82
2017-11-28,14162.79
2017-11-29,14150.6
2017-11-30,13966.58
2017-12-01,13823.52
2017-12-04,13831.66
2017-12-05,13818.67
2017-12-06,13717.36
2017-12-07,13884.82
2017-12-08,14019.95
2017-12-11,14097.29
2017-12-12,13985.11
2017-12-13,13920.69
2017-12-14,14001.49
2017-12-15,14112.3
2017-12-18,14188.11
2017-12-19,14289.76
2017-12-20,14263.81
2017-12-21,14258.49
2017-12-22,14330.49
2017-12-26,14383.04
2017-12-27,14327.42
2017-12-28,14309.85
2017-12-29,14381.92
2018-01-01,14252.02
2018-01-02,14261.1
2018-01-03,14262.48
2018-01-04,14346.59
2018-01-05,14420.42
2018-01-08,14508.81
2018-01-09,14527.15
2018-01-10,14520.56
2018-01-11,14546.49
2018-01-12,14587.54
2018-01-15,14669.9
2018-01-16,14613.79
2018-01-17,14734.07
2018-01-18,14774.67
2018-01-19,14880.8
2018-01-22,14979.72
2018-01-23,15140.24
2018-01-24,15143.35
2018-01-25,15121.0
2018-01-29,15204.42
2018-01-30,15095.42
2018-01-31,15065.82
2018-02-01,15052.72
2018-02-02,14702.49
2018-02-05,14574.0
2018-02-06,14344.02
2018-02-07,14317.57
2018-02-08,14463.16
2018-02-09,14296.5
2018-02-12,14412.46
2018-02-14,14359.35
2018-02-15,14422.85
2018-02-16,14295.41
2018-02-19,14194.28
2018-02-20,14169.77
2018-02-21,14220.48
2018-02-22,14204.17
2018-02-23,14352.4
2018-02-26,14477.62
2018-02-27,14438.9
2018-02-28,14358.71
2018-03-01,14311.52
2018-03-05,14175.32
2018-03-06,14025.34
2018-03-07,13895.27
2018-03-08,14016.3
2018-03-09,13994.68
2018-03-12,14260.92
2018-03-13,14270.64
2018-03-14,14248.81
2018-03-15,14179.36
2018-03-16,13961.14
2018-03-19,13822.99
2018-03-20,13878.17
2018-03-21,13920.51
2018-03-22,13867.01
2018-03-23,13706.99
2018-03-26,13888.82
2018-03-27,13962.15
2018-03-28,13865.57
2018-04-02,14000.07
2018-04-03,14045.55
2018-04-04,13885.72
2018-04-05,14155.47
2018-04-06,14164.28
2018-04-09,14229.77
2018-04-10,14261.15
2018-04-11,14281.6
2018-04-12,14338.46
2018-04-13,14368.56
2018-04-16,14434.05
2018-04-17,14461.97
2018-04-18,14431.07
2018-04-19,14484.7
2018-04-20,14482.97
2018-04-23,14511.28
2018-04-24,14551.96
2018-04-25,14491.88
2018-04-26,14556.65
2018-04-27,14658.83
2018-04-30,14723.32
2018-05-02,14695.26
2018-05-03,14642.62
2018-05-04,14558.42
2018-05-07,14691.72
2018-05-08,14694.93
2018-05-09,14728.03
2018-05-10,14693.55
2018-05-11,14816.93
2018-05-14,14817.01
2018-05-15,14810.54
2018-05-16,14727.26
2018-05-17,14647.15
2018-05-18,14528.82
2018-05-21,14419.57
2018-05-22,14446.97
2018-05-23,14301.15
2018-05-24,14415.65
2018-05-25,14556.18
2018-05-28,14670.76
2018-05-29,14594.78
2018-05-30,14568.75
2018-05-31,14750.26
2018-06-01,14695.4
2018-06-04,14604.11
2018-06-05,14555.52
2018-06-06,14681.25
2018-06-07,14796.24
2018-06-08,14795.31
2018-06-11,14821.8
2018-06-12,14898.66
2018-06-13,14917.68
2018-06-14,14871.97
2018-06-15,14885.3
2018-06-18,14860.73
2018-06-19,14737.7
2018-06-20,14822.46
2018-06-21,14782.87
2018-06-22,14894.02
2018-06-25,14812.28
2018-06-26,14821.45
2018-06-27,14694.16
2018-06-28,14581.53
2018-06-29,14753.91
2018-07-02,14675.42
2018-07-03,14734.11
2018-07-04,14830.5
2018-07-05,14808.54
2018-07-06,14840.13
2018-07-09,14951.2
2018-07-10,15081.6
2018-07-11,15085.15
2018-07-12,15190.82
2018-07-13,15184.88
2018-07-16,15072.66
2018-07-17,15172.31
2018-07-18,15135.57
2018-07-19,15116.83
2018-07-20,15190.13
2018-07-23,15293.5
2018-07-24,15361.88
2018-07-25,15358.72
2018-07-26,15410.93
2018-07-27,15564.19
2018-07-30,15621.47
2018-07-31,15672.47
2018-08-01,15658.27
2018-08-02,15520.25
2018-08-03,15680.51
2018-08-06,15716.78
2018-08-07,15720.05
2018-08-08,15803.64
2018-08-09,15833.23
2018-08-10,15776.32
2018-08-13,15676.23
2018-08-14,15796.36
2018-08-16,15727.25
2018-08-17,15845.64
2018-08-20,15959.04
2018-08-21,15985.48
2018-08-23,16001.85
2018-08-24,15969.8
2018-08-27,16156.09
2018-08-28,16220.45
2018-08-29,16156.02
2018-08-30,16135.61
2018-08-31,16143.51
2018-09-03,16007.84
2018-09-04,15922.09
2018-09-05,15862.15
2018-09-06,15947.67
2018-09-07,16019.84
2018-09-10,15813.26
2018-09-11,15605.11
2018-09-12,15719.62
2018-09-14,15920.48
2018-09-17,15731.26
2018-09-18,15594.57
2018-09-19,15534.28
2018-09-21,15408.16
2018-09-24,15165.18
2018-09-25,15303.55
2018-09-26,15284.67
2018-09-27,15179.24
2018-09-28,15114.08
2018-10-01,15221.75
2018-10-03,15014.23
2018-10-04,14656.09
2018-10-05,14265.08
2018-10-08,14308.79
2018-10-09,14243.79
2018-10-10,14463.71
2018-10-11,14152.0
2018-10-12,14480.86
2018-10-15,14536.17
2018-10-16,14636.1
2018-10-17,14453.94
2018-10-19,14247.22
2018-10-22,14166.64
2018-10-23,14031.96
2018-10-24,14139.75
2018-10-25,14014.33
2018-10-26,13882.95
2018-10-29,14189.11
2018-10-30,14116.91
2018-10-31,14377.38
2018-11-01,14371.1
2018-11-02,14609.96
2018-11-05,14570.98
2018-11-06,14579.28
2018-11-07,14673.98
2018-11-09,14655.69
2018-11-12,14513.12
2018-11-13,14651.98
2018-11-14,14643.42
2018-11-15,14699.33
2018-11-16,14790.05
2018-11-19,14902.44
2018-11-20,14754.03
2018-11-21,14676.29
2018-11-22,14574.82
2018-11-26,14715.81
2018-11-27,14794.7
2018-11-28,14854.61
2018-11-29,15034.36
2018-11-30,15059.37
2018-12-03,15069.07
2018-12-04,15049.32
2018-12-05,14929.43
2018-12-06,14677.79
2018-12-07,14805.93
2018-12-10,14521.73
2018-12-11,14605.79
2018-12-12,14866.71
2018-12-13,14941.4
2018-12-14,14960.64
2018-12-17,15075.46
2018-12-18,15103.63
2018-12-19,15184.78
2018-12-20,15163.14
2018-12-21,14894.42
2018-12-24,14769.13
2018-12-26,14860.97
2018-12-27,14930.18
2018-12-28,15045.34
2018-12-31,15048.98
2019-01-01,15114.9
2019-01-02,14951.96
2019-01-03,14785.38
2019-01-04,14861.69
2019-01-07,14923.27
2019-01-08,14965.34
2019-01-09,15038.74
2019-01-10,14992.23
2019-01-11,14955.33
2019-01-14,14875.92
2019-01-15,15082.59
2019-01-16,15087.41
2019-01-17,15109.54
2019-01-18,15111.95
2019-01-21,15188.0
2019-01-22,15133.83
2019-01-23,15007.4
2019-01-24,15038.07
2019-01-25,14942.09
2019-01-28,14777.11
2019-01-29,14764.59
2019-01-30,14764.02
2019-01-31,15012.34
2019-02-01,15099.21
2019-02-04,15125.02
2019-02-05,15155.99
2019-02-06,15337.8
2019-02-07,15347.41
2019-02-08,15173.02
2019-02-11,15100.61
2019-02-12,15023.02
2019-02-13,14970.62
2019-02-14,14906.26
2019-02-15,14876.27
2019-02-18,14760.48
2019-02-19,14709.75
2019-02-20,14891.6
2019-02-21,14970.12
2019-02-22,14972.58
2019-02-25,15095.33
2019-02-26,15033.15
2019-02-27,14993.45
2019-02-28,14979.39
2019-03-01,15077.91
2019-03-05,15249.97
2019-03-06,15340.93
2019-03-07,15348.14
2019-03-08,15316.51
2019-03-11,15500.61
2019-03-12,15685.41
2019-03-13,15742.86
2019-03-14,15749.67
2019-03-15,15867.74
2019-03-18,15916.8
2019-03-19,16014.33
2019-03-20,15998.51
2019-03-22,15912.88
2019-03-25,15770.26
2019-03-26,15949.46
2019-03-27,15897.65
2019-03-28,16071.26
2019-03-29,16146.11
2019-04-01,16208.94
2019-04-02,16270.13
2019-04-03,16173.92
2019-04-04,16110.09
2019-04-05,16204.48
2019-04-08,16119.14
2019-04-09,16212.81
2019-04-10,16091.08
2019-04-11,16108.32
2019-04-12,16173.27
2019-04-15,16238.41
2019-04-16,16372.86
2019-04-18,16325.13
2019-04-22,16105.19
2019-04-23,16079.51
2019-04-24,16288.16
2019-04-25,16170.98
2019-04-26,16327.7
2019-04-30,16318.66
2019-05-02,16286.18
2019-05-03,16268.79
2019-05-06,16110.44
2019-05-07,15974.41
2019-05-08,15782.09
2019-05-09,15701.95
2019-05-10,15670.18
2019-05-13,15488.6
2019-05-14,15591.19
2019-05-15,15500.82
2019-05-16,15640.22
2019-05-17,15848.71
2019-05-20,16433.77
2019-05-21,16268.26
2019-05-22,16325.28
2019-05-23,16212.78
2019-05-24,16472.95
2019-05-27,16585.13
2019-05-28,16591.7
2019-05-29,16497.62
2019-05-30,16615.59
2019-05-31,16583.46
2019-06-03,16815.25
2019-06-04,16728.74
2019-06-06,16481.14
2019-06-07,16518.62
2019-06-10,16590.99
2019-06-11,16650.75
2019-06-12,16568.09
2019-06-13,16593.97
2019-06-14,16467.55
2019-06-17,16257.06
2019-06-18,16283.98
2019-06-19,16283.94
2019-06-20,16493.65
2019-06-21,16343.59
2019-06-24,16309.52
2019-06-25,16444.46
2019-06-26,16515.68
2019-06-27,16507.34
2019-06-28,16433.85
2019-07-01,16540.88
2019-07-02,16603.17
2019-07-03,16612.16
2019-07-04,16658.04
2019-07-05,16468.99
2019-07-08,16118.27
2019-07-09,16114.46
2019-07-10,16035.44
2019-07-11,16155.78
2019-07-12,16113.75
2019-07-15,16165.28
2019-07-16,16272.08
2019-07-17,16306.82
2019-07-18,16183.16
2019-07-19,15945.55
2019-07-22,15845.74
2019-07-23,15824.55
2019-07-24,15749.37
2019-07-25,15725.6
2019-07-26,15770.63
2019-07-29,15638.42
2019-07-30,15493.33
2019-07-31,15539.43
2019-08-01,15350.83
2019-08-02,15382.73
2019-08-05,15194.27
2019-08-06,15314.03
2019-08-07,15184.34
2019-08-08,15434.73
2019-08-09,15542.72
2019-08-13,15289.35
2019-08-14,15438.86
2019-08-16,15464.58
2019-08-19,15476.07
2019-08-20,15425.45
2019-08-21,15290.85
2019-08-22,15045.62
2019-08-23,15168.88
2019-08-26,15488.96
2019-08-27,15555.44
2019-08-28,15472.44
2019-08-29,15335.45
2019-08-30,15440.47
2019-09-03,15124.8
2019-09-04,15190.3
2019-09-05,15194.86
2019-09-06,15332.57
2019-09-09,15412.14
2019-09-11,15457.9
2019-09-12,15383.82
2019-09-13,15514.2
2019-09-16,15412.83
2019-09-17,15152.39
2019-09-18,15184.69
2019-09-19,14994.39
2019-09-20,15791.99
2019-09-23,16248.62
2019-09-24,16231.83
2019-09-25,16024.49
2019-09-26,16207.96
2019-09-27,16125.65
2019-09-30,16072.5
2019-10-01,15912.03
2019-10-03,15847.7
2019-10-04,15652.7
2019-10-07,15584.94
2019-10-09,15846.77
2019-10-10,15736.44
2019-10-11,15835.17
2019-10-14,15885.74
2019-10-15,16007.83
2019-10-16,16057.85
2019-10-17,16245.31
2019-10-18,16351.16
2019-10-22,16248.11
2019-10-23,16282.84
2019-10-24,16252.63
2019-10-25,16254.45
2019-10-27,16315.17
2019-10-29,16539.23
2019-10-30,16620.07
2019-10-31,16667.29
2019-11-01,16685.73
2019-11-04,16756.87
2019-11-05,16723.06
2019-11-06,16791.61
2019-11-07,16856.17
2019-11-08,16710.37
2019-11-11,16717.75
2019-11-13,16615.37
2019-11-14,16659.78
2019-11-15,16692.52
2019-11-18,16677.14
2019-11-19,16755.15
2019-11-20,16837.96
2019-11-21,16794.86
2019-11-22,16719.11
2019-11-25,16942.7
2019-11-26,16892.15
2019-11-27,16980.54
2019-11-28,17051.31
2019-11-29,16917.89
2019-12-02,16906.88
2019-12-03,16831.11
2019-12-04,16899.88
2019-12-05,16865.04
2019-12-06,16729.08
2019-12-09,16751.53
2019-12-10,16638.94
2019-12-11,16713.79
2019-12-12,16800.36
2019-12-13,16961.56
2019-12-16,16915.65
2019-12-17,17071.49
2019-12-18,17150.93
2019-12-19,17205.12
2019-12-20,17222.14
2019-12-23,17209.4
2019-12-24,17141.8
2019-12-26,17018.26
2019-12-27,17185.66
2019-12-30,17199.73
2019-12-31,17077.06
2020-01-01,17096.83
2020-01-02,17236.7
2020-01-03,17158.75
2020-01-06,16830.93
2020-01-07,16915.03
2020-01-08,16876.24
2020-01-09,17143.65
2020-01-10,17201.08
2020-01-13,17303.2
2020-01-14,17349.12
2020-01-15,17322.5
2020-01-16,17339.57
2020-01-17,17335.2
2020-01-20,17155.83
2020-01-21,17079.07
2020-01-22,16990.68
2020-01-23,17095.61
2020-01-24,17192.15
2020-01-27,17010.7
2020-01-28,16922.01
2020-01-29,17025.46
2020-01-30,16893.91
2020-01-31,16790.45
2020-02-01,16369.0
2020-02-03,16433.65
2020-02-04,16815.12
2020-02-05,16968.83
2020-02-06,17037.28
2020-02-07,16981.75
2020-02-10,16887.86
2020-02-11,16995.1
2020-02-12,17126.07
2020-02-13,17088.84
2020-02-14,17002.89
2020-02-17,16911.92
2020-02-18,16837.08
2020-02-19,17024.41
2020-02-20,16961.16
2020-02-24,16608.12
2020-02-25,16563.91
2020-02-26,16396.23
2020-02-27,16332.81
2020-02-28,15726.92
2020-03-02,15632.14
2020-03-03,15878.98
2020-03-04,15805.53
2020-03-05,15833.21
2020-03-06,15440.48
2020-03-09,14684.56
2020-03-11,14694.31
2020-03-12,13474.38
2020-03-13,13987.31
2020-03-16,12928.18
2020-03-17,12604.41
2020-03-18,11904.02
2020-03-19,11620.92
2020-03-20,12298.74
2020-03-23,10710.41
2020-03-24,10983.15
2020-03-25,11710.71
2020-03-26,12167.15
2020-03-27,12193.62
2020-03-30,11659.76
2020-03-31,12105.66
2020-04-01,11621.35
2020-04-03,11382.02
2020-04-07,12379.42
2020-04-08,12318.25
2020-04-09,12829.57
2020-04-13,12663.31
2020-04-15,12566.85
2020-04-16,12661.83
2020-04-17,13047.57
2020-04-20,13040.65
2020-04-21,12645.91
2020-04-22,12935.73
2020-04-23,13113.97
2020-04-24,12889.39
2020-04-27,13069.49
2020-04-28,13208.29
2020-04-29,13452.51
2020-04-30,13884.18
2020-05-04,13086.63
2020-05-05,12963.99
2020-05-06,13055.99
2020-05-07,12954.81
2020-05-08,13028.62
2020-05-11,13011.35
2020-05-12,12951.29
2020-05-13,13214.58
2020-05-14,12875.51
2020-05-15,12867.16
2020-05-18,12425.57
2020-05-19,12504.22
2020-05-20,12768.2
2020-05-21,12824.12
2020-05-22,12729.74
2020-05-26,12715.39
2020-05-27,13117.99
2020-05-28,13364.65
2020-05-29,13503.45
2020-06-01,13850.0
2020-06-02,14065.56
2020-06-03,14183.95
2020-06-04,14138.19
2020-06-05,14297.55
2020-06-08,14333.2
2020-06-09,14162.9
2020-06-10,14260.91
2020-06-11,13959.73
2020-06-12,14059.69
2020-06-15,13835.27
2020-06-16,13976.63
2020-06-17,13930.35
2020-06-18,14227.14
2020-06-19,14445.87
2020-06-22,14540.07
2020-06-23,14765.36
2020-06-24,14531.72
2020-06-25,14508.61
2020-06-26,14641.26
2020-06-29,14541.76
2020-06-30,14527.18
2020-07-01,14707.64
2020-07-02,14886.06
2020-07-03,14964.59
2020-07-06,15185.78
2020-07-07,15236.58
2020-07-08,15104.09
2020-07-09,15268.19
2020-07-10,15204.13
2020-07-13,15254.09
2020-07-14,14978.23
2020-07-15,14993.52
2020-07-16,15167.99
2020-07-17,15396.44
2020-07-20,15566.56
2020-07-21,15764.41
2020-07-22,15722.51
2020-07-23,15841.48
2020-07-24,15811.4
2020-07-27,15723.39
2020-07-28,15961.7
2020-07-29,15824.19
2020-07-30,15685.92
2020-07-31,15645.34
2020-08-03,15388.98
2020-08-04,15676.74
2020-08-05,15689.69
2020-08-06,15833.02
2020-08-07,15852.65
2020-08-10,15931.97
2020-08-11,16005.99
2020-08-12,15986.03
2020-08-13,15981.73
2020-08-14,15809.17
2020-08-17,15906.29
2020-08-18,16101.86
2020-08-19,16135.89
2020-08-20,15999.86
2020-08-21,16083.84
2020-08-24,16218.02
2020-08-25,16226.2
2020-08-26,16339.41
2020-08-27,16353.08
2020-08-28,16478.01
2020-08-31,16110.07
2020-09-01,16227.14
2020-09-02,16322.17
2020-09-03,16311.99
2020-09-04,16038.07
2020-09-07,16068.06
2020-09-08,16014.67
2020-09-09,15958.99
2020-09-10,16201.44
2020-09-11,16222.92
2020-09-14,16189.14
2020-09-15,16304.84
2020-09-16,16421.95
2020-09-17,16296.78
2020-09-18,16281.0
2020-09-21,15920.99
2020-09-22,15783.87
2020-09-23,15752.97
2020-09-24,15291.25
2020-09-25,15637.53
2020-09-28,15888.44
2020-09-29,15881.16
2020-09-30,15916.72
2020-10-01,16156.44
2020-10-05,16278.72
2020-10-06,16503.77
2020-10-07,16611.96
2020-10-08,16747.48
2020-10-09,16860.11
2020-10-12,16883.84
2020-10-13,16888.87
2020-10-14,16944.73
2020-10-15,16533.24
2020-10-16,16649.46
2020-10-19,16805.97
2020-10-20,16839.6
2020-10-21,16897.43
2020-10-22,16840.52
2020-10-23,16902.96
2020-10-26,16672.62
2020-10-27,16844.96
2020-10-28,16623.13
2020-10-29,16544.45
2020-10-30,16504.16
2020-11-02,16542.08
2020-11-03,16746.75
2020-11-04,16888.65
2020-11-05,17189.03
2020-11-06,17392.14
2020-11-09,17672.25
2020-11-10,17913.4
2020-11-11,18080.84
2020-11-12,17998.11
2020-11-13,18039.44
2020-11-14,18124.93
2020-11-17,18258.23
2020-11-18,18349.02
2020-11-19,18112.83
2020-11-20,18236.68
2020-11-23,18332.33
2020-11-24,18514.82
2020-11-25,18235.76
2020-11-26,18418.16
2020-11-27,18392.54
2020-12-01,18591.25
2020-12-02,18597.9
2020-12-03,18626.53
2020-12-04,18803.27
2020-12-07,18941.15
2020-12-08,18993.86
2020-12-09,19186.95
2020-12-10,19114.96
2020-12-11,19165.33
2020-12-14,19228.16
2020-12-15,19241.9
2020-12-16,19404.8
2020-12-17,19491.3
2020-12-18,19519.42
2020-12-21,18906.45
2020-12-22,19102.06
2020-12-23,19293.26
2020-12-24,19503.4
2020-12-28,19679.24
2020-12-29,19763.51
2020-12-30,19833.53
2020-12-31,19833.19
2021-01-01,19885.36
2021-01-04,20047.61
2021-01-05,20142.13
2021-01-06,20066.56
2021-01-07,20053.97
2021-01-08,20351.67
2021-01-11,20546.74
2021-01-12,20658.34
2021-01-13,20660.35
2021-01-14,20706.07
2021-01-15,20476.38
2021-01-18,20260.18
2021-01-19,20600.41
2021-01-20,20775.67
2021-01-21,20700.02
2021-01-22,20390.57
2021-01-25,20201.9
2021-01-27,19818.34
2021-01-28,19605.59
2021-01-29,19346.03
2021-02-01,20263.44
2021-02-02,20783.69
2021-02-03,20985.32
2021-02-04,21135.31
2021-02-05,21175.89
2021-02-08,21447.64
2021-02-09,21440.42
2021-02-10,21436.44
2021-02-11,21536.0
2021-02-12,21521.82
2021-02-15,21739.69
2021-02-16,21737.9
2021-02-17,21595.82
2021-02-18,21468.11
2021-02-19,21273.28
2021-02-22,20853.12
2021-02-23,20898.75
2021-02-24,21288.35
2021-02-25,21452.24
2021-02-26,20644.88
2021-03-01,20975.08
2021-03-02,21198.93
2021-03-03,21662.92
2021-03-04,21428.63
2021-03-05,21225.94
2021-03-08,21255.06
2021-03-09,21457.17
2021-03-10,21565.72
2021-03-12,21361.29
2021-03-15,21220.59
2021-03-16,21193.46
2021-03-17,20924.61
2021-03-18,20692.34
2021-03-19,20956.87
2021-03-22,20947.65
2021-03-23,21061.52
2021-03-24,20684.27
2021-03-25,20366.42
2021-03-26,20625.79
2021-03-30,21106.06
2021-03-31,20886.52
2021-04-01,21137.69
2021-04-05,20811.61
2021-04-06,20876.57
2021-04-07,21069.32
2021-04-08,21149.59
2021-04-09,21094.17
2021-04-12,20348.99
2021-04-13,20624.86
2021-04-15,20733.88
2021-04-16,20785.61
2021-04-19,20418.16
2021-04-20,20328.55
2021-04-22,20484.63
2021-04-23,20392.44
2021-04-26,20596.72
2021-04-27,20835.67
2021-04-28,21136.41
2021-04-29,21186.3
2021-04-30,20811.13
2021-05-03,20815.43
2021-05-04,20619.62
2021-05-05,20792.24
2021-05-06,20944.41
2021-05-07,21084.26
2021-05-10,21253.8
2021-05-11,21123.53
2021-05-12,20904.13
2021-05-14,20877.56
2021-05-17,21226.53
2021-05-18,21489.56
2021-05-19,21378.71
2021-05-20,21202.21
2021-05-21,21585.18
2021-05-24,21617.03
2021-05-25,21639.04
2021-05-26,21771.35
2021-05-27,21823.14
2021-05-28,21962.31
2021-05-31,22203.59
2021-06-01,22192.25
2021-06-02,22194.18
2021-06-03,22361.86
2021-06-04,22333.23
2021-06-07,22449.24
2021-06-08,22432.77
2021-06-09,22283.52
2021-06-10,22448.94
2021-06-11,22544.26
2021-06-14,22567.11
2021-06-15,22649.05
2021-06-16,22503.9
2021-06-17,22401.65
2021-06-18,22390.11
2021-06-21,22480.3
2021-06-22,22517.74
2021-06-23,22395.25
2021-06-24,22544.26
2021-06-25,22644.06
2021-06-28,22578.86
2021-06-29,22493.6
2021-06-30,22455.7
2021-07-01,22396.4
2021-07-02,22456.66
2021-07-05,22618.97
2021-07-06,22595.93
2021-07-07,22683.66
2021-07-08,22473.81
2021-07-09,22420.36
2021-07-12,22424.39
2021-07-13,22595.49
2021-07-14,22656.78
2021-07-15,22762.34
2021-07-16,22761.2
2021-07-19,22516.71
2021-07-20,22344.81
2021-07-22,22621.45
2021-07-23,22673.35
2021-07-26,22628.19
2021-07-27,22518.8
2021-07-28,22472.95
2021-07-29,22576.34
2021-07-30,22554.26
2021-08-02,22730.42
2021-08-03,23081.86
2021-08-04,23265.07
2021-08-05,23319.53
2021-08-06,23238.83
2021-08-09,23269.12
2021-08-10,23300.36
2021-08-11,23303.89
2021-08-12,23424.04
2021-08-13,23659.78
2021-08-16,23708.38
2021-08-17,23784.05
2021-08-18,23718.57
2021-08-20,23549.09
2021-08-23,23615.61
2021-08-24,23799.1
2021-08-25,23813.43
2021-08-26,23816.68
2021-08-27,23914.48
2021-08-30,24237.8
2021-08-31,24525.71
2021-09-01,24445.62
2021-09-02,24674.11
2021-09-03,24802.17
2021-09-06,24879.79
2021-09-07,24857.27
2021-09-08,24855.5
2021-09-09,24878.09
2021-09-13,24858.12
2021-09-14,24893.51
2021-09-15,25093.22
2021-09-16,25250.87
2021-09-17,25187.34
2021-09-20,24917.72
2021-09-21,25154.16
2021-09-22,25132.15
2021-09-23,25527.92
2021-09-24,25571.24
2021-09-27,25573.99
2021-09-28,25421.46
2021-09-29,25367.99
2021-09-30,25234.57
2021-10-01,25111.25
2021-10-04,25339.32
2021-10-05,25526.98
2021-10-06,25274.48
2021-10-07,25481.26
2021-10-08,25631.38
2021-10-11,25704.1
2021-10-12,25770.01
2021-10-13,26013.19
2021-10-14,26268.83
2021-10-18,26467.21
2021-10-19,26383.71
2021-10-20,26165.78
2021-10-21,26042.59
2021-10-22,25952.01
2021-10-25,25967.04
2021-10-26,26196.05
2021-10-27,26113.62
2021-10-28,25606.99
2021-10-29,25340.83
2021-11-01,25710.8
2021-11-02,25655.51
2021-11-03,25569.86
2021-11-04,25695.5
2021-11-08,25913.09
2021-11-09,25878.28
2021-11-10,25839.47
2021-11-11,25639.32
2021-11-12,25968.02
2021-11-15,25977.61
2021-11-16,25819.49
2021-11-17,25675.2
2021-11-18,25483.23
2021-11-22,24990.27
2021-11-23,25114.82
2021-11-24,24988.18
2021-11-25,25162.07
2021-11-26,24430.53
2021-11-29,24469.99
2021-11-30,24368.53
2021-12-01,24632.06
2021-12-02,24968.91
2021-12-03,24674.83
2021-12-06,24266.71
2021-12-07,24646.18
2021-12-08,25066.62
2021-12-09,25134.23
2021-12-10,25126.24
2021-12-13,24921.02
2021-12-14,24858.79
2021-12-15,24710.3
2021-12-16,24749.01
2021-12-17,24371.37
2021-12-20,23839.01
2021-12-21,24063.78
2021-12-22,24336.62
2021-12-23,24504.75
2021-12-24,24405.96
2021-12-27,24524.36
2021-12-28,24735.32
2021-12-29,24707.1
2021-12-30,24693.25
2021-12-31,24908.71
2022-01-03,25298.63
2022-01-04,25556.34
2022-01-05,25728.58
2022-01-06,25471.18
2022-01-07,25567.06
2022-01-10,25840.62
2022-01-11,25915.89
2022-01-12,26140.68
2022-01-13,26205.87
2022-01-14,26202.97
2022-01-17,26278.07
2022-01-18,25998.14
2022-01-19,25749.81
2022-01-20,25492.99
2022-01-21,25292.72
2022-01-24,24620.72
2022-01-25,24805.75
2022-01-27,24564.81
2022-01-28,24553.04
2022-01-31,24894.62
2022-02-01,25234.89
2022-02-02,25526.55
2022-02-03,25217.2
2022-02-04,25154.14
2022-02-07,24719.45
2022-02-08,24795.76
2022-02-09,25084.6
2022-02-10,25290.42
2022-02-11,24958.45
2022-02-14,24209.38
2022-02-15,24941.93
2022-02-16,24904.67
2022-02-17,24879.32
2022-02-18,24838.68
2022-02-21,24746.59
2022-02-22,24582.05
2022-02-23,24540.41
2022-02-24,23367.85
2022-02-25,23958.1
2022-02-28,24153.01
2022-03-02,23882.72
2022-03-03,23727.54
2022-03-04,23364.07
2022-03-07,22814.41
2022-03-08,23030.56
2022-03-09,23507.87
2022-03-10,23866.77
2022-03-11,23917.96
2022-03-14,24264.29
2022-03-15,23964.72
2022-03-16,24414.0
2022-03-17,24862.27
2022-03-21,24618.52
2022-03-22,24903.14
2022-03-23,24802.74
2022-03-24,24769.75
2022-03-25,24669.45
2022-03-28,24768.69
2022-03-29,24917.57
2022-03-30,25166.31
2022-03-31,25118.14
2022-04-01,25413.94
2022-04-04,25964.72
2022-04-05,25829.11
2022-04-06,25613.71
2022-04-07,25371.88
2022-04-08,25580.15
2022-04-11,25422.81
2022-04-12,25214.76
2022-04-13,25136.13
2022-04-18,24701.75
2022-04-19,24392.54
2022-04-20,24648.4
2022-04-21,25017.73
2022-04-22,24700.36
2022-04-25,24386.78
2022-04-26,24741.88
2022-04-27,24508.3
2022-04-28,24811.78
2022-04-29,24606.78
2022-05-02,24558.61
2022-05-04,23995.35
2022-05-05,24002.58
2022-05-06,23612.16
2022-05-09,23454.71
2022-05-10,23365.81
2022-05-11,23260.85
2022-05-12,22766.52
2022-05-13,22729.28
2022-05-16,22815.88
2022-05-17,23416.46
2022-05-18,23389.07
2022-05-19,22768.49
2022-05-20,23426.36
2022-05-23,23352.22
2022-05-24,23223.25
2022-05-25,23096.63
2022-05-26,23322.66
2022-05-27,23585.61
2022-05-30,24031.25
2022-05-31,23958.1
2022-06-01,23868.85
2022-06-02,24020.89
2022-06-03,23957.71
2022-06-06,23936.44
2022-06-07,23715.1
2022-06-08,23628.32
2022-06-09,23807.84
2022-06-10,23408.59
2022-06-13,22791.12
2022-06-14,22729.97
2022-06-15,22691.46
2022-06-16,22211.98
2022-06-17,22114.97
2022-06-20,22199.11
2022-06-21,22616.52
2022-06-22,22290.46
2022-06-23,22497.71
2022-06-24,22703.95
2022-06-27,22896.02
2022-06-28,22922.24
2022-06-29,22848.35
2022-06-30,22828.93
2022-07-01,22788.18
2022-07-04,22914.2
2022-07-05,22878.72
2022-07-06,23137.7
2022-07-07,23345.61
2022-07-08,23473.61
2022-07-11,23468.14
2022-07-12,23239.9
2022-07-13,23107.47
2022-07-14,23074.52
2022-07-15,23234.52
2022-07-18,23566.52
2022-07-19,23659.85
2022-07-20,23920.88
2022-07-21,24058.17
2022-07-22,24223.56
2022-07-25,24095.46
2022-07-26,23882.26
2022-07-27,24114.41
2022-07-28,24531.38
2022-07-29,24862.7
2022-08-01,25128.57
2022-08-02,25137.82
2022-08-03,25202.38
2022-08-04,25193.41
2022-08-05,25215.93
2022-08-08,25413.25
2022-08-10,25431.92
2022-08-11,25621.06
2022-08-12,25678.83
2022-08-16,25863.24
2022-08-17,26035.87
2022-08-18,26067.35
2022-08-19,25785.4
2022-08-22,25396.57
2022-08-23,25522.62
2022-08-24,25562.51
2022-08-25,25442.67
2022-08-26,25495.64
2022-08-29,25138.4
2022-08-30,25786.59
2022-09-01,25472.24
2022-09-02,25467.41
2022-09-05,25650.83
2022-09-06,25636.01
2022-09-07,25590.73
2022-09-08,25843.86
2022-09-09,25894.12
2022-09-12,26043.69
2022-09-13,26237.81
2022-09-14,26141.52
2022-09-15,25958.06
2022-09-16,25454.93
2022-09-19,25587.63
2022-09-20,25869.27
2022-09-21,25727.13
2022-09-22,25598.6
2022-09-23,25159.42
2022-09-26,24707.77
2022-09-27,24694.83
2022-09-28,24478.82
2022-09-29,24419.98
2022-09-30,24821.08
2022-10-03,24520.52
2022-10-04,25082.39
2022-10-06,25165.85
2022-10-07,25140.99
2022-10-10,25034.02
2022-10-11,24660.2
2022-10-12,24863.58
2022-10-13,24704.95
2022-10-14,24953.75
2022-10-17,25139.55
2022-10-18,25393.89
2022-10-19,25434.1
2022-10-20,25509.14
2022-10-21,25527.09
2022-10-24,25751.45
2022-10-25,25643.34
2022-10-27,25780.23
2022-10-28,25852.72
2022-10-31,26182.36
2022-11-01,26380.97
2022-11-02,26290.01
2022-11-03,26246.23
2022-11-04,26339.9
2022-11-07,26464.44
2022-11-09,26401.58
2022-11-10,26214.31
2022-11-11,26681.76
2022-11-14,26651.93
2022-11-15,26759.85
2022-11-16,26768.95
2022-11-17,26673.32
2022-11-18,26620.61
2022-11-21,26405.9
2022-11-22,26528.4
2022-11-23,26561.89
2022-11-24,26877.24
2022-11-25,26918.89
2022-11-28,26991.6
2022-11-29,27071.98
2022-11-30,27276.01
2022-12-01,27354.74
2022-12-02,27185.44
2022-12-05,27192.64
2022-12-06,27107.87
2022-12-07,26988.31
2022-12-08,27059.31
2022-12-09,26895.35
2022-12-12,26896.21
2022-12-13,27057.35
2022-12-14,27133.4
2022-12-15,26776.56
2022-12-16,26564.46
2022-12-19,26784.68
2022-12-20,26733.51
2022-12-21,26462.77
2022-12-22,26358.44
2022-12-23,25892.35
2022-12-26,26194.52
2022-12-27,26365.65
2022-12-28,26351.4
2022-12-29,26451.02
2022-12-30,26326.37
2023-01-02,26460.41
2023-01-03,26511.45
2023-01-04,26235.73
2023-01-05,26161.85
2023-01-06,25968.95
2023-01-09,26320.41
2023-01-10,26048.47
2023-01-11,26021.6
2023-01-12,25967.07
2023-01-13,26110.2
2023-01-16,26020.39
2023-01-17,26250.81
2023-01-18,26413.71
2023-01-19,26333.57
2023-01-20,26216.94
2023-01-23,26349.14
2023-01-24,26349.28
2023-01-25,26020.13
2023-01-27,25601.88
2023-01-30,25666.69
2023-01-31,25685.94
2023-02-01,25619.24
2023-02-02,25610.65
2023-02-03,25965.0
2023-02-06,25834.87
2023-02-07,25772.19
2023-02-08,25993.34
2023-02-09,26024.94
2023-02-10,25971.23
2023-02-13,25846.7
2023-02-14,26077.93
2023-02-15,26220.43
2023-02-16,26249.52
2023-02-17,26116.12
2023-02-20,25971.19
2023-02-21,25945.08
2023-02-22,25548.67
2023-02-23,25485.97
2023-02-24,25420.07
2023-02-27,25313.7
2023-02-28,25184.47
2023-03-01,25398.4
2023-03-02,25210.65
2023-03-03,25607.14
2023-03-06,25777.6
2023-03-08,25840.12
2023-03-09,25600.24
2023-03-10,25343.09
2023-03-13,24966.68
2023-03-14,24805.11
2023-03-15,24701.6
2023-03-16,24721.52
2023-03-17,24888.1
2023-03-20,24725.6
2023-03-21,24898.97
2023-03-22,24963.55
2023-03-23,24854.39
2023-03-24,24662.53
2023-03-27,24721.71
2023-03-28,24672.17
2023-03-29,24859.93
2023-03-31,25266.06
2023-04-03,25321.85
2023-04-05,25553.28
2023-04-06,25614.55
2023-04-10,25650.73
2023-04-11,25793.77
2023-04-12,25924.89
2023-04-13,25950.39
2023-04-17,25774.07
2023-04-18,25706.09
2023-04-19,25645.82
2023-04-20,25654.16
2023-04-21,25654.78
2023-04-24,25828.46
2023-04-25,25866.09
2023-04-26,25930.7
2023-04-27,26078.38
2023-04-28,26302.92
2023-05-02,26423.3
2023-05-03,26339.14
2023-05-04,26580.77
2023-05-05,26308.78
2023-05-08,26593.29
2023-05-09,26595.52
2023-05-10,26667.11
2023-05-11,26640.77
2023-05-12,26666.67
2023-05-15,26789.02
2023-05-16,26679.67
2023-05-17,26526.82
2023-05-18,26451.26
2023-05-19,26560.1
2023-05-22,26722.03
2023-05-23,26771.1
2023-05-24,26679.72
2023-05-25,26731.86
2023-05-26,26991.87
2023-05-29,27136.82
2023-05-30,27188.18
2023-05-31,27057.44
2023-06-01,26989.35
2023-06-02,27080.87
2023-06-05,27168.13
2023-06-06,27175.7
2023-06-07,27361.85
2023-06-08,27227.59
2023-06-09,27126.86
2023-06-12,27182.55
2023-06-13,27350.09
2023-06-14,27408.12
2023-06-15,27317.25
2023-06-16,27519.44
2023-06-19,27422.87
2023-06-20,27512.41
2023-06-21,27571.14
2023-06-22,27445.97
2023-06-23,27291.39
2023-06-26,27328.91
2023-06-27,27513.45
2023-06-28,27739.64
2023-06-30,28059.65
2023-07-03,28254.9
2023-07-04,28352.01
2023-07-05,28365.96
2023-07-06,28510.39
2023-07-07,28269.43
2023-07-10,28304.66
2023-07-11,28429.42
2023-07-12,28348.88
2023-07-13,28393.32
2023-07-14,28618.6
2023-07-17,28833.54
2023-07-18,28888.85
2023-07-19,29011.55
2023-07-20,29231.71
2023-07-21,28890.53
2023-07-24,28784.26
2023-07-25,28796.35
2023-07-26,28939.3
2023-07-27,28769.02
2023-07-28,28752.69
2023-07-31,28910.43
2023-08-01,28880.78
2023-08-02,28589.81
2023-08-03,28383.28
2023-08-04,28582.25
2023-08-07,28699.8
2023-08-08,28661.08
2023-08-09,28769.97
2023-08-10,28638.92
2023-08-11,28482.45
2023-08-14,28494.78
2023-08-16,28539.38
2023-08-17,28393.16
2023-08-18,28316.31
2023-08-21,28448.83
2023-08-22,28453.01
2023-08-23,28522.76
2023-08-24,28438.68
2023-08-25,28261.32
2023-08-28,28320.4
2023-08-29,28374.03
2023-08-30,28381.13
2023-08-31,28243.74
2023-09-01,28509.94
2023-09-04,28647.16
2023-09-05,28714.78
2023-09-06,28767.78
2023-09-07,28937.96
2023-09-08,29074.22
2023-09-11,29333.0
2023-09-12,29328.37
2023-09-13,29441.04
2023-09-14,29489.61
2023-09-15,29620.53
2023-09-18,29533.91
2023-09-20,29193.69
2023-09-21,28960.36
2023-09-22,28860.46
2023-09-25,28860.9
2023-09-26,28846.47
2023-09-27,28922.43
2023-09-28,28639.44
2023-09-29,28807.77
2023-10-03,28647.04
2023-10-04,28511.13
2023-10-05,28671.97
2023-10-06,28830.08
2023-10-09,28622.98
2023-10-10,28883.35
2023-10-11,29061.61
2023-10-12,29036.17
2023-10-13,28973.14
2023-10-16,28944.87
2023-10-17,29061.8
2023-10-18,28855.87
2023-10-19,28790.88
2023-10-20,28674.78
2023-10-23,28291.96
2023-10-25,28079.26
2023-10-26,27690.29
2023-10-27,27969.92
2023-10-30,28107.42
2023-10-31,28017.36
2023-11-01,27886.24
2023-11-02,28105.75
2023-11-03,28253.09
2023-11-06,28519.25
2023-11-07,28511.81
2023-11-08,28565.86
2023-11-09,28495.08
2023-11-10,28539.24
2023-11-12,28686.47
2023-11-13,28565.95
2023-11-15,28906.7
2023-11-16,29044.66
2023-11-17,28995.52
2023-11-20,28939.98
2023-11-21,29071.36
2023-11-22,29113.18
2023-11-23,29098.74
2023-11-24,29087.95
2023-11-28,29227.61
2023-11-29,29531.63
2023-11-30,29585.36
2023-12-01,29783.34
2023-12-04,30398.91
2023-12-05,30646.19
2023-12-06,30767.6
2023-12-07,30713.86
2023-12-08,30814.15
2023-12-11,30854.9
2023-12-12,30721.59
2023-12-13,30750.95
2023-12-14,31127.6
2023-12-15,31530.19
2023-12-18,31474.35
2023-12-19,31525.0
2023-12-20,31079.76
2023-12-21,31233.93
2023-12-22,31372.6
2023-12-26,31507.69
2023-12-27,31821.31
2023-12-28,32003.47
2023-12-29,31933.93
2024-01-01,31949.36
2024-01-02,31837.56
2024-01-03,31619.36
2024-01-04,31826.97
2024-01-05,31903.69
2024-01-08,31613.01
2024-01-09,31659.81
2024-01-10,31768.3
2024-01-11,31810.18
2024-01-12,32173.66
2024-01-15,32471.8
2024-01-16,32376.1
2024-01-17,31699.64
2024-01-18,31538.4
2024-01-19,31787.24
2024-01-20,31712.86
2024-01-23,31223.3
2024-01-24,31540.07
2024-01-25,31391.07
2024-01-29,31957.05
2024-01-30,31640.24
2024-01-31,31939.59
2024-02-01,31898.06
2024-02-02,32127.9
2024-02-05,32007.18
2024-02-06,32242.59
2024-02-07,32244.22
2024-02-08,31950.32
2024-02-09,32048.38
2024-02-12,31803.52
2024-02-13,31990.61
2024-02-14,32133.04
2024-02-15,32244.79
2024-02-16,32441.32
2024-02-19,32561.34
2024-02-20,32675.53
2024-02-21,32466.65
2024-02-22,32705.7
2024-02-23,32698.69
2024-02-26,32565.29
2024-02-27,32677.61
2024-02-28,32313.7
2024-02-29,32360.25
2024-03-01,32884.29
2024-03-02,32942.63
2024-03-04,32982.68
2024-03-05,32910.07
2024-03-06,33083.42
2024-03-07,33112.15
2024-03-11,32875.25
2024-03-12,32879.74
2024-03-13,32382.22
2024-03-14,32601.49
2024-03-15,32420.41
2024-03-18,32468.0
2024-03-19,32117.3
2024-03-20,32149.17
2024-03-21,32403.6
2024-03-22,32528.43
2024-03-26,32392.94
2024-03-27,32568.01
2024-03-28,32867.23
2024-04-01,33066.13
2024-04-02,33053.33
2024-04-03,33025.82
2024-04-04,33143.59
2024-04-05,33142.19
2024-04-08,33366.87
2024-04-09,33332.19
2024-04-10,33495.65
2024-04-12,33150.59
2024-04-15,32787.15
2024-04-16,32603.74
2024-04-18,32379.9
2024-04-19,32602.42
2024-04-22,32881.22
2024-04-23,32927.73
2024-04-24,32978.37
2024-04-25,33225.64
2024-04-26,33004.19
2024-04-29,33333.12
2024-04-30,33276.41
2024-05-02,33340.2
2024-05-03,33086.51
2024-05-06,33037.73
2024-05-07,32837.71
2024-05-08,32837.65
2024-05-09,32329.72
2024-05-10,32522.55
2024-05-13,32594.61
2024-05-14,32762.37
2024-05-15,32736.91
2024-05-16,33046.16
2024-05-17,33138.02
2024-05-18,33190.97
2024-05-21,33230.84
2024-05-22,33349.84
2024-05-23,33895.66
2024-05-24,33881.75
2024-05-27,33845.39
2024-05-28,33780.01
2024-05-29,33509.23
2024-05-30,33190.35
2024-05-31,33285.9
2024-06-03,34369.13
2024-06-04,32353.5
2024-06-05,33441.4
2024-06-06,33738.58
2024-06-07,34431.61
2024-06-10,34385.84
2024-06-11,34402.0
2024-06-12,34487.88
2024-06-13,34600.19
2024-06-14,34710.67
2024-06-18,34847.24
2024-06-19,34786.58
2024-06-20,34873.15
2024-06-21,34779.9
2024-06-24,34834.33
2024-06-25,35105.79
2024-06-26,35324.11
2024-06-27,35585.62
2024-06-28,35539.16
2024-07-01,35733.58
2024-07-02,35706.77
2024-07-03,35947.53
2024-07-04,35970.64
2024-07-05,36009.61
2024-07-08,36004.74
2024-07-09,36173.87
2024-07-10,36012.82
2024-07-11,36000.25
2024-07-12,36278.67
2024-07-15,36403.86
2024-07-16,36445.79
2024-07-18,36723.93
2024-07-19,36328.6
2024-07-22,36296.55
2024-07-23,36257.51
2024-07-24,36160.36
2024-07-25,36149.4
2024-07-26,36784.48
2024-07-29,36786.3
2024-07-30,36820.47
2024-07-31,36959.48
2024-08-01,37049.7
2024-08-02,36624.49
2024-08-05,35646.37
2024-08-06,35554.15
2024-08-07,36020.75
2024-08-08,35753.12
2024-08-09,36126.23
2024-08-12,36119.45
2024-08-13,35810.83
2024-08-14,35817.89
2024-08-16,36415.85
2024-08-19,36473.95
2024-08-20,36661.24
2024-08-21,36767.19
2024-08-22,36828.5
2024-08-23,36849.02
2024-08-26,37127.3
2024-08-27,37137.91
2024-08-28,37189.27
2024-08-29,37337.09
2024-08-30,37461.73
2024-09-02,37525.28
2024-09-03,37526.97
2024-09-04,37406.55
2024-09-05,37326.99
2024-09-06,36892.07
2024-09-09,37017.15
2024-09-10,37172.57
2024-09-11,36990.52
2024-09-12,37688.9
2024-09-13,37640.8
2024-09-16,37681.24
2024-09-17,37732.87
2024-09-18,37672.03
2024-09-19,37728.83
2024-09-20,38285.67
2024-09-23,38505.51
2024-09-24,38507.55
2024-09-25,38602.21
2024-09-26,38916.76
2024-09-27,38861.64
2024-09-30,38315.21
2024-10-01,38294.54
2024-10-03,37482.84
2024-10-04,37133.25
2024-10-07,36808.37
2024-10-08,37131.07
2024-10-09,37084.75
2024-10-10,37109.26
2024-10-11,37058.49
2024-10-14,37301.5
2024-10-15,37196.69
2024-10-16,37068.99
2024-10-17,36740.25
2024-10-18,36898.25
2024-10-21,36789.95
2024-10-22,36335.46
2024-10-23,36281.1
2024-10-24,36227.52
2024-10-25,35902.92
2024-10-28,36138.03
2024-10-29,36352.63
2024-10-30,36165.43
2024-10-31,35971.14
2024-11-01,36118.25
2024-11-04,35659.07
2024-11-05,35982.96
2024-11-06,36393.85
2024-11-07,35972.74
2024-11-08,35896.71
2024-11-11,35886.42
2024-11-12,35503.11
2024-11-13,35020.93
2024-11-14,34988.48
2024-11-18,34871.21
2024-11-19,34968.0
2024-11-21,34717.32
2024-11-22,35546.01
2024-11-25,36013.85
2024-11-26,35973.11
2024-11-27,36092.65
2024-11-28,35556.27
2024-11-29,35878.82
2024-12-02,36094.39
2024-12-03,36363.63
2024-12-04,36378.91
2024-12-05,36737.18
2024-12-06,36691.68
2024-12-09,36604.29
2024-12-10,36590.98
2024-12-11,36638.14
2024-12-12,36499.75
2024-12-13,36826.27
2024-12-16,36677.48
2024-12-17,36183.53
2024-12-18,35979.58
2024-12-19,35612.11
2024-12-20,35070.59
2024-12-23,35317.36
2024-12-24,35278.97
2024-12-26,35312.5
2024-12-27,35406.5
2024-12-30,35155.94
2024-12-31,35155.77
2025-01-01,35301.63
2025-01-02,35964.43
2025-01-03,35690.96
2025-01-06,35113.04
2025-01-07,35249.64
2025-01-08,35221.43
2025-01-09,34979.91
2025-01-10,34838.66
2025-01-13,34324.87
2025-01-14,34458.87
2025-01-15,34514.06
2025-01-16,34660.67
2025-01-17,34531.21
2025-01-20,34741.89
2025-01-21,34265.55
2025-01-22,34460.03
2025-01-23,34534.46
2025-01-24,34366.04
2025-01-27,33974.58
2025-01-28,34165.22
2025-01-29,34474.8
2025-01-30,34603.4
2025-01-31,34998.01
2025-02-01,34958.89
2025-02-03,34778.66
2025-02-04,35341.64
2025-02-05,35277.7
2025-02-06,35143.08
2025-02-07,35091.5
2025-02-10,34825.87
2025-02-11,34364.39
2025-02-12,34344.93
2025-02-13,34324.31
2025-02-14,34172.38
2025-02-17,34217.48
2025-02-18,34196.32
2025-02-19,34177.82
2025-02-20,34148.36
2025-02-21,33973.61
2025-02-24,33612.18
2025-02-25,33603.55
2025-02-27,33599.79
2025-02-28,32973.36
2025-03-03,32965.25
2025-03-04,32910.63
2025-03-05,33290.2
2025-03-06,33599.3
2025-03-07,33611.3
2025-03-10,33473.92
2025-03-11,33531.68
2025-03-12,33490.87
2025-03-13,33381.62
2025-03-17,33547.88
2025-03-18,34033.06
2025-03-19,34142.35
2025-03-20,34564.18
2025-03-21,34802.3
2025-03-24,35261.27
2025-03-25,35276.65
2025-03-26,35005.67
2025-03-27,35162.32
2025-03-28,35054.08
2025-04-01,34527.01
2025-04-02,34775.4
2025-04-03,34652.84
2025-04-04,34137.61
2025-04-07,33030.49
2025-04-08,33588.28
2025-04-09,33384.56
2025-04-11,34024.5
2025-04-15,34769.71
2025-04-16,34931.66
2025-04-17,35549.39
2025-04-21,35957.62
2025-04-22,36019.75
2025-04-23,36260.74
2025-04-24,36138.21
2025-04-25,35829.16
2025-04-28,36266.41
2025-04-29,36277.48
2025-04-30,36274.87
2025-05-02,36293.51
2025-05-05,36464.1
2025-05-06,36342.6
2025-05-07,36394.46
2025-05-08,36184.82
2025-05-09,35789.63
2025-05-12,37156.25
2025-05-13,36639.87
2025-05-14,36771.94
2025-05-15,37361.05
2025-05-16,37318.13
2025-05-19,37207.25
2025-05-20,36817.14
2025-05-21,37010.35
2025-05-22,36706.44
2025-05-23,37069.55
2025-05-26,37290.3
2025-05-27,37029.33
2025-05-28,36943.42
2025-05-29,37066.34
2025-05-30,36972.5
2025-06-02,36921.62
2025-06-03,36674.69
2025-06-04,36805.09
2025-06-05,37000.49
2025-06-06,37377.42
2025-06-09,37527.12
2025-06-10,37531.76
2025-06-11,37587.31
2025-06-12,37209.11
2025-06-13,36957.38
2025-06-16,37298.12
2025-06-17,37158.95
2025-06-18,37097.13
2025-06-19,37069.02
2025-06-20,37546.89
2025-06-23,37343.91
2025-06-24,37452.24
2025-06-25,37751.94
2025-06-26,38206.88
2025-06-27,38398.23
2025-06-30,38217.32
2025-07-01,38254.39
2025-07-02,38121.99
2025-07-03,38049.97
2025-07-04,38142.94
2025-07-07,38145.33
2025-07-08,38239.39
2025-07-09,38169.85
2025-07-10,37990.41
2025-07-11,37684.07
2025-07-14,37582.84
2025-07-15,37752.92
2025-07-16,37780.94
2025-07-17,37630.21
2025-07-18,37435.72
2025-07-21,37619.09
2025-07-22,37574.38
2025-07-23,37812.76
2025-07-24,37578.97
2025-07-25,37257.14
2025-07-28,37027.65
2025-07-29,37238.03
2025-07-30,37288.94
2025-07-31,37158.88
2025-08-01,36863.4
2025-08-04,37099.55
2025-08-05,36989.75
2025-08-06,36880.81
2025-08-07,36913.76
2025-08-08,36566.63
2025-08-11,36900.03
2025-08-12,36780.73
2025-08-13,36978.89
2025-08-14,37010.27
2025-08-18,37379.38
2025-08-19,37537.42
2025-08-20,37642.41
2025-08-21,37696.23
2025-08-22,37375.09
2025-08-25,37521.9
2025-08-26,37137.57
2025-08-28,36820.25
2025-08-29,36709.0
2025-09-01,37006.87
2025-09-02,36938.57
2025-09-03,37142.11
2025-09-04,37177.94
2025-09-05,37188.02
2025-09-08,37236.28
2025-09-09,37379.78
2025-09-10,37536.88
2025-09-11,37585.52
2025-09-12,37748.61
2025-09-15,37681.33
2025-09-16,37936.66
2025-09-17,38073.65
2025-09-18,38213.97
2025-09-19,38068.84
2025-09-22,37881.41
2025-09-23,37832.09
2025-09-24,37662.84
2025-09-25,37413.25
2025-09-26,37058.3
2025-09-29,37028.48
2025-09-30,36992.7
2025-10-01,37331.2
2025-10-03,37418.3
2025-10-06,37694.02
2025-10-07,37740.1
2025-10-08,37646.65
2025-10-09,37850.52
2025-10-10,38006.18
2025-10-13,37918.98
2025-10-14,37795.97
2025-10-15,38067.31
2025-10-16,38460.73
2025-10-17,38652.19
2025-10-20,38855.68
2025-10-21,38893.95
2025-10-23,38928.23
2025-10-24,38783.54
2025-10-27,39067.59
2025-10-28,39022.73
2025-10-29,39199.8
2025-10-30,38934.92
2025-10-31,38700.6
2025-11-03,38762.65
2025-11-04,38513.37
2025-11-06,38381.02
2025-11-07,38366.88
2025-11-10,38497.01
2025-11-11,38678.54
2025-11-12,38950.78
2025-11-13,38955.83
2025-11-14,39002.37
2025-11-17,39157.99
2025-11-18,39003.01
2025-11-19,39217.69
2025-11-20,39427.65
2025-11-21,39241.0
2025-11-24,39077.5
2025-11-25,38965.0
2025-11-26,39447.49
2025-11-27,39462.93
2025-11-28,39443.91
2025-12-01,39403.02
2025-12-02,39186.92
2025-12-03,39117.33
2025-12-04,39189.27
2025-12-05,39419.07
2025-12-08,39079.02
2025-12-09,38897.02
2025-12-10,38774.13
2025-12-11,38985.75
2025-12-12,39209.12
2025-12-15,39179.54
2025-12-16,38927.87
2025-12-17,38865.29
2025-12-18,38860.78
2025-12-19,39087.88
2025-12-22,39397.94
2025-12-23,39405.1
2025-12-24,39352.35
2025-12-26,39202.11
2025-12-29,39051.24
2025-12-30,39046.4
2025-12-31,39333.55
2026-01-01,39359.02
2026-01-02,39632.99
2026-01-05,39515.23
2026-01-06,39407.42
2026-01-07,39350.28
2026-01-08,38953.08
2026-01-09,38661.67
2026-01-12,38822.72
2026-01-13,38735.47
2026-01-14,38635.05
2026-01-16,38701.71
2026-01-19,38537.78
2026-01-20,38006.05
2026-01-21,37893.11
2026-01-22,38092.55
2026-01-23,37729.14
2026-01-27,37920.03
2026-01-28,38172.11
2026-01-29,38286.86
2026-01-30,38138.83
2026-02-01,37392.92
2026-02-02,37789.0
2026-02-03,38751.71
2026-02-04,38824.69
2026-02-05,38627.94
2026-02-06,38710.58
2026-02-09,38976.99
2026-02-10,39079.22
2026-02-11,39107.4
2026-02-12,38886.41
2026-02-13,38379.95
2026-02-16,38699.22
2026-02-17,38763.5
2026-02-18,38909.22
2026-02-19,38359.13
2026-02-20,38535.31
2026-02-23,38748.94
2026-02-24,38314.37
2026-02-25,38401.58
2026-02-26,38422.72
2026-02-27,37943.67
2026-03-02,37472.06
2026-03-04,36891.56
2026-03-05,37321.66
2026-03-06,36848.97
2026-03-09,36212.4
2026-03-10,36564.4
2026-03-11,35969.45
2026-03-12,35626.27
2026-03-13,34890.78
2026-03-16,35279.17
2026-03-17,35538.92
2026-03-18,35835.24
2026-03-19,34666.28
2026-03-20,34835.63
2026-03-23,33928.59
2026-03-24,34530.99
2026-03-25,35124.87
2026-03-27,34391.13
2026-03-30,33655.43
2026-04-01,34179.9
2026-04-02,34230.63
2026-04-06,34615.19
2026-04-07,34849.41
2026-04-08,36166.14
2026-04-09,35831.22
2026-04-10,36246.4
2026-04-13,35932.96
2026-04-15,36518.69
2026-04-16,36466.62
2026-04-17,36702.93
2026-04-20,36719.99
2026-04-21,37039.12
2026-04-22,36739.93
2026-04-23,36430.96
2026-04-24,36024.64
2026-04-27,36318.25
2026-04-28,36172.04
2026-04-29,36446.26
2026-04-30,36174.8
2026-05-04,36358.33
2026-05-05,36227.97
2026-05-06,36677.36
2026-05-07,36670.88
2026-05-08,36444.03
2026-05-11,35900.87
2026-05-12,35243.17
2026-05-13,35293.05
2026-05-14,35710.57
2026-05-15,35664.76
2026-05-18,35674.46
2026-05-19,35626.29
2026-05-20,35688.12
2026-05-21,35681.64
2026-05-22,35793.78
2026-05-25,36277.77
2026-05-26,36099.61
2026-05-27,36089.71
2026-05-29,35552.64
2026-06-01,35303.3
2026-06-02,35455.73
2026-06-03,35338.07
2026-06-04,35354.58
2026-06-05,35295.11
2026-06-08,34926.96
2026-06-09,35106.89
2026-06-10,35065.85
2026-06-11,34985.25
2026-06-12,35695.33
2026-06-15,36044.4
2026-06-16,36248.81
2026-06-17,36394.66
2026-06-18,36519.02
2026-06-19,36353.45
2026-06-22,36489.39
2026-06-23,36077.17
2026-06-24,36376.39
2026-06-25,36428.37
2026-06-29,36262.15
2026-06-30,36145.88
2026-07-01,36358.08
2026-07-02,36615.31
2026-07-03,36772.46
2026-07-06,37014.1
2026-07-07,36970.13
2026-07-08,36187.26
2026-07-09,36311.62
2026-07-10,36688.15
2026-07-13,36694.4
2026-07-14,36453.46
2026-07-15,36497.59
2026-07-16,36488.9
2026-07-17,36891.14
2026-07-20,36745.92
2026-07-21,36668.86
2026-07-22,36378.67
2026-07-23,36186.61
2026-07-24,36055.94
2026-07-27,36404.48
2026-07-28,36388.43
2026-07-29,36790.18
2026-07-30,36891.81
2026-07-31,37000.72
2026-08-03,37622.04
2026-08-04,37379.99
2026-08-05,37394.79
2026-08-06,37412.02
2026-08-07,37320.16
2026-08-10,37340.74
2026-08-11,37170.47
2026-08-12,37116.2
2026-08-13,37057.8
2026-08-14,37012.79
2026-08-17,36893.77
2026-08-18,36692.13
2026-08-19,36575.78
2026-08-20,36808.99
2026-08-21,36839.6
2026-08-24,36789.58
2026-08-25,36965.04
2026-08-26,36772.39
2026-08-27,36594.87
2026-08-28,36723.65
