Date,TotalReturnsIndex
2005-04-01,1000.0
2005-04-04,1007.5
2005-04-05,998.77
2005-04-06,1017.08
2005-04-07,1018.96
2005-04-08,1011.51
2005-04-11,1003.86
2005-04-12,1011.86
2005-04-13,1009.86
2005-04-15,984.35
2005-04-18,979.27
2005-04-19,973.89
2005-04-20,980.89
2005-04-21,997.32
2005-04-22,1011.68
2005-04-25,1017.86
2005-04-26,1021.03
2005-04-27,1014.64
2005-04-28,1014.56
2005-04-29,994.3
2005-05-02,986.11
2005-05-03,992.16
2005-05-04,1010.79
2005-05-05,1024.06
2005-05-06,1030.12
2005-05-09,1045.44
2005-05-10,1050.52
2005-05-11,1054.83
2005-05-12,1074.85
2005-05-13,1089.97
2005-05-16,1105.11
2005-05-17,1092.01
2005-05-18,1094.76
2005-05-19,1109.06
2005-05-20,1112.05
2005-05-23,1120.39
2005-05-24,1118.41
2005-05-25,1124.94
2005-05-26,1120.79
2005-05-27,1110.76
2005-05-30,1099.23
2005-05-31,1109.63
2005-06-01,1119.01
2005-06-02,1111.05
2005-06-03,1125.58
2005-06-04,1137.66
2005-06-06,1142.82
2005-06-07,1148.54
2005-06-08,1151.49
2005-06-09,1154.88
2005-06-10,1149.46
2005-06-13,1153.01
2005-06-14,1156.88
2005-06-15,1164.35
2005-06-16,1139.26
2005-06-17,1118.65
2005-06-20,1106.02
2005-06-21,1113.69
2005-06-22,1114.78
2005-06-23,1120.43
2005-06-24,1132.43
2005-06-27,1127.79
2005-06-28,1105.8
2005-06-29,1117.98
2005-06-30,1127.1
2005-07-01,1144.06
2005-07-04,1160.85
2005-07-05,1153.52
2005-07-06,1174.99
2005-07-07,1161.31
2005-07-08,1183.69
2005-07-11,1203.66
2005-07-12,1208.96
2005-07-13,1221.74
2005-07-14,1225.21
2005-07-15,1244.03
2005-07-18,1267.23
2005-07-19,1271.83
2005-07-20,1278.18
2005-07-21,1273.62
2005-07-22,1289.5
2005-07-25,1291.91
2005-07-26,1283.2
2005-07-27,1277.76
2005-07-29,1265.16
2005-08-01,1266.62
2005-08-02,1294.01
2005-08-03,1292.22
2005-08-04,1309.39
2005-08-05,1326.41
2005-08-08,1316.24
2005-08-09,1320.5
2005-08-10,1353.9
2005-08-11,1370.7
2005-08-12,1380.18
2005-08-16,1405.21
2005-08-17,1427.72
2005-08-18,1421.35
2005-08-19,1436.91
2005-08-22,1440.57
2005-08-23,1398.96
2005-08-24,1386.87
2005-08-25,1413.67
2005-08-26,1425.88
2005-08-29,1438.5
2005-08-30,1455.57
2005-08-31,1479.7
2005-09-01,1494.71
2005-09-02,1496.04
2005-09-05,1504.3
2005-09-06,1502.92
2005-09-08,1516.64
2005-09-09,1507.13
2005-09-12,1527.56
2005-09-13,1538.95
2005-09-14,1531.65
2005-09-15,1555.67
2005-09-16,1569.29
2005-09-19,1579.34
2005-09-20,1572.27
2005-09-21,1526.33
2005-09-22,1420.53
2005-09-23,1433.54
2005-09-26,1496.59
2005-09-27,1511.06
2005-09-28,1516.98
2005-09-29,1498.73
2005-09-30,1480.63
2005-10-03,1507.19
2005-10-04,1528.12
2005-10-05,1519.98
2005-10-06,1499.73
2005-10-07,1496.92
2005-10-10,1485.5
2005-10-11,1471.98
2005-10-13,1460.3
2005-10-14,1422.8
2005-10-17,1403.15
2005-10-18,1401.5
2005-10-19,1348.04
2005-10-20,1320.14
2005-10-21,1333.88
2005-10-24,1335.49
2005-10-25,1337.44
2005-10-26,1338.19
2005-10-27,1320.21
2005-10-28,1291.61
2005-10-31,1315.56
2005-11-01,1341.5
2005-11-02,1344.86
2005-11-07,1373.96
2005-11-08,1391.72
2005-11-09,1389.99
2005-11-10,1398.54
2005-11-11,1424.08
2005-11-14,1427.96
2005-11-16,1440.4
2005-11-17,1445.3
2005-11-18,1448.17
2005-11-21,1435.2
2005-11-22,1426.71
2005-11-23,1441.04
2005-11-24,1452.76
2005-11-25,1464.22
2005-11-26,1473.83
2005-11-28,1486.41
2005-11-29,1480.13
2005-11-30,1473.69
2005-12-01,1486.23
2005-12-02,1493.98
2005-12-05,1495.07
2005-12-06,1503.67
2005-12-07,1513.9
2005-12-08,1527.09
2005-12-09,1546.22
2005-12-12,1547.29
2005-12-13,1545.81
2005-12-14,1540.24
2005-12-15,1528.31
2005-12-16,1535.17
2005-12-19,1541.94
2005-12-20,1534.98
2005-12-21,1537.35
2005-12-22,1539.54
2005-12-23,1527.35
2005-12-26,1494.62
2005-12-27,1521.73
2005-12-28,1525.85
2005-12-29,1543.2
2005-12-30,1557.6
2006-01-02,1582.25
2006-01-03,1612.19
2006-01-04,1619.52
2006-01-05,1617.16
2006-01-06,1629.41
2006-01-09,1637.42
2006-01-10,1625.34
2006-01-12,1633.26
2006-01-13,1643.77
2006-01-16,1630.77
2006-01-17,1616.71
2006-01-18,1600.95
2006-01-19,1642.17
2006-01-20,1653.4
2006-01-23,1657.41
2006-01-24,1669.93
2006-01-25,1658.64
2006-01-27,1661.91
2006-01-30,1637.53
2006-01-31,1636.68
2006-02-01,1611.62
2006-02-02,1610.94
2006-02-03,1607.82
2006-02-06,1619.52
2006-02-07,1618.88
2006-02-08,1621.4
2006-02-10,1635.57
2006-02-13,1654.02
2006-02-14,1644.49
2006-02-15,1647.41
2006-02-16,1652.41
2006-02-17,1628.67
2006-02-20,1615.85
2006-02-21,1630.86
2006-02-22,1625.13
2006-02-23,1617.04
2006-02-24,1615.81
2006-02-27,1624.85
2006-02-28,1622.97
2006-03-01,1649.49
2006-03-02,1655.65
2006-03-03,1664.34
2006-03-06,1687.24
2006-03-07,1698.71
2006-03-08,1680.15
2006-03-09,1686.2
2006-03-10,1707.18
2006-03-13,1714.87
2006-03-14,1707.69
2006-03-16,1709.69
2006-03-17,1698.81
2006-03-20,1711.74
2006-03-21,1708.31
2006-03-22,1693.64
2006-03-23,1696.08
2006-03-24,1706.43
2006-03-27,1726.5
2006-03-28,1716.63
2006-03-29,1738.78
2006-03-30,1761.13
2006-03-31,1786.61
2006-04-03,1842.05
2006-04-04,1856.98
2006-04-05,1884.66
2006-04-07,1862.11
2006-04-10,1882.3
2006-04-12,1858.54
2006-04-13,1819.57
2006-04-17,1856.48
2006-04-18,1878.04
2006-04-19,1887.4
2006-04-20,1900.95
2006-04-21,1904.14
2006-04-24,1926.46
2006-04-25,1913.75
2006-04-26,1950.71
2006-04-27,1968.5
2006-04-28,1952.96
2006-04-29,2005.92
2006-05-02,2029.7
2006-05-03,2041.02
2006-05-04,2047.87
2006-05-05,2056.31
2006-05-08,2081.22
2006-05-09,2095.14
2006-05-10,2125.97
2006-05-11,2116.9
2006-05-12,2112.77
2006-05-15,2057.21
2006-05-16,2026.71
2006-05-17,2103.05
2006-05-18,1957.0
2006-05-19,1881.4
2006-05-22,1750.07
2006-05-23,1819.29
2006-05-24,1830.73
2006-05-25,1827.45
2006-05-26,1871.95
2006-05-29,1891.62
2006-05-30,1897.6
2006-05-31,1841.18
2006-06-01,1796.58
2006-06-02,1765.19
2006-06-05,1732.4
2006-06-06,1668.85
2006-06-07,1553.91
2006-06-08,1423.2
2006-06-09,1491.36
2006-06-12,1459.54
2006-06-13,1374.34
2006-06-14,1325.45
2006-06-15,1377.63
2006-06-16,1438.27
2006-06-19,1476.9
2006-06-20,1500.06
2006-06-21,1549.45
2006-06-22,1594.58
2006-06-23,1607.84
2006-06-25,1629.86
2006-06-26,1573.79
2006-06-27,1550.32
2006-06-28,1537.09
2006-06-29,1544.27
2006-06-30,1592.0
2006-07-03,1597.04
2006-07-04,1590.64
2006-07-05,1600.25
2006-07-06,1593.1
2006-07-07,1569.8
2006-07-10,1570.57
2006-07-11,1575.94
2006-07-12,1587.86
2006-07-13,1592.27
2006-07-14,1585.38
2006-07-17,1552.37
2006-07-18,1525.33
2006-07-19,1473.9
2006-07-20,1495.76
2006-07-21,1459.16
2006-07-24,1445.93
2006-07-25,1475.42
2006-07-26,1505.86
2006-07-27,1550.79
2006-07-28,1565.49
2006-07-31,1579.43
2006-08-01,1570.34
2006-08-02,1587.54
2006-08-03,1604.67
2006-08-04,1597.3
2006-08-07,1597.88
2006-08-08,1616.11
2006-08-09,1640.49
2006-08-10,1665.76
2006-08-11,1703.59
2006-08-14,1741.59
2006-08-16,1770.56
2006-08-17,1749.16
2006-08-18,1763.49
2006-08-21,1777.07
2006-08-22,1779.31
2006-08-23,1760.76
2006-08-24,1761.61
2006-08-25,1777.93
2006-08-28,1784.05
2006-08-29,1786.74
2006-08-30,1776.51
2006-08-31,1755.76
2006-09-01,1765.31
2006-09-04,1786.11
2006-09-05,1794.3
2006-09-06,1815.66
2006-09-07,1812.9
2006-09-08,1826.97
2006-09-11,1776.45
2006-09-12,1784.93
2006-09-13,1817.75
2006-09-14,1825.24
2006-09-15,1829.05
2006-09-18,1841.27
2006-09-19,1824.45
2006-09-20,1824.44
2006-09-21,1839.63
2006-09-22,1830.95
2006-09-25,1831.31
2006-09-26,1836.42
2006-09-27,1842.25
2006-09-28,1850.65
2006-09-29,1867.45
2006-10-03,1878.24
2006-10-04,1866.58
2006-10-05,1896.55
2006-10-06,1910.93
2006-10-09,1931.21
2006-10-10,1936.16
2006-10-11,1916.08
2006-10-12,1928.35
2006-10-13,1938.86
2006-10-16,1936.38
2006-10-17,1925.75
2006-10-18,1936.12
2006-10-19,1934.82
2006-10-20,1944.27
2006-10-21,1969.26
2006-10-23,1956.36
2006-10-26,1964.8
2006-10-27,1970.45
2006-10-30,1966.61
2006-10-31,1950.37
2006-11-01,1966.45
2006-11-02,1971.05
2006-11-03,1975.38
2006-11-06,1992.31
2006-11-07,1993.14
2006-11-08,1968.04
2006-11-09,1986.32
2006-11-10,2000.47
2006-11-13,2013.48
2006-11-14,1995.17
2006-11-15,1994.29
2006-11-16,1987.31
2006-11-17,1954.62
2006-11-20,1935.99
2006-11-21,1965.89
2006-11-22,1976.46
2006-11-23,1977.64
2006-11-24,1987.43
2006-11-27,1994.98
2006-11-28,1979.02
2006-11-29,2003.46
2006-11-30,2005.89
2006-12-01,2027.17
2006-12-04,2039.46
2006-12-05,2043.01
2006-12-06,2020.76
2006-12-07,2022.11
2006-12-08,2009.45
2006-12-11,1962.11
2006-12-12,1891.71
2006-12-13,1920.6
2006-12-14,1975.36
2006-12-15,1992.73
2006-12-18,1993.7
2006-12-19,1978.23
2006-12-20,1979.67
2006-12-21,1990.19
2006-12-22,2014.19
2006-12-26,2031.68
2006-12-27,2044.71
2006-12-28,2053.51
2006-12-29,2069.3
2007-01-02,2100.0
2007-01-03,2125.78
2007-01-04,2140.61
2007-01-05,2152.29
2007-01-08,2159.77
2007-01-09,2147.85
2007-01-10,2129.62
2007-01-11,2162.32
2007-01-12,2188.38
2007-01-15,2220.43
2007-01-16,2230.15
2007-01-17,2249.01
2007-01-18,2254.46
2007-01-19,2244.61
2007-01-22,2252.6
2007-01-23,2226.96
2007-01-24,2233.24
2007-01-25,2244.04
2007-01-29,2243.25
2007-01-31,2221.09
2007-02-01,2228.51
2007-02-02,2240.33
2007-02-05,2269.27
2007-02-06,2274.41
2007-02-07,2283.62
2007-02-08,2276.52
2007-02-09,2237.66
2007-02-12,2143.37
2007-02-13,2139.73
2007-02-14,2147.94
2007-02-15,2207.8
2007-02-19,2213.78
2007-02-20,2190.0
2007-02-21,2192.19
2007-02-22,2174.36
2007-02-23,2109.76
2007-02-26,2116.78
2007-02-27,2122.76
2007-02-28,2059.08
2007-03-01,2063.1
2007-03-02,2044.58
2007-03-05,1937.72
2007-03-06,1941.49
2007-03-07,1898.88
2007-03-08,1942.65
2007-03-09,1941.9
2007-03-12,1958.6
2007-03-13,1990.96
2007-03-14,1952.17
2007-03-15,1965.15
2007-03-16,1945.15
2007-03-19,1960.86
2007-03-20,1971.41
2007-03-21,1980.02
2007-03-22,1997.76
2007-03-23,1998.78
2007-03-26,1993.52
2007-03-28,1966.21
2007-03-29,1976.02
2007-03-30,1998.31
2007-04-02,1941.41
2007-04-03,1950.03
2007-04-04,1969.13
2007-04-05,1988.51
2007-04-09,2028.38
2007-04-10,2058.73
2007-04-11,2078.83
2007-04-12,2077.5
2007-04-13,2104.6
2007-04-16,2138.64
2007-04-17,2122.62
2007-04-18,2136.17
2007-04-19,2134.46
2007-04-20,2155.29
2007-04-23,2153.07
2007-04-24,2159.18
2007-04-25,2179.57
2007-04-26,2166.41
2007-04-27,2138.85
2007-04-30,2159.75
2007-05-03,2176.99
2007-05-04,2170.55
2007-05-07,2168.83
2007-05-08,2151.64
2007-05-09,2152.53
2007-05-10,2155.84
2007-05-11,2170.88
2007-05-14,2204.26
2007-05-15,2214.93
2007-05-16,2240.65
2007-05-17,2253.93
2007-05-18,2255.97
2007-05-21,2273.32
2007-05-22,2269.46
2007-05-23,2257.47
2007-05-24,2253.43
2007-05-25,2266.83
2007-05-28,2291.76
2007-05-29,2315.46
2007-05-30,2293.82
2007-05-31,2312.6
2007-06-01,2331.77
2007-06-04,2323.02
2007-06-05,2329.5
2007-06-06,2303.71
2007-06-07,2307.89
2007-06-08,2294.99
2007-06-11,2286.08
2007-06-12,2267.54
2007-06-13,2264.85
2007-06-14,2296.49
2007-06-15,2309.52
2007-06-18,2300.55
2007-06-19,2319.99
2007-06-20,2346.41
2007-06-21,2360.72
2007-06-22,2366.34
2007-06-25,2371.05
2007-06-26,2391.02
2007-06-27,2395.93
2007-06-28,2404.81
2007-06-29,2424.35
2007-07-02,2445.8
2007-07-03,2466.75
2007-07-04,2460.47
2007-07-05,2437.53
2007-07-06,2452.79
2007-07-09,2477.35
2007-07-10,2480.67
2007-07-11,2497.35
2007-07-12,2525.73
2007-07-13,2524.58
2007-07-16,2542.18
2007-07-17,2518.2
2007-07-18,2507.86
2007-07-19,2530.97
2007-07-20,2529.15
2007-07-23,2528.29
2007-07-24,2506.91
2007-07-25,2491.62
2007-07-26,2512.64
2007-07-27,2449.48
2007-07-30,2450.06
2007-07-31,2490.63
2007-08-01,2398.46
2007-08-02,2414.5
2007-08-03,2447.64
2007-08-06,2425.29
2007-08-07,2444.49
2007-08-08,2478.8
2007-08-09,2442.46
2007-08-10,2429.5
2007-08-13,2457.02
2007-08-14,2460.14
2007-08-16,2387.89
2007-08-17,2358.67
2007-08-20,2396.74
2007-08-21,2317.91
2007-08-22,2322.44
2007-08-23,2295.2
2007-08-24,2330.48
2007-08-27,2385.06
2007-08-28,2402.93
2007-08-29,2420.56
2007-08-30,2435.79
2007-08-31,2489.45
2007-09-03,2537.7
2007-09-04,2558.94
2007-09-05,2562.4
2007-09-06,2588.98
2007-09-07,2590.47
2007-09-10,2609.7
2007-09-11,2606.67
2007-09-12,2620.79
2007-09-13,2646.04
2007-09-14,2639.99
2007-09-17,2652.9
2007-09-18,2683.69
2007-09-19,2727.63
2007-09-20,2730.13
2007-09-21,2741.07
2007-09-24,2760.85
2007-09-25,2765.46
2007-09-26,2797.41
2007-09-27,2805.73
2007-09-28,2834.81
2007-10-01,2870.49
2007-10-03,2871.06
2007-10-04,2895.62
2007-10-05,2873.23
2007-10-08,2767.85
2007-10-09,2839.69
2007-10-10,2876.68
2007-10-11,2908.62
2007-10-12,2900.7
2007-10-15,2984.38
2007-10-16,2994.14
2007-10-17,2941.83
2007-10-18,2885.51
2007-10-19,2824.76
2007-10-22,2835.47
2007-10-23,2922.08
2007-10-24,2951.22
2007-10-25,2999.54
2007-10-26,3061.31
2007-10-29,3123.85
2007-10-30,3101.7
2007-10-31,3146.71
2007-11-01,3107.84
2007-11-02,3131.42
2007-11-05,3154.18
2007-11-06,3145.97
2007-11-07,3120.51
2007-11-08,3110.3
2007-11-09,3156.43
2007-11-12,3145.89
2007-11-13,3197.97
2007-11-14,3265.9
2007-11-15,3332.91
2007-11-16,3375.75
2007-11-19,3456.92
2007-11-20,3439.36
2007-11-21,3287.09
2007-11-22,3234.66
2007-11-23,3274.43
2007-11-26,3349.43
2007-11-27,3348.07
2007-11-28,3382.32
2007-11-29,3372.75
2007-11-30,3433.27
2007-12-03,3519.45
2007-12-04,3569.31
2007-12-05,3655.14
2007-12-06,3656.62
2007-12-07,3659.53
2007-12-10,3688.57
2007-12-11,3708.38
2007-12-12,3767.46
2007-12-13,3778.29
2007-12-14,3823.26
2007-12-17,3701.35
2007-12-18,3722.64
2007-12-19,3737.61
2007-12-20,3721.6
2007-12-24,3781.43
2007-12-26,3874.06
2007-12-27,3904.94
2007-12-28,3974.22
2007-12-31,4085.65
2008-01-01,4164.86
2008-01-02,4201.27
2008-01-03,4191.93
2008-01-04,4200.19
2008-01-07,4196.58
2008-01-08,4076.12
2008-01-09,4049.08
2008-01-10,3912.77
2008-01-11,3892.53
2008-01-14,3930.33
2008-01-15,3892.72
2008-01-16,3805.72
2008-01-17,3861.76
2008-01-18,3681.89
2008-01-21,3250.04
2008-01-22,2962.71
2008-01-23,3179.22
2008-01-24,3074.1
2008-01-25,3250.96
2008-01-28,3235.95
2008-01-29,3263.2
2008-01-30,3186.29
2008-01-31,3152.94
2008-02-01,3156.05
2008-02-04,3235.64
2008-02-05,3271.17
2008-02-06,3242.04
2008-02-07,3173.73
2008-02-08,3107.83
2008-02-11,2935.16
2008-02-12,2866.65
2008-02-13,2858.59
2008-02-14,3001.47
2008-02-15,3058.97
2008-02-18,3098.84
2008-02-19,3116.27
2008-02-20,3076.56
2008-02-21,3106.34
2008-02-22,3079.87
2008-02-25,3064.9
2008-02-26,3115.57
2008-02-27,3125.06
2008-02-28,3118.62
2008-02-29,3109.14
2008-03-03,2970.22
2008-03-04,2892.14
2008-03-05,2863.94
2008-03-07,2737.65
2008-03-10,2708.76
2008-03-11,2797.27
2008-03-12,2778.28
2008-03-13,2624.91
2008-03-14,2649.09
2008-03-17,2485.81
2008-03-18,2457.12
2008-03-19,2421.3
2008-03-24,2331.61
2008-03-25,2466.08
2008-03-26,2519.43
2008-03-27,2535.75
2008-03-28,2650.26
2008-03-31,2624.3
2008-04-01,2607.61
2008-04-02,2604.9
2008-04-03,2587.71
2008-04-04,2544.86
2008-04-07,2571.2
2008-04-08,2581.52
2008-04-09,2624.45
2008-04-10,2636.01
2008-04-11,2650.58
2008-04-15,2678.14
2008-04-16,2722.23
2008-04-17,2775.49
2008-04-21,2843.01
2008-04-22,2855.62
2008-04-23,2865.85
2008-04-24,2840.97
2008-04-25,2848.71
2008-04-28,2854.49
2008-04-29,2887.48
2008-04-30,2895.66
2008-05-02,2920.24
2008-05-05,2931.41
2008-05-06,2895.09
2008-05-07,2890.93
2008-05-08,2870.55
2008-05-09,2808.83
2008-05-12,2783.81
2008-05-13,2788.17
2008-05-14,2803.69
2008-05-15,2849.82
2008-05-16,2874.68
2008-05-20,2874.7
2008-05-21,2898.6
2008-05-22,2858.89
2008-05-23,2815.65
2008-05-26,2756.87
2008-05-27,2728.02
2008-05-28,2750.22
2008-05-29,2737.6
2008-05-30,2739.45
2008-06-02,2670.48
2008-06-03,2641.29
2008-06-04,2581.17
2008-06-05,2585.09
2008-06-06,2571.21
2008-06-09,2493.52
2008-06-10,2476.87
2008-06-11,2518.2
2008-06-12,2537.88
2008-06-13,2549.41
2008-06-16,2580.66
2008-06-17,2623.97
2008-06-18,2615.13
2008-06-19,2575.22
2008-06-20,2502.72
2008-06-23,2420.65
2008-06-24,2390.35
2008-06-25,2410.29
2008-06-26,2419.75
2008-06-27,2358.51
2008-06-30,2290.09
2008-07-01,2187.6
2008-07-02,2235.28
2008-07-03,2182.54
2008-07-04,2224.63
2008-07-07,2258.68
2008-07-08,2243.54
2008-07-09,2302.73
2008-07-10,2310.02
2008-07-11,2276.45
2008-07-14,2258.8
2008-07-15,2198.87
2008-07-16,2177.25
2008-07-17,2200.66
2008-07-18,2221.33
2008-07-21,2216.56
2008-07-22,2252.34
2008-07-23,2344.51
2008-07-24,2338.78
2008-07-25,2330.12
2008-07-28,2361.66
2008-07-29,2324.17
2008-07-30,2351.22
2008-07-31,2354.27
2008-08-01,2375.17
2008-08-04,2409.22
2008-08-05,2433.31
2008-08-06,2433.91
2008-08-07,2449.26
2008-08-08,2461.59
2008-08-11,2492.78
2008-08-12,2480.4
2008-08-13,2486.25
2008-08-14,2450.72
2008-08-18,2430.27
2008-08-19,2431.81
2008-08-20,2463.25
2008-08-21,2413.75
2008-08-22,2415.86
2008-08-25,2417.57
2008-08-26,2416.8
2008-08-27,2406.17
2008-08-28,2374.69
2008-08-29,2421.36
2008-09-01,2413.61
2008-09-02,2437.37
2008-09-04,2434.45
2008-09-05,2406.76
2008-09-08,2425.04
2008-09-09,2415.52
2008-09-10,2390.94
2008-09-11,2362.5
2008-09-12,2321.28
2008-09-15,2213.0
2008-09-16,2181.72
2008-09-17,2152.26
2008-09-18,2112.26
2008-09-19,2167.15
2008-09-22,2163.57
2008-09-23,2122.16
2008-09-24,2129.95
2008-09-25,2107.79
2008-09-26,2044.22
2008-09-29,1943.71
2008-09-30,1967.16
2008-10-01,1977.72
2008-10-03,1918.64
2008-10-06,1783.39
2008-10-07,1742.56
2008-10-08,1656.16
2008-10-10,1519.5
2008-10-13,1571.57
2008-10-14,1609.86
2008-10-15,1533.79
2008-10-16,1515.94
2008-10-17,1475.59
2008-10-20,1452.41
2008-10-21,1483.31
2008-10-22,1452.27
2008-10-23,1401.6
2008-10-24,1284.81
2008-10-27,1219.92
2008-10-28,1308.4
2008-10-29,1295.62
2008-10-31,1335.12
2008-11-03,1394.75
2008-11-04,1427.1
2008-11-05,1398.17
2008-11-06,1365.03
2008-11-07,1375.0
2008-11-10,1411.27
2008-11-11,1367.85
2008-11-12,1346.32
2008-11-14,1325.94
2008-11-17,1292.39
2008-11-18,1258.66
2008-11-19,1235.18
2008-11-20,1197.46
2008-11-21,1197.21
2008-11-24,1191.3
2008-11-25,1180.04
2008-11-26,1174.93
2008-11-28,1173.94
2008-12-01,1161.56
2008-12-02,1142.87
2008-12-03,1149.43
2008-12-04,1174.66
2008-12-05,1171.42
2008-12-08,1175.06
2008-12-10,1190.17
2008-12-11,1210.27
2008-12-12,1236.63
2008-12-15,1277.59
2008-12-16,1320.42
2008-12-17,1276.44
2008-12-18,1293.9
2008-12-19,1300.7
2008-12-22,1291.43
2008-12-23,1255.6
2008-12-24,1242.14
2008-12-26,1230.97
2008-12-29,1243.82
2008-12-30,1269.99
2008-12-31,1283.77
2009-01-01,1320.18
2009-01-02,1343.36
2009-01-05,1364.64
2009-01-06,1366.9
2009-01-07,1272.5
2009-01-09,1237.08
2009-01-12,1218.02
2009-01-13,1200.61
2009-01-14,1218.49
2009-01-15,1195.96
2009-01-16,1200.32
2009-01-19,1212.41
2009-01-20,1204.52
2009-01-21,1178.09
2009-01-22,1158.04
2009-01-23,1143.45
2009-01-27,1150.15
2009-01-28,1158.66
2009-01-29,1159.58
2009-01-30,1172.09
2009-02-02,1154.2
2009-02-03,1149.56
2009-02-04,1147.8
2009-02-05,1137.51
2009-02-06,1153.95
2009-02-09,1170.26
2009-02-10,1174.85
2009-02-11,1182.14
2009-02-12,1184.85
2009-02-13,1197.34
2009-02-16,1166.25
2009-02-17,1142.14
2009-02-18,1137.86
2009-02-19,1134.36
2009-02-20,1115.7
2009-02-24,1098.38
2009-02-25,1101.37
2009-02-26,1101.94
2009-02-27,1096.74
2009-03-02,1078.92
2009-03-03,1067.34
2009-03-04,1063.01
2009-03-05,1045.33
2009-03-06,1043.36
2009-03-09,1026.81
2009-03-12,1031.01
2009-03-13,1051.16
2009-03-16,1075.49
2009-03-17,1079.01
2009-03-18,1099.42
2009-03-19,1112.75
2009-03-20,1111.34
2009-03-23,1138.7
2009-03-24,1131.14
2009-03-25,1138.23
2009-03-26,1148.8
2009-03-27,1172.08
2009-03-30,1162.89
2009-03-31,1183.49
2009-04-01,1214.02
2009-04-02,1247.32
2009-04-06,1284.27
2009-04-08,1333.35
2009-04-09,1354.35
2009-04-13,1398.24
2009-04-15,1467.21
2009-04-16,1398.27
2009-04-17,1407.83
2009-04-20,1432.09
2009-04-21,1440.22
2009-04-22,1414.43
2009-04-23,1423.82
2009-04-24,1447.11
2009-04-27,1435.19
2009-04-28,1388.2
2009-04-29,1406.36
2009-05-04,1450.66
2009-05-05,1480.22
2009-05-06,1478.49
2009-05-07,1518.19
2009-05-08,1514.56
2009-05-11,1489.58
2009-05-12,1506.57
2009-05-13,1501.06
2009-05-14,1505.4
2009-05-15,1515.44
2009-05-18,1644.41
2009-05-19,1693.08
2009-05-20,1844.84
2009-05-21,1888.71
2009-05-22,1949.14
2009-05-25,2034.61
2009-05-26,1964.5
2009-05-27,2036.5
2009-05-28,2030.99
2009-05-29,2089.5
2009-06-01,2156.49
2009-06-02,2187.01
2009-06-03,2228.76
2009-06-04,2269.66
2009-06-05,2249.31
2009-06-08,2126.51
2009-06-09,2166.15
2009-06-10,2175.72
2009-06-11,2163.33
2009-06-12,2113.6
2009-06-15,2069.0
2009-06-16,2106.9
2009-06-17,2024.5
2009-06-18,1950.49
2009-06-19,1972.8
2009-06-22,1962.68
2009-06-23,1963.27
2009-06-24,2006.64
2009-06-25,2005.69
2009-06-26,2042.87
2009-06-29,2073.98
2009-06-30,2021.41
2009-07-01,2026.62
2009-07-02,2039.75
2009-07-03,2049.55
2009-07-06,1964.45
2009-07-07,1955.14
2009-07-08,1887.71
2009-07-09,1887.04
2009-07-10,1855.96
2009-07-13,1802.29
2009-07-14,1875.16
2009-07-15,1959.04
2009-07-16,1972.49
2009-07-17,2017.73
2009-07-20,2070.53
2009-07-21,2069.4
2009-07-22,2053.56
2009-07-23,2106.73
2009-07-24,2142.74
2009-07-27,2169.92
2009-07-28,2201.85
2009-07-29,2172.92
2009-07-30,2191.25
2009-07-31,2199.94
2009-08-03,2226.01
2009-08-04,2229.27
2009-08-05,2246.44
2009-08-06,2212.27
2009-08-07,2167.09
2009-08-10,2134.76
2009-08-11,2149.82
2009-08-12,2158.52
2009-08-13,2242.92
2009-08-14,2243.74
2009-08-17,2175.26
2009-08-18,2214.7
2009-08-19,2205.3
2009-08-20,2224.03
2009-08-21,2256.24
2009-08-24,2317.57
2009-08-25,2339.86
2009-08-26,2385.9
2009-08-27,2397.19
2009-08-28,2421.6
2009-08-31,2435.3
2009-09-01,2399.22
2009-09-02,2391.91
2009-09-03,2398.66
2009-09-04,2423.48
2009-09-07,2485.08
2009-09-08,2483.71
2009-09-09,2485.75
2009-09-10,2473.25
2009-09-11,2461.05
2009-09-14,2461.83
2009-09-15,2498.19
2009-09-16,2518.49
2009-09-17,2516.88
2009-09-18,2531.19
2009-09-22,2551.46
2009-09-23,2513.48
2009-09-24,2522.11
2009-09-25,2548.08
2009-09-29,2559.84
2009-09-30,2586.26
2009-10-01,2575.54
2009-10-05,2525.51
2009-10-06,2511.2
2009-10-07,2524.97
2009-10-08,2533.42
2009-10-09,2515.76
2009-10-12,2541.96
2009-10-14,2589.46
2009-10-15,2607.68
2009-10-16,2623.9
2009-10-17,2647.06
2009-10-20,2647.54
2009-10-21,2641.94
2009-10-22,2589.98
2009-10-23,2600.99
2009-10-26,2561.32
2009-10-27,2459.57
2009-10-28,2449.64
2009-10-29,2419.68
2009-10-30,2408.96
2009-11-03,2304.01
2009-11-04,2354.51
2009-11-05,2393.91
2009-11-06,2449.54
2009-11-09,2493.2
2009-11-10,2488.45
2009-11-11,2534.95
2009-11-12,2524.19
2009-11-13,2534.97
2009-11-16,2561.25
2009-11-17,2563.07
2009-11-18,2577.1
2009-11-19,2539.8
2009-11-20,2560.96
2009-11-23,2576.16
2009-11-24,2582.94
2009-11-25,2584.12
2009-11-26,2559.25
2009-11-27,2502.88
2009-11-30,2554.53
2009-12-01,2607.25
2009-12-02,2630.04
2009-12-03,2649.45
2009-12-04,2658.42
2009-12-07,2643.92
2009-12-08,2673.69
2009-12-09,2676.11
2009-12-10,2696.56
2009-12-11,2677.58
2009-12-14,2669.46
2009-12-15,2630.87
2009-12-16,2641.13
2009-12-17,2665.62
2009-12-18,2660.85
2009-12-21,2655.39
2009-12-22,2674.48
2009-12-23,2710.43
2009-12-24,2723.17
2009-12-29,2747.99
2009-12-30,2779.51
2009-12-31,2790.5
2010-01-04,2832.33
2010-01-05,2857.02
2010-01-06,2875.74
2010-01-07,2891.15
2010-01-08,2900.44
2010-01-11,2943.89
2010-01-12,2914.95
2010-01-13,2934.73
2010-01-14,2969.39
2010-01-15,2987.06
2010-01-18,3006.89
2010-01-19,2994.23
2010-01-20,3000.35
2010-01-21,2926.52
2010-01-22,2896.99
2010-01-25,2867.83
2010-01-27,2742.84
2010-01-28,2743.27
2010-01-29,2772.52
2010-02-01,2815.32
2010-02-02,2788.66
2010-02-03,2826.11
2010-02-04,2782.45
2010-02-05,2701.67
2010-02-06,2744.66
2010-02-08,2734.54
2010-02-09,2751.86
2010-02-10,2748.04
2010-02-11,2773.29
2010-02-15,2757.98
2010-02-16,2768.48
2010-02-17,2789.5
2010-02-18,2777.85
2010-02-19,2738.19
2010-02-22,2717.07
2010-02-23,2692.94
2010-02-24,2681.11
2010-02-25,2673.54
2010-02-26,2702.12
2010-03-02,2759.07
2010-03-03,2791.35
2010-03-04,2810.18
2010-03-05,2827.45
2010-03-08,2852.24
2010-03-09,2827.73
2010-03-10,2823.46
2010-03-11,2812.13
2010-03-12,2808.41
2010-03-15,2781.36
2010-03-16,2812.26
2010-03-17,2816.14
2010-03-18,2819.71
2010-03-19,2829.99
2010-03-22,2806.65
2010-03-23,2815.11
2010-03-25,2816.69
2010-03-26,2824.34
2010-03-29,2817.26
2010-03-30,2839.57
2010-03-31,2857.15
2010-04-01,2904.77
2010-04-05,2942.44
2010-04-06,2950.82
2010-04-07,2968.09
2010-04-08,2959.16
2010-04-09,2990.51
2010-04-12,2997.59
2010-04-13,2990.1
2010-04-15,2989.14
2010-04-16,2979.93
2010-04-19,2930.44
2010-04-20,2971.69
2010-04-21,3005.67
2010-04-22,3004.39
2010-04-23,3018.24
2010-04-26,3028.76
2010-04-27,3028.04
2010-04-28,2971.95
2010-04-29,3003.3
2010-04-30,3020.24
2010-05-03,3006.12
2010-05-04,2961.44
2010-05-05,2953.96
2010-05-06,2953.41
2010-05-07,2870.85
2010-05-10,2938.01
2010-05-11,2913.76
2010-05-12,2914.89
2010-05-13,2937.09
2010-05-14,2900.83
2010-05-17,2883.54
2010-05-18,2895.92
2010-05-19,2828.81
2010-05-20,2823.83
2010-05-21,2784.7
2010-05-24,2790.45
2010-05-25,2704.06
2010-05-26,2745.5
2010-05-27,2769.9
2010-05-28,2807.81
2010-05-31,2836.16
2010-06-01,2809.09
2010-06-02,2825.64
2010-06-03,2853.94
2010-06-04,2854.43
2010-06-07,2817.57
2010-06-08,2795.25
2010-06-09,2800.16
2010-06-10,2835.97
2010-06-11,2851.68
2010-06-14,2883.67
2010-06-15,2912.14
2010-06-16,2921.51
2010-06-17,2932.67
2010-06-18,2916.19
2010-06-21,2950.71
2010-06-22,2953.11
2010-06-23,2984.33
2010-06-24,2991.33
2010-06-25,2976.68
2010-06-28,3006.18
2010-06-29,2988.22
2010-06-30,3004.17
2010-07-01,2999.62
2010-07-02,3008.1
2010-07-05,3016.85
2010-07-06,3037.08
2010-07-07,3032.31
2010-07-08,3046.94
2010-07-09,3064.15
2010-07-12,3085.52
2010-07-13,3104.43
2010-07-14,3095.05
2010-07-15,3101.44
2010-07-16,3117.11
2010-07-19,3116.88
2010-07-20,3104.95
2010-07-21,3117.37
2010-07-22,3128.19
2010-07-23,3115.53
2010-07-26,3088.36
2010-07-27,3087.69
2010-07-28,3080.26
2010-07-29,3085.87
2010-07-30,3090.54
2010-08-02,3116.96
2010-08-03,3130.64
2010-08-04,3141.13
2010-08-05,3146.31
2010-08-06,3154.74
2010-08-09,3197.21
2010-08-10,3189.14
2010-08-11,3178.73
2010-08-12,3177.42
2010-08-13,3202.38
2010-08-16,3202.48
2010-08-17,3222.36
2010-08-18,3248.51
2010-08-19,3284.2
2010-08-20,3287.13
2010-08-23,3308.74
2010-08-24,3292.84
2010-08-25,3241.71
2010-08-26,3246.98
2010-08-27,3214.05
2010-08-30,3209.02
2010-08-31,3182.54
2010-09-01,3243.23
2010-09-02,3263.99
2010-09-03,3300.63
2010-09-06,3352.28
2010-09-07,3370.07
2010-09-08,3385.63
2010-09-09,3400.73
2010-09-13,3417.11
2010-09-14,3396.37
2010-09-15,3397.88
2010-09-16,3374.7
2010-09-17,3414.14
2010-09-20,3428.09
2010-09-21,3386.43
2010-09-22,3377.95
2010-09-23,3372.68
2010-09-24,3414.64
2010-09-27,3418.14
2010-09-28,3415.99
2010-09-29,3403.94
2010-09-30,3405.05
2010-10-01,3458.99
2010-10-04,3474.63
2010-10-05,3507.35
2010-10-06,3549.95
2010-10-07,3517.08
2010-10-08,3506.06
2010-10-11,3552.08
2010-10-12,3539.8
2010-10-13,3577.23
2010-10-14,3560.59
2010-10-15,3524.88
2010-10-18,3506.16
2010-10-19,3512.69
2010-10-20,3500.46
2010-10-21,3540.91
2010-10-22,3554.38
2010-10-25,3598.39
2010-10-26,3596.23
2010-10-27,3578.37
2010-10-28,3559.78
2010-10-29,3528.35
2010-11-01,3573.19
2010-11-02,3585.21
2010-11-03,3609.69
2010-11-04,3626.41
2010-11-05,3664.26
2010-11-08,3665.95
2010-11-09,3681.43
2010-11-10,3699.21
2010-11-11,3673.25
2010-11-12,3586.77
2010-11-15,3576.1
2010-11-16,3481.92
2010-11-18,3463.5
2010-11-19,3394.66
2010-11-22,3442.46
2010-11-23,3387.01
2010-11-24,3353.42
2010-11-25,3298.3
2010-11-26,3163.33
2010-11-29,3164.28
2010-11-30,3213.76
2010-12-01,3303.98
2010-12-02,3352.19
2010-12-03,3264.73
2010-12-06,3247.82
2010-12-07,3203.59
2010-12-08,3113.39
2010-12-09,2954.71
2010-12-10,3027.92
2010-12-13,3093.41
2010-12-14,3148.4
2010-12-15,3109.97
2010-12-16,3130.23
2010-12-20,3144.49
2010-12-21,3166.81
2010-12-22,3177.36
2010-12-23,3179.88
2010-12-24,3189.45
2010-12-27,3196.82
2010-12-28,3207.27
2010-12-29,3227.28
2010-12-30,3244.02
2010-12-31,3282.4
2011-01-03,3318.55
2011-01-04,3317.38
2011-01-05,3276.29
2011-01-06,3235.58
2011-01-07,3146.28
2011-01-10,3065.79
2011-01-11,3039.46
2011-01-12,3097.7
2011-01-13,3081.08
2011-01-14,3040.54
2011-01-17,3003.81
2011-01-18,3014.43
2011-01-19,3024.03
2011-01-20,3024.85
2011-01-21,3037.57
2011-01-24,3062.85
2011-01-25,3040.36
2011-01-27,2986.92
2011-01-28,2899.15
2011-01-31,2881.17
2011-02-01,2841.78
2011-02-02,2843.36
2011-02-03,2883.05
2011-02-04,2844.87
2011-02-07,2824.44
2011-02-08,2754.7
2011-02-09,2636.21
2011-02-10,2621.11
2011-02-11,2697.21
2011-02-14,2806.0
2011-02-15,2816.6
2011-02-16,2836.62
2011-02-17,2867.48
2011-02-18,2819.08
2011-02-21,2813.06
2011-02-22,2796.67
2011-02-23,2790.22
2011-02-24,2706.71
2011-02-25,2696.46
2011-02-28,2708.09
2011-03-01,2783.63
2011-03-03,2778.88
2011-03-04,2776.29
2011-03-07,2739.45
2011-03-08,2765.71
2011-03-09,2784.96
2011-03-10,2778.07
2011-03-11,2751.87
2011-03-14,2761.72
2011-03-15,2718.56
2011-03-16,2757.74
2011-03-17,2747.34
2011-03-18,2728.23
2011-03-21,2721.05
2011-03-22,2738.3
2011-03-23,2759.81
2011-03-24,2782.57
2011-03-25,2822.69
2011-03-28,2827.86
2011-03-29,2830.71
2011-03-30,2877.69
2011-03-31,2883.17
2011-04-01,2938.16
2011-04-04,3009.14
2011-04-05,3044.36
2011-04-06,3067.91
2011-04-07,3094.6
2011-04-08,3053.78
2011-04-11,3032.87
2011-04-13,3075.16
2011-04-15,3066.21
2011-04-18,3025.29
2011-04-19,3031.88
2011-04-20,3071.76
2011-04-21,3072.37
2011-04-25,3066.2
2011-04-26,3074.57
2011-04-27,3066.86
2011-04-28,3050.36
2011-04-29,3015.31
2011-05-02,2974.45
2011-05-03,2921.36
2011-05-04,2906.65
2011-05-05,2877.04
2011-05-06,2900.98
2011-05-09,2904.43
2011-05-10,2909.06
2011-05-11,2933.67
2011-05-12,2904.04
2011-05-13,2931.39
2011-05-16,2904.48
2011-05-17,2886.36
2011-05-18,2866.72
2011-05-19,2851.37
2011-05-20,2870.69
2011-05-23,2829.8
2011-05-24,2830.11
2011-05-25,2816.92
2011-05-26,2821.95
2011-05-27,2856.68
2011-05-30,2877.75
2011-05-31,2917.76
2011-06-01,2934.13
2011-06-02,2921.26
2011-06-03,2913.25
2011-06-06,2917.35
2011-06-07,2935.65
2011-06-08,2939.08
2011-06-09,2936.11
2011-06-10,2926.5
2011-06-13,2931.11
2011-06-14,2945.35
2011-06-15,2928.44
2011-06-16,2905.31
2011-06-17,2879.35
2011-06-20,2788.78
2011-06-21,2779.05
2011-06-22,2755.57
2011-06-23,2756.07
2011-06-24,2810.28
2011-06-27,2833.3
2011-06-28,2849.31
2011-06-29,2880.67
2011-06-30,2894.77
2011-07-01,2907.75
2011-07-04,2938.64
2011-07-05,2946.37
2011-07-06,2953.75
2011-07-07,2985.8
2011-07-08,2962.9
2011-07-11,2952.5
2011-07-12,2919.93
2011-07-13,2956.44
2011-07-14,2964.56
2011-07-15,2968.49
2011-07-18,2969.5
2011-07-19,2989.44
2011-07-20,2974.67
2011-07-21,2964.02
2011-07-22,2994.24
2011-07-25,3005.25
2011-07-26,2982.07
2011-07-27,2988.54
2011-07-28,2965.09
2011-07-29,2950.19
2011-08-01,2943.47
2011-08-02,2900.27
2011-08-03,2891.87
2011-08-04,2873.66
2011-08-05,2796.27
2011-08-08,2733.97
2011-08-09,2686.73
2011-08-10,2752.75
2011-08-11,2744.51
2011-08-12,2737.12
2011-08-16,2697.14
2011-08-17,2669.79
2011-08-18,2608.57
2011-08-19,2567.36
2011-08-22,2606.69
2011-08-23,2637.17
2011-08-24,2626.03
2011-08-25,2607.69
2011-08-26,2549.47
2011-08-29,2610.33
2011-08-30,2649.43
2011-09-02,2667.99
2011-09-05,2674.65
2011-09-06,2699.71
2011-09-07,2731.39
2011-09-08,2745.07
2011-09-09,2725.11
2011-09-12,2677.78
2011-09-13,2681.39
2011-09-14,2696.08
2011-09-15,2709.43
2011-09-16,2712.96
2011-09-19,2708.8
2011-09-20,2742.68
2011-09-21,2774.3
2011-09-22,2690.36
2011-09-23,2668.48
2011-09-26,2631.6
2011-09-27,2679.44
2011-09-28,2653.83
2011-09-29,2648.61
2011-09-30,2637.95
2011-10-03,2596.07
2011-10-04,2567.47
2011-10-05,2538.46
2011-10-07,2577.92
2011-10-10,2602.85
2011-10-11,2611.57
2011-10-12,2646.3
2011-10-13,2646.67
2011-10-14,2660.84
2011-10-17,2667.76
2011-10-18,2639.05
2011-10-19,2668.17
2011-10-20,2653.95
2011-10-21,2642.71
2011-10-24,2631.42
2011-10-25,2633.33
2011-10-26,2666.47
2011-10-28,2703.29
2011-10-31,2713.57
2011-11-01,2700.37
2011-11-02,2696.28
2011-11-03,2691.16
2011-11-04,2708.99
2011-11-08,2712.67
2011-11-09,2681.59
2011-11-11,2639.89
2011-11-14,2593.56
2011-11-15,2520.38
2011-11-16,2493.45
2011-11-17,2462.7
2011-11-18,2435.28
2011-11-21,2391.03
2011-11-22,2389.87
2011-11-23,2341.83
2011-11-24,2365.32
2011-11-25,2379.62
2011-11-28,2416.34
2011-11-29,2403.04
2011-11-30,2374.71
2011-12-01,2393.76
2011-12-02,2418.94
2011-12-05,2422.29
2011-12-07,2428.44
2011-12-08,2381.79
2011-12-09,2363.89
2011-12-12,2319.81
2011-12-13,2304.72
2011-12-14,2281.74
2011-12-15,2249.2
2011-12-16,2203.18
2011-12-19,2153.97
2011-12-20,2115.14
2011-12-21,2138.98
2011-12-22,2148.95
2011-12-23,2154.67
2011-12-26,2175.42
2011-12-27,2162.5
2011-12-28,2135.52
2011-12-29,2127.02
2011-12-30,2131.33
2012-01-02,2135.81
2012-01-03,2186.68
2012-01-04,2184.4
2012-01-05,2183.77
2012-01-06,2183.39
2012-01-07,2204.94
2012-01-09,2224.77
2012-01-10,2278.04
2012-01-11,2307.88
2012-01-12,2309.4
2012-01-13,2347.82
2012-01-16,2349.71
2012-01-17,2380.21
2012-01-18,2359.28
2012-01-19,2389.61
2012-01-20,2389.55
2012-01-23,2385.95
2012-01-24,2411.76
2012-01-25,2444.86
2012-01-27,2466.38
2012-01-30,2417.91
2012-01-31,2462.23
2012-02-01,2499.19
2012-02-02,2524.13
2012-02-03,2553.25
2012-02-06,2583.36
2012-02-07,2577.87
2012-02-08,2616.89
2012-02-09,2654.3
2012-02-10,2662.41
2012-02-13,2668.5
2012-02-14,2701.55
2012-02-15,2738.21
2012-02-16,2763.4
2012-02-17,2759.59
2012-02-21,2786.65
2012-02-22,2689.11
2012-02-23,2669.44
2012-02-24,2651.89
2012-02-27,2569.4
2012-02-28,2640.05
2012-02-29,2661.28
2012-03-01,2649.78
2012-03-02,2649.27
2012-03-03,2655.38
2012-03-05,2629.55
2012-03-06,2596.13
2012-03-07,2591.94
2012-03-09,2641.3
2012-03-12,2658.56
2012-03-13,2689.8
2012-03-14,2686.83
2012-03-15,2655.17
2012-03-16,2631.71
2012-03-19,2610.81
2012-03-20,2624.0
2012-03-21,2662.24
2012-03-22,2614.65
2012-03-23,2624.49
2012-03-26,2589.21
2012-03-27,2588.17
2012-03-28,2568.18
2012-03-29,2575.19
2012-03-30,2635.24
2012-04-02,2668.78
2012-04-03,2699.7
2012-04-04,2696.7
2012-04-09,2663.97
2012-04-10,2664.99
2012-04-11,2655.86
2012-04-12,2681.12
2012-04-13,2660.49
2012-04-16,2680.1
2012-04-17,2699.86
2012-04-18,2704.27
2012-04-19,2707.3
2012-04-20,2685.17
2012-04-23,2640.62
2012-04-24,2633.01
2012-04-25,2617.48
2012-04-26,2607.22
2012-04-27,2602.74
2012-04-28,2609.97
2012-04-30,2632.99
2012-05-02,2634.11
2012-05-03,2607.05
2012-05-04,2558.53
2012-05-07,2569.25
2012-05-08,2533.25
2012-05-09,2498.78
2012-05-10,2499.64
2012-05-11,2477.3
2012-05-14,2440.08
2012-05-15,2455.07
2012-05-16,2428.17
2012-05-17,2432.78
2012-05-18,2432.3
2012-05-21,2452.7
2012-05-22,2437.68
2012-05-23,2423.46
2012-05-24,2438.38
2012-05-25,2447.3
2012-05-28,2467.13
2012-05-29,2466.39
2012-05-30,2442.03
2012-05-31,2436.86
2012-06-01,2403.62
2012-06-04,2399.61
2012-06-05,2407.67
2012-06-06,2452.64
2012-06-07,2470.47
2012-06-08,2477.92
2012-06-11,2474.97
2012-06-12,2485.75
2012-06-13,2489.05
2012-06-14,2466.82
2012-06-15,2481.44
2012-06-18,2454.36
2012-06-19,2461.48
2012-06-20,2484.1
2012-06-21,2509.35
2012-06-22,2512.32
2012-06-25,2514.78
2012-06-26,2512.13
2012-06-27,2520.57
2012-06-28,2525.91
2012-06-29,2570.48
2012-07-02,2590.71
2012-07-03,2604.87
2012-07-04,2629.47
2012-07-05,2671.58
2012-07-06,2659.38
2012-07-09,2626.69
2012-07-10,2653.54
2012-07-11,2647.77
2012-07-12,2630.87
2012-07-13,2635.74
2012-07-16,2617.39
2012-07-17,2595.82
2012-07-18,2607.75
2012-07-19,2618.94
2012-07-20,2612.0
2012-07-23,2578.6
2012-07-24,2580.27
2012-07-25,2565.24
2012-07-26,2511.43
2012-07-27,2482.92
2012-07-30,2518.33
2012-07-31,2534.16
2012-08-01,2562.12
2012-08-02,2572.7
2012-08-03,2566.61
2012-08-06,2584.26
2012-08-07,2593.32
2012-08-08,2585.31
2012-08-09,2581.38
2012-08-10,2576.53
2012-08-13,2588.04
2012-08-14,2602.48
2012-08-16,2609.8
2012-08-17,2608.65
2012-08-21,2615.43
2012-08-22,2607.64
2012-08-23,2611.08
2012-08-24,2597.46
2012-08-27,2569.25
2012-08-28,2539.59
2012-08-29,2517.32
2012-08-30,2522.3
2012-08-31,2521.68
2012-09-03,2529.19
2012-09-04,2541.85
2012-09-05,2535.69
2012-09-06,2548.21
2012-09-07,2575.48
2012-09-08,2589.59
2012-09-10,2600.94
2012-09-11,2613.89
2012-09-12,2627.78
2012-09-13,2620.78
2012-09-14,2638.51
2012-09-17,2664.88
2012-09-18,2686.52
2012-09-20,2667.38
2012-09-21,2706.0
2012-09-24,2723.96
2012-09-25,2740.35
2012-09-26,2748.56
2012-09-27,2756.06
2012-09-28,2786.73
2012-10-01,2825.42
2012-10-03,2852.09
2012-10-04,2868.42
2012-10-05,2843.69
2012-10-08,2827.16
2012-10-09,2842.39
2012-10-10,2794.47
2012-10-11,2825.24
2012-10-12,2824.75
2012-10-15,2833.19
2012-10-16,2815.58
2012-10-17,2818.17
2012-10-18,2852.09
2012-10-19,2833.91
2012-10-22,2829.03
2012-10-23,2824.17
2012-10-25,2825.41
2012-10-26,2790.81
2012-10-29,2784.6
2012-10-30,2753.2
2012-10-31,2773.71
2012-11-01,2792.52
2012-11-02,2801.37
2012-11-05,2794.63
2012-11-06,2818.2
2012-11-07,2836.47
2012-11-08,2836.23
2012-11-09,2810.87
2012-11-12,2823.96
2012-11-13,2849.76
2012-11-15,2860.08
2012-11-16,2829.43
2012-11-19,2805.83
2012-11-20,2779.76
2012-11-21,2786.05
2012-11-22,2794.75
2012-11-23,2804.12
2012-11-26,2827.23
2012-11-27,2857.34
2012-11-29,2883.42
2012-11-30,2920.88
2012-12-03,2958.45
2012-12-04,2959.55
2012-12-05,2971.8
2012-12-06,2994.33
2012-12-07,2995.02
2012-12-10,3013.89
2012-12-11,2979.88
2012-12-12,2985.46
2012-12-13,2942.96
2012-12-14,2953.69
2012-12-17,2975.22
2012-12-18,2999.33
2012-12-19,3014.05
2012-12-20,3003.43
2012-12-21,2953.82
2012-12-24,2967.36
2012-12-26,2985.43
2012-12-27,2968.01
2012-12-28,2977.79
2012-12-31,2992.09
2013-01-01,3031.0
2013-01-02,3055.65
2013-01-03,3078.37
2013-01-04,3093.27
2013-01-07,3103.23
2013-01-08,3095.5
2013-01-09,3085.63
2013-01-10,3075.81
2013-01-11,3032.94
2013-01-14,3061.01
2013-01-15,3066.56
2013-01-16,3022.71
2013-01-17,3023.03
2013-01-18,3019.41
2013-01-21,3020.97
2013-01-22,2990.97
2013-01-23,2957.76
2013-01-24,2883.87
2013-01-25,2921.67
2013-01-28,2926.14
2013-01-29,2903.57
2013-01-30,2902.86
2013-01-31,2907.92
2013-02-01,2902.74
2013-02-04,2872.3
2013-02-05,2854.35
2013-02-06,2858.28
2013-02-07,2823.77
2013-02-08,2795.99
2013-02-11,2793.37
2013-02-12,2781.03
2013-02-13,2771.24
2013-02-14,2728.6
2013-02-15,2717.22
2013-02-18,2731.12
2013-02-19,2761.87
2013-02-20,2768.3
2013-02-21,2724.17
2013-02-22,2726.1
2013-02-25,2696.34
2013-02-26,2639.95
2013-02-27,2655.92
2013-02-28,2599.26
2013-03-01,2597.42
2013-03-04,2551.92
2013-03-05,2591.92
2013-03-06,2629.2
2013-03-07,2642.2
2013-03-08,2666.01
2013-03-11,2677.16
2013-03-12,2665.05
2013-03-13,2632.59
2013-03-14,2633.54
2013-03-15,2609.81
2013-03-18,2599.57
2013-03-19,2558.49
2013-03-20,2506.52
2013-03-21,2474.35
2013-03-22,2460.96
2013-03-25,2454.02
2013-03-26,2461.19
2013-03-28,2496.73
2013-04-01,2543.15
2013-04-02,2592.48
2013-04-03,2576.92
2013-04-04,2520.92
2013-04-05,2515.26
2013-04-08,2516.9
2013-04-09,2492.55
2013-04-10,2503.54
2013-04-11,2514.81
2013-04-12,2508.47
2013-04-15,2521.79
2013-04-16,2541.55
2013-04-17,2547.2
2013-04-18,2565.94
2013-04-22,2591.34
2013-04-23,2594.69
2013-04-25,2595.81
2013-04-26,2573.94
2013-04-29,2587.93
2013-04-30,2593.27
2013-05-02,2607.67
2013-05-03,2598.3
2013-05-06,2631.79
2013-05-07,2650.7
2013-05-08,2671.81
2013-05-09,2660.02
2013-05-10,2659.85
2013-05-11,2666.05
2013-05-13,2625.86
2013-05-14,2620.49
2013-05-15,2661.15
2013-05-16,2666.89
2013-05-17,2675.66
2013-05-20,2667.73
2013-05-21,2646.32
2013-05-22,2619.33
2013-05-23,2562.36
2013-05-24,2574.56
2013-05-27,2602.69
2013-05-28,2613.16
2013-05-29,2599.37
2013-05-30,2593.63
2013-05-31,2545.87
2013-06-03,2547.67
2013-06-04,2554.7
2013-06-05,2559.11
2013-06-06,2568.23
2013-06-07,2558.78
2013-06-10,2534.42
2013-06-11,2484.79
2013-06-12,2468.14
2013-06-13,2429.03
2013-06-14,2456.37
2013-06-17,2461.6
2013-06-18,2464.78
2013-06-19,2479.71
2013-06-20,2430.74
2013-06-21,2402.15
2013-06-24,2349.1
2013-06-25,2337.01
2013-06-26,2318.47
2013-06-27,2326.93
2013-06-28,2375.1
2013-07-01,2420.05
2013-07-02,2415.6
2013-07-03,2365.71
2013-07-04,2377.92
2013-07-05,2383.93
2013-07-08,2378.85
2013-07-09,2399.72
2013-07-10,2400.14
2013-07-11,2421.93
2013-07-12,2422.69
2013-07-15,2439.55
2013-07-16,2411.98
2013-07-17,2402.31
2013-07-18,2422.16
2013-07-19,2409.64
2013-07-22,2402.22
2013-07-23,2403.96
2013-07-24,2363.78
2013-07-25,2343.9
2013-07-26,2325.3
2013-07-29,2293.01
2013-07-30,2241.11
2013-07-31,2213.32
2013-08-01,2185.58
2013-08-02,2162.44
2013-08-05,2174.89
2013-08-06,2126.32
2013-08-07,2158.1
2013-08-08,2185.43
2013-08-12,2220.67
2013-08-13,2248.26
2013-08-14,2256.13
2013-08-16,2194.83
2013-08-19,2170.7
2013-08-20,2174.34
2013-08-21,2155.46
2013-08-22,2168.82
2013-08-23,2194.93
2013-08-26,2203.68
2013-08-27,2159.02
2013-08-28,2136.41
2013-08-29,2159.04
2013-08-30,2162.79
2013-09-02,2190.14
2013-09-03,2161.94
2013-09-04,2177.16
2013-09-05,2216.47
2013-09-06,2228.33
2013-09-10,2253.16
2013-09-11,2283.92
2013-09-12,2278.45
2013-09-13,2291.94
2013-09-16,2271.95
2013-09-17,2270.77
2013-09-18,2274.98
2013-09-19,2308.5
2013-09-20,2276.83
2013-09-23,2267.62
2013-09-24,2267.53
2013-09-25,2268.93
2013-09-26,2275.84
2013-09-27,2279.18
2013-09-30,2267.33
2013-10-01,2278.2
2013-10-03,2304.74
2013-10-04,2316.18
2013-10-07,2328.54
2013-10-08,2343.93
2013-10-09,2367.18
2013-10-10,2389.31
2013-10-11,2403.2
2013-10-14,2423.46
2013-10-15,2391.16
2013-10-17,2395.47
2013-10-18,2412.91
2013-10-21,2441.02
2013-10-22,2467.87
2013-10-23,2457.32
2013-10-24,2460.15
2013-10-25,2445.27
2013-10-28,2432.75
2013-10-29,2456.09
2013-10-30,2470.36
2013-10-31,2491.52
2013-11-01,2520.59
2013-11-03,2558.46
2013-11-05,2576.22
2013-11-06,2588.1
2013-11-07,2556.19
2013-11-08,2550.65
2013-11-11,2519.06
2013-11-12,2497.74
2013-11-13,2483.71
2013-11-14,2518.29
2013-11-18,2545.16
2013-11-19,2555.83
2013-11-20,2562.78
2013-11-21,2533.2
2013-11-22,2539.14
2013-11-25,2567.72
2013-11-26,2549.86
2013-11-27,2553.82
2013-11-28,2579.93
2013-11-29,2609.08
2013-12-02,2638.52
2013-12-03,2644.78
2013-12-04,2638.55
2013-12-05,2643.69
2013-12-06,2651.17
2013-12-09,2660.11
2013-12-10,2640.16
2013-12-11,2643.12
2013-12-12,2638.28
2013-12-13,2608.07
2013-12-16,2617.27
2013-12-17,2615.51
2013-12-18,2651.23
2013-12-19,2648.17
2013-12-20,2696.09
2013-12-23,2731.4
2013-12-24,2753.07
2013-12-26,2783.2
2013-12-27,2786.34
2013-12-30,2784.94
2013-12-31,2799.32
2014-01-01,2836.8
2014-01-02,2773.58
2014-01-03,2796.39
2014-01-06,2825.4
2014-01-07,2826.43
2014-01-08,2839.14
2014-01-09,2819.44
2014-01-10,2799.66
2014-01-13,2804.08
2014-01-14,2801.19
2014-01-15,2805.78
2014-01-16,2795.58
2014-01-17,2742.89
2014-01-20,2767.72
2014-01-21,2785.17
2014-01-22,2796.43
2014-01-23,2785.37
2014-01-24,2734.25
2014-01-27,2661.97
2014-01-28,2672.29
2014-01-29,2668.72
2014-01-30,2631.32
2014-01-31,2672.65
2014-02-03,2657.21
2014-02-04,2668.6
2014-02-05,2688.88
2014-02-06,2682.66
2014-02-07,2695.44
2014-02-10,2692.92
2014-02-11,2703.29
2014-02-12,2709.54
2014-02-13,2681.3
2014-02-14,2682.39
2014-02-17,2679.81
2014-02-18,2712.24
2014-02-19,2735.03
2014-02-20,2732.19
2014-02-21,2755.46
2014-02-24,2765.45
2014-02-25,2774.91
2014-02-26,2779.03
2014-02-28,2790.93
2014-03-03,2790.85
2014-03-04,2829.41
2014-03-05,2845.18
2014-03-06,2885.07
2014-03-07,2876.05
2014-03-10,2884.88
2014-03-11,2887.84
2014-03-12,2887.15
2014-03-13,2863.49
2014-03-14,2854.67
2014-03-18,2888.54
2014-03-19,2902.04
2014-03-20,2904.49
2014-03-21,2934.8
2014-03-22,2950.02
2014-03-24,2950.62
2014-03-25,2964.37
2014-03-26,2970.95
2014-03-27,2994.02
2014-03-28,3038.08
2014-03-31,3068.39
2014-04-01,3075.14
2014-04-02,3127.04
2014-04-03,3118.11
2014-04-04,3138.13
2014-04-07,3141.08
2014-04-09,3205.97
2014-04-10,3228.36
2014-04-11,3248.17
2014-04-15,3235.15
2014-04-16,3188.83
2014-04-17,3238.1
2014-04-21,3283.63
2014-04-22,3285.88
2014-04-23,3294.93
2014-04-25,3285.48
2014-04-28,3293.26
2014-04-29,3287.4
2014-04-30,3236.72
2014-05-02,3255.37
2014-05-05,3246.51
2014-05-06,3261.67
2014-05-07,3258.21
2014-05-08,3277.95
2014-05-09,3314.89
2014-05-12,3336.66
2014-05-13,3403.46
2014-05-14,3435.28
2014-05-15,3403.81
2014-05-16,3455.32
2014-05-19,3664.64
2014-05-20,3767.71
2014-05-21,3829.1
2014-05-22,3943.34
2014-05-23,4023.55
2014-05-26,3923.53
2014-05-27,3894.71
2014-05-28,3935.37
2014-05-29,3918.21
2014-05-30,3932.4
2014-06-02,4022.58
2014-06-03,4074.53
2014-06-04,4161.16
2014-06-05,4216.55
2014-06-06,4278.82
2014-06-09,4378.89
2014-06-10,4369.57
2014-06-11,4335.51
2014-06-12,4344.42
2014-06-13,4215.54
2014-06-16,4232.69
2014-06-17,4319.78
2014-06-18,4304.24
2014-06-19,4291.42
2014-06-20,4258.05
2014-06-23,4277.85
2014-06-24,4352.66
2014-06-25,4368.17
2014-06-26,4354.31
2014-06-27,4367.2
2014-06-30,4449.87
2014-07-01,4487.55
2014-07-02,4542.27
2014-07-03,4521.92
2014-07-04,4558.15
2014-07-07,4566.74
2014-07-08,4383.29
2014-07-09,4301.71
2014-07-10,4341.61
2014-07-11,4210.87
2014-07-14,4190.02
2014-07-15,4280.45
2014-07-16,4364.23
2014-07-17,4430.85
2014-07-18,4432.59
2014-07-21,4465.28
2014-07-22,4461.14
2014-07-23,4435.24
2014-07-24,4435.82
2014-07-25,4356.63
2014-07-28,4329.35
2014-07-30,4330.52
2014-07-31,4340.08
2014-08-01,4295.4
2014-08-04,4341.64
2014-08-05,4391.24
2014-08-06,4375.2
2014-08-07,4353.45
2014-08-08,4253.65
2014-08-11,4278.91
2014-08-12,4302.98
2014-08-13,4204.88
2014-08-14,4258.17
2014-08-18,4359.97
2014-08-19,4418.47
2014-08-20,4429.54
2014-08-21,4436.8
2014-08-22,4438.94
2014-08-25,4411.23
2014-08-26,4383.94
2014-08-27,4417.08
2014-08-28,4414.13
2014-09-01,4478.12
2014-09-02,4527.58
2014-09-03,4558.26
2014-09-04,4539.21
2014-09-05,4566.48
2014-09-08,4638.94
2014-09-09,4664.21
2014-09-10,4686.11
2014-09-11,4752.74
2014-09-12,4776.93
2014-09-15,4789.49
2014-09-16,4605.27
2014-09-17,4610.4
2014-09-18,4727.64
2014-09-19,4770.37
2014-09-22,4791.13
2014-09-23,4677.36
2014-09-24,4595.19
2014-09-25,4439.85
2014-09-26,4463.65
2014-09-29,4547.82
2014-09-30,4560.36
2014-10-01,4537.93
2014-10-07,4491.93
2014-10-08,4482.24
2014-10-09,4561.92
2014-10-10,4504.67
2014-10-13,4532.67
2014-10-14,4534.72
2014-10-16,4397.45
2014-10-17,4403.26
2014-10-20,4437.69
2014-10-21,4462.48
2014-10-22,4517.22
2014-10-23,4566.77
2014-10-27,4538.84
2014-10-28,4553.9
2014-10-29,4591.68
2014-10-30,4621.18
2014-10-31,4682.51
2014-11-03,4742.64
2014-11-05,4750.32
2014-11-07,4747.51
2014-11-10,4747.19
2014-11-11,4782.39
2014-11-12,4792.06
2014-11-13,4778.9
2014-11-14,4804.65
2014-11-17,4867.08
2014-11-18,4890.61
2014-11-19,4850.8
2014-11-20,4834.36
2014-11-21,4813.47
2014-11-24,4804.81
2014-11-25,4705.42
2014-11-26,4740.81
2014-11-27,4753.26
2014-11-28,4770.12
2014-12-01,4730.53
2014-12-02,4765.7
2014-12-03,4838.97
2014-12-04,4865.97
2014-12-05,4865.47
2014-12-08,4817.43
2014-12-09,4740.86
2014-12-10,4798.54
2014-12-11,4765.86
2014-12-12,4691.29
2014-12-15,4675.59
2014-12-16,4512.76
2014-12-17,4470.32
2014-12-18,4607.09
2014-12-19,4634.63
2014-12-22,4674.07
2014-12-23,4658.42
2014-12-24,4668.73
2014-12-26,4675.64
2014-12-29,4701.68
2014-12-30,4732.38
2014-12-31,4805.36
2015-01-01,4862.52
2015-01-02,4894.8
2015-01-05,4916.93
2015-01-06,4761.1
2015-01-07,4768.01
2015-01-08,4858.65
2015-01-09,4854.71
2015-01-12,4896.09
2015-01-13,4902.77
2015-01-14,4884.35
2015-01-15,4952.84
2015-01-16,4968.69
2015-01-19,5000.88
2015-01-20,5030.67
2015-01-21,5010.51
2015-01-22,5030.66
2015-01-23,5002.85
2015-01-27,5026.76
2015-01-28,5018.89
2015-01-29,5025.61
2015-01-30,5019.46
2015-02-02,5075.59
2015-02-03,5071.27
2015-02-04,5049.25
2015-02-05,4996.07
2015-02-06,4919.3
2015-02-09,4855.52
2015-02-10,4860.23
2015-02-11,4935.73
2015-02-12,5010.48
2015-02-13,5031.96
2015-02-16,5036.6
2015-02-18,5083.57
2015-02-19,5095.91
2015-02-20,5100.0
2015-02-23,5054.01
2015-02-24,5033.63
2015-02-25,5021.0
2015-02-26,4993.65
2015-02-27,5078.31
2015-02-28,5052.12
2015-03-02,5127.16
2015-03-03,5204.45
2015-03-04,5139.19
2015-03-05,5170.78
2015-03-09,5102.85
2015-03-10,5098.1
2015-03-11,5088.43
2015-03-12,5158.84
2015-03-13,5097.46
2015-03-16,5060.64
2015-03-17,5081.91
2015-03-18,5102.08
2015-03-19,5057.15
2015-03-20,4950.83
2015-03-23,4895.38
2015-03-24,4880.79
2015-03-25,4846.21
2015-03-26,4794.67
2015-03-27,4801.16
2015-03-30,4944.08
2015-03-31,4994.23
2015-04-01,5105.06
2015-04-06,5185.23
2015-04-07,5239.43
2015-04-08,5314.99
2015-04-09,5329.71
2015-04-10,5349.95
2015-04-13,5371.43
2015-04-15,5345.29
2015-04-16,5282.29
2015-04-17,5223.86
2015-04-20,5105.91
2015-04-21,5098.61
2015-04-22,5095.23
2015-04-23,5090.84
2015-04-24,4941.66
2015-04-27,4785.45
2015-04-28,4877.17
2015-04-29,4914.04
2015-04-30,4906.54
2015-05-04,5005.95
2015-05-05,5018.95
2015-05-06,4852.17
2015-05-07,4757.93
2015-05-08,4844.02
2015-05-11,4902.91
2015-05-12,4794.79
2015-05-13,4843.82
2015-05-14,4880.38
2015-05-15,4896.71
2015-05-18,4947.26
2015-05-19,4969.7
2015-05-20,4966.11
2015-05-21,4952.05
2015-05-22,4963.86
2015-05-25,4948.76
2015-05-26,4929.08
2015-05-27,4918.79
2015-05-28,4916.92
2015-05-29,4994.22
2015-06-01,4988.31
2015-06-02,4889.75
2015-06-03,4750.86
2015-06-04,4749.7
2015-06-05,4771.24
2015-06-08,4704.29
2015-06-09,4672.2
2015-06-10,4720.12
2015-06-11,4646.78
2015-06-12,4636.87
2015-06-15,4662.7
2015-06-16,4677.63
2015-06-17,4730.92
2015-06-18,4792.78
2015-06-19,4797.79
2015-06-22,4875.64
2015-06-23,4895.71
2015-06-24,4866.72
2015-06-25,4873.6
2015-06-26,4891.19
2015-06-29,4810.87
2015-06-30,4873.81
2015-07-01,4945.43
2015-07-02,4978.75
2015-07-03,4982.13
2015-07-06,5056.03
2015-07-07,5093.16
2015-07-08,5018.34
2015-07-09,5025.99
2015-07-10,5055.59
2015-07-13,5117.93
2015-07-14,5151.9
2015-07-15,5177.95
2015-07-16,5208.52
2015-07-17,5231.27
2015-07-20,5258.79
2015-07-21,5161.11
2015-07-22,5221.56
2015-07-23,5261.43
2015-07-24,5230.05
2015-07-27,5154.96
2015-07-28,5151.31
2015-07-29,5212.99
2015-07-30,5280.82
2015-07-31,5322.89
2015-08-03,5368.21
2015-08-04,5410.34
2015-08-05,5449.65
2015-08-06,5438.62
2015-08-07,5427.38
2015-08-10,5408.08
2015-08-11,5335.83
2015-08-12,5193.6
2015-08-13,5119.82
2015-08-14,5218.55
2015-08-17,5238.32
2015-08-18,5298.14
2015-08-19,5315.23
2015-08-20,5203.93
2015-08-21,5164.12
2015-08-24,4687.29
2015-08-25,4726.39
2015-08-26,4759.34
2015-08-27,4897.05
2015-08-28,4910.84
2015-08-31,4914.82
2015-09-01,4791.53
2015-09-02,4784.94
2015-09-03,4862.91
2015-09-04,4728.38
2015-09-07,4642.71
2015-09-08,4678.1
2015-09-09,4777.27
2015-09-10,4765.6
2015-09-11,4798.33
2015-09-14,4831.86
2015-09-15,4808.05
2015-09-16,4790.01
2015-09-18,4843.76
2015-09-21,4892.89
2015-09-22,4831.66
2015-09-23,4865.77
2015-09-24,4896.36
2015-09-28,4892.35
2015-09-29,4892.21
2015-09-30,4961.4
2015-10-01,4962.03
2015-10-05,5047.82
2015-10-06,5080.92
2015-10-07,5096.44
2015-10-08,5086.53
2015-10-09,5096.2
2015-10-12,5105.89
2015-10-13,5148.83
2015-10-14,5153.59
2015-10-15,5167.39
2015-10-16,5178.77
2015-10-19,5218.18
2015-10-20,5229.63
2015-10-21,5224.12
2015-10-23,5201.81
2015-10-26,5157.12
2015-10-27,5162.01
2015-10-28,5150.35
2015-10-29,5120.75
2015-10-30,5076.42
2015-11-02,5072.15
2015-11-03,5099.36
2015-11-04,5082.57
2015-11-05,4991.91
2015-11-06,4950.98
2015-11-09,4999.07
2015-11-10,4947.57
2015-11-11,5025.56
2015-11-13,4993.17
2015-11-16,5035.92
2015-11-17,5061.22
2015-11-18,5021.35
2015-11-19,5078.47
2015-11-20,5105.51
2015-11-23,5127.76
2015-11-24,5156.95
2015-11-26,5179.87
2015-11-27,5192.05
2015-11-30,5228.13
2015-12-01,5248.44
2015-12-02,5252.78
2015-12-03,5233.38
2015-12-04,5174.67
2015-12-07,5183.66
2015-12-08,5105.34
2015-12-09,4983.38
2015-12-10,5045.4
2015-12-11,5017.68
2015-12-14,5047.57
2015-12-15,5090.29
2015-12-16,5099.54
2015-12-17,5189.41
2015-12-18,5179.45
2015-12-21,5231.92
2015-12-22,5232.48
2015-12-23,5266.07
2015-12-24,5296.01
2015-12-28,5309.57
2015-12-29,5298.65
2015-12-30,5309.08
2015-12-31,5346.75
2016-01-01,5392.79
2016-01-04,5324.78
2016-01-05,5362.62
2016-01-06,5340.69
2016-01-07,5173.49
2016-01-08,5243.82
2016-01-11,5207.46
2016-01-12,5153.19
2016-01-13,5038.09
2016-01-14,4967.32
2016-01-15,4785.43
2016-01-18,4573.09
2016-01-19,4652.25
2016-01-20,4549.9
2016-01-21,4574.9
2016-01-22,4688.9
2016-01-25,4741.94
2016-01-27,4760.37
2016-01-28,4761.85
2016-01-29,4821.89
2016-02-01,4843.47
2016-02-02,4769.71
2016-02-03,4649.64
2016-02-04,4605.94
2016-02-05,4670.38
2016-02-08,4668.35
2016-02-09,4608.86
2016-02-10,4528.75
2016-02-11,4301.19
2016-02-12,4239.01
2016-02-15,4392.73
2016-02-16,4297.45
2016-02-17,4295.33
2016-02-18,4313.42
2016-02-19,4317.32
2016-02-22,4338.07
2016-02-23,4280.52
2016-02-24,4233.06
2016-02-25,4203.46
2016-02-26,4182.32
2016-02-29,4179.73
2016-03-01,4335.2
2016-03-02,4431.35
2016-03-03,4497.01
2016-03-04,4527.39
2016-03-08,4550.21
2016-03-09,4570.24
2016-03-10,4564.87
2016-03-11,4560.76
2016-03-14,4585.02
2016-03-15,4559.27
2016-03-16,4554.09
2016-03-17,4571.06
2016-03-18,4589.05
2016-03-21,4644.73
2016-03-22,4663.94
2016-03-23,4671.32
2016-03-28,4597.37
2016-03-29,4591.42
2016-03-30,4681.98
2016-03-31,4697.09
2016-04-01,4742.59
2016-04-04,4782.21
2016-04-05,4698.47
2016-04-06,4755.72
2016-04-07,4740.1
2016-04-08,4777.98
2016-04-11,4813.51
2016-04-12,4864.27
2016-04-13,4916.95
2016-04-18,4977.96
2016-04-20,5008.96
2016-04-21,4986.51
2016-04-22,4985.52
2016-04-25,4962.56
2016-04-26,4985.93
2016-04-27,5001.27
2016-04-28,4947.02
2016-04-29,4946.67
2016-05-02,4955.11
2016-05-03,4952.7
2016-05-04,4887.46
2016-05-05,4892.85
2016-05-06,4897.05
2016-05-09,4958.04
2016-05-10,4964.87
2016-05-11,4960.15
2016-05-12,5007.86
2016-05-13,4997.17
2016-05-16,4991.08
2016-05-17,5007.95
2016-05-18,5030.72
2016-05-19,4979.2
2016-05-20,4921.85
2016-05-23,4893.45
2016-05-24,4856.61
2016-05-25,4897.73
2016-05-26,4936.04
2016-05-27,4965.49
2016-05-30,4988.99
2016-05-31,4978.53
2016-06-01,5000.11
2016-06-02,5011.95
2016-06-03,4996.13
2016-06-06,5010.37
2016-06-07,5053.94
2016-06-08,5107.64
2016-06-09,5112.92
2016-06-10,5116.07
2016-06-13,5106.1
2016-06-14,5136.9
2016-06-15,5185.4
2016-06-16,5166.12
2016-06-17,5203.3
2016-06-20,5213.05
2016-06-21,5230.32
2016-06-22,5199.39
2016-06-23,5189.85
2016-06-24,5095.2
2016-06-27,5200.75
2016-06-28,5231.05
2016-06-29,5317.57
2016-06-30,5375.99
2016-07-01,5416.97
2016-07-04,5479.87
2016-07-05,5491.74
2016-07-07,5498.19
2016-07-08,5471.53
2016-07-11,5518.09
2016-07-12,5526.65
2016-07-13,5475.26
2016-07-14,5521.55
2016-07-15,5481.03
2016-07-18,5457.77
2016-07-19,5457.34
2016-07-20,5511.12
2016-07-21,5507.23
2016-07-22,5530.29
2016-07-25,5580.59
2016-07-26,5550.77
2016-07-27,5575.83
2016-07-28,5613.18
2016-07-29,5611.22
2016-08-01,5603.95
2016-08-02,5552.82
2016-08-03,5492.93
2016-08-04,5506.13
2016-08-05,5589.5
2016-08-08,5628.67
2016-08-09,5608.07
2016-08-10,5536.81
2016-08-11,5528.93
2016-08-12,5526.68
2016-08-16,5526.97
2016-08-17,5575.87
2016-08-18,5647.26
2016-08-19,5679.07
2016-08-22,5675.63
2016-08-23,5682.99
2016-08-24,5721.6
2016-08-25,5702.96
2016-08-26,5688.09
2016-08-29,5699.42
2016-08-30,5748.58
2016-08-31,5760.83
2016-09-01,5721.71
2016-09-02,5747.47
2016-09-06,5805.39
2016-09-07,5840.85
2016-09-08,5904.09
2016-09-09,5873.67
2016-09-12,5708.87
2016-09-14,5797.05
2016-09-15,5817.97
2016-09-16,5827.74
2016-09-19,5861.85
2016-09-20,5858.11
2016-09-21,5867.32
2016-09-22,5932.3
2016-09-23,5919.88
2016-09-26,5884.77
2016-09-27,5878.71
2016-09-28,5946.65
2016-09-29,5674.83
2016-09-30,5799.29
2016-10-03,5968.23
2016-10-04,6005.62
2016-10-05,6051.56
2016-10-06,6013.26
2016-10-07,6020.89
2016-10-10,6027.9
2016-10-13,5924.41
2016-10-14,5968.72
2016-10-17,5939.19
2016-10-18,6012.38
2016-10-19,6040.0
2016-10-20,6083.18
2016-10-21,6099.28
2016-10-24,6132.24
2016-10-25,6128.39
2016-10-26,6085.13
2016-10-27,6037.84
2016-10-28,6077.99
2016-10-30,6126.26
2016-11-01,6121.65
2016-11-02,6006.92
2016-11-03,5940.99
2016-11-04,5808.11
2016-11-07,5887.13
2016-11-08,5892.55
2016-11-09,5733.9
2016-11-10,5835.91
2016-11-11,5629.94
2016-11-15,5349.46
2016-11-16,5364.44
2016-11-17,5331.95
2016-11-18,5358.13
2016-11-21,5165.25
2016-11-22,5211.58
2016-11-23,5305.88
2016-11-24,5306.62
2016-11-25,5406.6
2016-11-28,5445.39
2016-11-29,5482.8
2016-11-30,5555.57
2016-12-01,5516.86
2016-12-02,5445.83
2016-12-05,5448.03
2016-12-06,5479.49
2016-12-07,5447.89
2016-12-08,5514.48
2016-12-09,5545.51
2016-12-12,5499.06
2016-12-13,5507.53
2016-12-14,5462.05
2016-12-15,5477.85
2016-12-16,5463.79
2016-12-19,5431.55
2016-12-20,5381.8
2016-12-21,5391.15
2016-12-22,5318.02
2016-12-23,5310.74
2016-12-26,5195.86
2016-12-27,5269.96
2016-12-28,5306.9
2016-12-29,5362.28
2016-12-30,5420.82
2017-01-02,5503.39
2017-01-03,5569.42
2017-01-04,5596.01
2017-01-05,5648.99
2017-01-06,5625.28
2017-01-09,5658.42
2017-01-10,5706.04
2017-01-11,5762.3
2017-01-12,5745.11
2017-01-13,5751.67
2017-01-16,5792.47
2017-01-17,5805.94
2017-01-18,5838.11
2017-01-19,5847.27
2017-01-20,5760.43
2017-01-23,5795.82
2017-01-24,5827.77
2017-01-25,5888.73
2017-01-27,5929.86
2017-01-30,5921.28
2017-01-31,5855.69
2017-02-01,5966.66
2017-02-02,6031.88
2017-02-03,6114.14
2017-02-06,6177.41
2017-02-07,6171.5
2017-02-08,6199.84
2017-02-09,6211.21
2017-02-10,6210.76
2017-02-13,6155.76
2017-02-14,6111.02
2017-02-15,6005.73
2017-02-16,6076.92
2017-02-17,6117.56
2017-02-20,6177.76
2017-02-21,6210.19
2017-02-22,6177.71
2017-02-23,6182.22
2017-02-27,6191.32
2017-02-28,6241.56
2017-03-01,6282.83
2017-03-02,6206.25
2017-03-03,6228.56
2017-03-06,6258.0
2017-03-07,6263.74
2017-03-08,6232.7
2017-03-09,6229.74
2017-03-10,6220.96
2017-03-14,6298.58
2017-03-15,6354.99
2017-03-16,6419.83
2017-03-17,6406.38
2017-03-20,6415.92
2017-03-21,6409.81
2017-03-22,6351.15
2017-03-23,6408.85
2017-03-24,6442.91
2017-03-27,6436.17
2017-03-28,6461.64
2017-03-29,6496.01
2017-03-30,6541.53
2017-03-31,6602.37
2017-04-03,6690.01
2017-04-05,6772.86
2017-04-06,6749.24
2017-04-07,6695.38
2017-04-10,6742.96
2017-04-11,6825.33
2017-04-12,6792.86
2017-04-13,6806.95
2017-04-17,6845.56
2017-04-18,6780.81
2017-04-19,6845.22
2017-04-20,6948.71
2017-04-21,6990.78
2017-04-24,7053.83
2017-04-25,7096.36
2017-04-26,7023.79
2017-04-27,7028.37
2017-04-28,7073.99
2017-05-02,7095.82
2017-05-03,7112.47
2017-05-04,7136.07
2017-05-05,7056.46
2017-05-08,7119.56
2017-05-09,7162.14
2017-05-10,7220.53
2017-05-11,7212.16
2017-05-12,7161.81
2017-05-15,7219.46
2017-05-16,7275.88
2017-05-17,7264.54
2017-05-18,7115.15
2017-05-19,7055.79
2017-05-22,6962.43
2017-05-23,6813.09
2017-05-24,6691.34
2017-05-25,6848.42
2017-05-26,6975.85
2017-05-29,6857.28
2017-05-30,6886.09
2017-05-31,6965.39
2017-06-01,7028.62
2017-06-02,7073.48
2017-06-05,7107.64
2017-06-06,7051.08
2017-06-07,7089.41
2017-06-08,7108.34
2017-06-09,7147.51
2017-06-12,7106.88
2017-06-13,7132.98
2017-06-14,7159.7
2017-06-15,7190.01
2017-06-16,7224.11
2017-06-19,7221.87
2017-06-20,7229.22
2017-06-21,7232.64
2017-06-22,7183.51
2017-06-23,7078.96
2017-06-27,6955.11
2017-06-28,6967.14
2017-06-29,7036.59
2017-06-30,7062.09
2017-07-03,7147.18
2017-07-04,7141.83
2017-07-05,7222.47
2017-07-06,7251.13
2017-07-07,7273.79
2017-07-10,7302.55
2017-07-11,7245.94
2017-07-12,7306.75
2017-07-13,7336.89
2017-07-14,7306.29
2017-07-17,7313.23
2017-07-18,7262.28
2017-07-19,7340.93
2017-07-20,7350.39
2017-07-21,7370.97
2017-07-24,7383.43
2017-07-25,7386.91
2017-07-26,7413.94
2017-07-27,7358.5
2017-07-28,7382.85
2017-07-31,7381.43
2017-08-01,7374.32
2017-08-02,7359.19
2017-08-03,7280.4
2017-08-04,7280.33
2017-08-07,7355.7
2017-08-08,7236.5
2017-08-09,7116.1
2017-08-10,6844.12
2017-08-11,6840.17
2017-08-14,7009.38
2017-08-16,7103.59
2017-08-17,7147.67
2017-08-18,7104.16
2017-08-21,7015.0
2017-08-22,6968.7
2017-08-23,7062.18
2017-08-24,7102.19
2017-08-28,7197.19
2017-08-29,7106.95
2017-08-30,7210.99
2017-08-31,7267.72
2017-09-01,7336.5
2017-09-04,7276.5
2017-09-05,7351.16
2017-09-06,7383.42
2017-09-07,7431.45
2017-09-08,7417.93
2017-09-11,7447.06
2017-09-12,7514.66
2017-09-13,7470.0
2017-09-14,7500.37
2017-09-15,7507.61
2017-09-18,7574.73
2017-09-19,7614.34
2017-09-20,7602.6
2017-09-21,7550.08
2017-09-22,7318.65
2017-09-25,7164.91
2017-09-26,7224.77
2017-09-27,7078.02
2017-09-28,7129.63
2017-09-29,7233.46
2017-10-03,7261.85
2017-10-04,7317.77
2017-10-05,7377.24
2017-10-06,7465.76
2017-10-09,7508.68
2017-10-10,7568.19
2017-10-11,7485.8
2017-10-12,7568.43
2017-10-13,7598.16
2017-10-16,7602.39
2017-10-17,7660.52
2017-10-18,7660.88
2017-10-19,7668.0
2017-10-23,7692.39
2017-10-24,7745.66
2017-10-25,7761.42
2017-10-26,7803.29
2017-10-27,7826.58
2017-10-30,7914.72
2017-10-31,7950.92
2017-11-01,7994.41
2017-11-02,8022.99
2017-11-03,8072.17
2017-11-06,8106.63
2017-11-07,7996.39
2017-11-08,7926.07
2017-11-09,7968.25
2017-11-10,7972.12
2017-11-13,7915.55
2017-11-14,7899.76
2017-11-15,7772.55
2017-11-16,7854.76
2017-11-17,7919.06
2017-11-20,7989.69
2017-11-21,8019.23
2017-11-22,8039.75
2017-11-23,8087.6
2017-11-24,8111.71
2017-11-27,8174.43
2017-11-28,8195.87
2017-11-29,8188.69
2017-11-30,8207.2
2017-12-01,8091.31
2017-12-04,8030.36
2017-12-05,8018.24
2017-12-06,7978.45
2017-12-07,8085.65
2017-12-08,8166.76
2017-12-11,8167.89
2017-12-12,8094.01
2017-12-13,8027.73
2017-12-14,8006.52
2017-12-15,8115.56
2017-12-18,8139.43
2017-12-19,8286.76
2017-12-20,8354.88
2017-12-21,8444.46
2017-12-22,8495.4
2017-12-26,8557.86
2017-12-27,8513.21
2017-12-28,8541.58
2017-12-29,8590.42
2018-01-01,8636.33
2018-01-02,8575.32
2018-01-03,8649.33
2018-01-04,8748.44
2018-01-05,8829.48
2018-01-08,8910.17
2018-01-09,8917.73
2018-01-10,8923.24
2018-01-11,8970.55
2018-01-12,8966.55
2018-01-15,8986.98
2018-01-16,8770.83
2018-01-17,8816.1
2018-01-18,8626.65
2018-01-19,8709.3
2018-01-22,8767.32
2018-01-23,8804.23
2018-01-24,8727.39
2018-01-25,8654.19
2018-01-29,8536.57
2018-01-30,8415.28
2018-01-31,8339.22
2018-02-01,8341.89
2018-02-02,7922.77
2018-02-05,7922.29
2018-02-06,7747.07
2018-02-07,7896.45
2018-02-08,8081.83
2018-02-09,8111.02
2018-02-12,8246.27
2018-02-14,8241.86
2018-02-15,8140.48
2018-02-16,8032.08
2018-02-19,7947.46
2018-02-20,7939.51
2018-02-21,7920.6
2018-02-22,7879.8
2018-02-23,8009.99
2018-02-26,8095.69
2018-02-27,8048.0
2018-02-28,8045.5
2018-03-01,8014.21
2018-03-05,7925.3
2018-03-06,7814.89
2018-03-07,7636.75
2018-03-08,7675.65
2018-03-09,7646.87
2018-03-12,7680.33
2018-03-13,7777.33
2018-03-14,7772.78
2018-03-15,7849.53
2018-03-16,7748.99
2018-03-19,7580.66
2018-03-20,7579.97
2018-03-21,7610.03
2018-03-22,7514.44
2018-03-23,7392.17
2018-03-26,7442.21
2018-03-27,7548.73
2018-03-28,7451.77
2018-04-02,7598.12
2018-04-03,7697.58
2018-04-04,7621.45
2018-04-05,7770.78
2018-04-06,7818.68
2018-04-09,7833.64
2018-04-10,7832.39
2018-04-11,7833.23
2018-04-12,7811.29
2018-04-13,7829.24
2018-04-16,7857.21
2018-04-17,7873.22
2018-04-18,7846.51
2018-04-19,7914.41
2018-04-20,7920.59
2018-04-23,7946.01
2018-04-24,7929.18
2018-04-25,7839.64
2018-04-26,7852.41
2018-04-27,7886.48
2018-04-30,7967.46
2018-05-02,7881.01
2018-05-03,7807.16
2018-05-04,7787.57
2018-05-07,7834.31
2018-05-08,7869.62
2018-05-09,7851.91
2018-05-10,7728.85
2018-05-11,7708.44
2018-05-14,7622.57
2018-05-15,7553.18
2018-05-16,7561.35
2018-05-17,7617.64
2018-05-18,7470.22
2018-05-21,7288.64
2018-05-22,7372.6
2018-05-23,7352.14
2018-05-24,7354.28
2018-05-25,7451.54
2018-05-28,7563.09
2018-05-29,7549.0
2018-05-30,7533.02
2018-05-31,7476.6
2018-06-01,7359.49
2018-06-04,7177.99
2018-06-05,6984.45
2018-06-06,7094.54
2018-06-07,7246.27
2018-06-08,7300.76
2018-06-11,7330.53
2018-06-12,7376.64
2018-06-13,7359.53
2018-06-14,7349.11
2018-06-15,7303.59
2018-06-18,7248.36
2018-06-19,7150.86
2018-06-20,7164.26
2018-06-21,7102.34
2018-06-22,7102.72
2018-06-25,7046.47
2018-06-26,6989.15
2018-06-27,6848.03
2018-06-28,6739.95
2018-06-29,6880.9
2018-07-02,6818.22
2018-07-03,6850.44
2018-07-04,6881.38
2018-07-05,6843.62
2018-07-06,6879.96
2018-07-09,6990.83
2018-07-10,7065.46
2018-07-11,7038.97
2018-07-12,7041.04
2018-07-13,6914.4
2018-07-16,6731.85
2018-07-17,6806.66
2018-07-18,6740.45
2018-07-19,6683.16
2018-07-20,6708.54
2018-07-23,6764.27
2018-07-24,6918.49
2018-07-25,6943.45
2018-07-26,6973.85
2018-07-27,7044.97
2018-07-30,7077.36
2018-07-31,7088.78
2018-08-01,7097.06
2018-08-02,7094.55
2018-08-03,7196.0
2018-08-06,7222.19
2018-08-07,7188.4
2018-08-08,7209.23
2018-08-09,7245.49
2018-08-10,7171.05
2018-08-13,7104.74
2018-08-14,7127.4
2018-08-16,7104.33
2018-08-17,7172.86
2018-08-20,7189.19
2018-08-21,7221.47
2018-08-23,7209.62
2018-08-24,7193.42
2018-08-27,7240.14
2018-08-28,7255.21
2018-08-29,7274.36
2018-08-30,7319.51
2018-08-31,7361.15
2018-09-03,7351.77
2018-09-04,7199.19
2018-09-05,7180.35
2018-09-06,7221.29
2018-09-07,7253.74
2018-09-10,7170.9
2018-09-11,7074.33
2018-09-12,7056.71
2018-09-14,7150.5
2018-09-17,7160.58
2018-09-18,7042.85
2018-09-19,6985.38
2018-09-21,6763.82
2018-09-24,6594.11
2018-09-25,6537.35
2018-09-26,6533.32
2018-09-27,6393.82
2018-09-28,6141.71
2018-10-01,6146.57
2018-10-03,6176.15
2018-10-04,6045.1
2018-10-05,5917.05
2018-10-08,5807.85
2018-10-09,5779.48
2018-10-10,5990.93
2018-10-11,5885.92
2018-10-12,6034.9
2018-10-15,6109.67
2018-10-16,6203.89
2018-10-17,6057.69
2018-10-19,5991.72
2018-10-22,5888.24
2018-10-23,5810.79
2018-10-24,5852.83
2018-10-25,5797.19
2018-10-26,5784.29
2018-10-29,5912.44
2018-10-30,5981.34
2018-10-31,6054.98
2018-11-01,6129.34
2018-11-02,6197.38
2018-11-05,6172.24
2018-11-06,6168.1
2018-11-07,6237.21
2018-11-09,6279.73
2018-11-12,6225.43
2018-11-13,6234.79
2018-11-14,6225.84
2018-11-15,6227.05
2018-11-16,6209.55
2018-11-19,6233.49
2018-11-20,6159.35
2018-11-21,6168.77
2018-11-22,6145.72
2018-11-26,6125.77
2018-11-27,6150.57
2018-11-28,6115.26
2018-11-29,6119.85
2018-11-30,6140.58
2018-12-03,6177.07
2018-12-04,6187.85
2018-12-05,6104.45
2018-12-06,6025.39
2018-12-07,6027.61
2018-12-10,5916.88
2018-12-11,5996.74
2018-12-12,6156.52
2018-12-13,6202.86
2018-12-14,6211.56
2018-12-17,6234.1
2018-12-18,6272.96
2018-12-19,6344.36
2018-12-20,6354.47
2018-12-21,6293.1
2018-12-24,6233.74
2018-12-26,6226.32
2018-12-27,6237.9
2018-12-28,6294.59
2018-12-31,6344.35
2019-01-01,6366.85
2019-01-02,6320.03
2019-01-03,6283.76
2019-01-04,6293.48
2019-01-07,6298.13
2019-01-08,6306.98
2019-01-09,6298.96
2019-01-10,6315.45
2019-01-11,6302.13
2019-01-14,6274.07
2019-01-15,6331.36
2019-01-16,6344.43
2019-01-17,6323.66
2019-01-18,6266.4
2019-01-21,6218.17
2019-01-22,6180.46
2019-01-23,6171.57
2019-01-24,6148.16
2019-01-25,6060.88
2019-01-28,5949.98
2019-01-29,5958.18
2019-01-30,5984.91
2019-01-31,6018.19
2019-02-01,6022.04
2019-02-04,5934.72
2019-02-05,5880.95
2019-02-06,5895.91
2019-02-07,5934.79
2019-02-08,5868.23
2019-02-11,5775.21
2019-02-12,5758.67
2019-02-13,5728.64
2019-02-14,5726.9
2019-02-15,5680.46
2019-02-18,5631.32
2019-02-19,5651.41
2019-02-20,5707.14
2019-02-21,5768.22
2019-02-22,5814.04
2019-02-25,5859.71
2019-02-26,5825.38
2019-02-27,5836.57
2019-02-28,5886.52
2019-03-01,6024.59
2019-03-05,6245.98
2019-03-06,6311.6
2019-03-07,6307.04
2019-03-08,6301.85
2019-03-11,6420.39
2019-03-12,6489.52
2019-03-13,6466.01
2019-03-14,6463.14
2019-03-15,6429.63
2019-03-18,6418.95
2019-03-19,6447.31
2019-03-20,6425.9
2019-03-22,6392.0
2019-03-25,6319.55
2019-03-26,6371.65
2019-03-27,6436.01
2019-03-28,6485.41
2019-03-29,6524.62
2019-04-01,6586.72
2019-04-02,6581.16
2019-04-03,6518.32
2019-04-04,6488.07
2019-04-05,6546.75
2019-04-08,6526.32
2019-04-09,6518.94
2019-04-10,6529.63
2019-04-11,6535.03
2019-04-12,6574.65
2019-04-15,6611.21
2019-04-16,6631.35
2019-04-18,6552.68
2019-04-22,6454.66
2019-04-23,6435.39
2019-04-24,6474.24
2019-04-25,6473.77
2019-04-26,6466.15
2019-04-30,6392.56
2019-05-02,6383.18
2019-05-03,6372.59
2019-05-06,6322.21
2019-05-07,6272.56
2019-05-08,6188.77
2019-05-09,6169.91
2019-05-10,6188.36
2019-05-13,6048.31
2019-05-14,6079.9
2019-05-15,6040.89
2019-05-16,6050.29
2019-05-17,6069.74
2019-05-20,6315.92
2019-05-21,6276.83
2019-05-22,6302.88
2019-05-23,6293.97
2019-05-24,6449.85
2019-05-27,6559.1
2019-05-28,6576.1
2019-05-29,6534.43
2019-05-30,6544.2
2019-05-31,6497.86
2019-06-03,6501.84
2019-06-04,6497.88
2019-06-06,6393.19
2019-06-07,6386.61
2019-06-10,6344.3
2019-06-11,6355.16
2019-06-12,6330.55
2019-06-13,6296.74
2019-06-14,6257.62
2019-06-17,6167.38
2019-06-18,6137.22
2019-06-19,6053.65
2019-06-20,6115.42
2019-06-21,6114.16
2019-06-24,6099.74
2019-06-25,6125.34
2019-06-26,6156.56
2019-06-27,6175.18
2019-06-28,6171.78
2019-07-01,6201.68
2019-07-02,6193.25
2019-07-03,6210.33
2019-07-04,6229.92
2019-07-05,6150.1
2019-07-08,6017.57
2019-07-09,6025.01
2019-07-10,5982.95
2019-07-11,6005.25
2019-07-12,6029.04
2019-07-15,5982.36
2019-07-16,5982.76
2019-07-17,5983.28
2019-07-18,5921.97
2019-07-19,5822.36
2019-07-22,5741.58
2019-07-23,5772.53
2019-07-24,5701.55
2019-07-25,5687.25
2019-07-26,5690.02
2019-07-29,5633.47
2019-07-30,5502.28
2019-07-31,5520.4
2019-08-01,5452.28
2019-08-02,5420.28
2019-08-05,5311.3
2019-08-06,5400.15
2019-08-07,5391.52
2019-08-08,5435.17
2019-08-09,5483.15
2019-08-13,5404.13
2019-08-14,5423.05
2019-08-16,5431.44
2019-08-19,5461.2
2019-08-20,5421.86
2019-08-21,5324.35
2019-08-22,5211.09
2019-08-23,5244.08
2019-08-26,5352.57
2019-08-27,5433.22
2019-08-28,5404.67
2019-08-29,5359.64
2019-08-30,5408.08
2019-09-03,5332.3
2019-09-04,5344.83
2019-09-05,5381.13
2019-09-06,5441.02
2019-09-09,5481.36
2019-09-11,5567.84
2019-09-12,5581.71
2019-09-13,5615.46
2019-09-16,5637.48
2019-09-17,5525.29
2019-09-18,5533.8
2019-09-19,5457.66
2019-09-20,5647.23
2019-09-23,5829.78
2019-09-24,5831.18
2019-09-25,5736.8
2019-09-26,5765.43
2019-09-27,5722.21
2019-09-30,5657.62
2019-10-01,5561.69
2019-10-03,5536.04
2019-10-04,5486.5
2019-10-07,5429.01
2019-10-09,5462.25
2019-10-10,5434.08
2019-10-11,5451.33
2019-10-14,5452.22
2019-10-15,5448.85
2019-10-16,5459.77
2019-10-17,5512.86
2019-10-18,5616.25
2019-10-22,5663.05
2019-10-23,5669.71
2019-10-24,5642.32
2019-10-25,5619.43
2019-10-27,5682.77
2019-10-29,5717.85
2019-10-30,5754.93
2019-10-31,5794.78
2019-11-01,5828.45
2019-11-04,5855.02
2019-11-05,5801.1
2019-11-06,5775.11
2019-11-07,5805.61
2019-11-08,5778.77
2019-11-11,5783.75
2019-11-13,5736.93
2019-11-14,5736.72
2019-11-15,5729.69
2019-11-18,5740.14
2019-11-19,5756.17
2019-11-20,5759.81
2019-11-21,5744.68
2019-11-22,5745.62
2019-11-25,5795.69
2019-11-26,5770.28
2019-11-27,5774.06
2019-11-28,5809.76
2019-11-29,5850.95
2019-12-02,5808.34
2019-12-03,5762.69
2019-12-04,5783.58
2019-12-05,5791.44
2019-12-06,5731.64
2019-12-09,5692.18
2019-12-10,5639.55
2019-12-11,5623.72
2019-12-12,5654.35
2019-12-13,5701.66
2019-12-16,5697.94
2019-12-17,5737.53
2019-12-18,5738.97
2019-12-19,5738.72
2019-12-20,5742.69
2019-12-23,5743.11
2019-12-24,5745.46
2019-12-26,5760.93
2019-12-27,5808.3
2019-12-30,5855.55
2019-12-31,5883.53
2020-01-01,5926.31
2020-01-02,6021.79
2020-01-03,6035.78
2020-01-06,5920.47
2020-01-07,5991.3
2020-01-08,5990.45
2020-01-09,6101.91
2020-01-10,6142.98
2020-01-13,6201.71
2020-01-14,6235.52
2020-01-15,6294.04
2020-01-16,6340.14
2020-01-17,6364.15
2020-01-20,6330.89
2020-01-21,6330.87
2020-01-22,6321.92
2020-01-23,6362.53
2020-01-24,6396.11
2020-01-27,6391.37
2020-01-28,6376.69
2020-01-29,6379.82
2020-01-30,6304.02
2020-01-31,6300.19
2020-02-01,6141.7
2020-02-03,6137.24
2020-02-04,6248.58
2020-02-05,6297.62
2020-02-06,6349.05
2020-02-07,6373.36
2020-02-10,6331.31
2020-02-11,6336.1
2020-02-12,6322.89
2020-02-13,6316.08
2020-02-14,6300.03
2020-02-17,6230.67
2020-02-18,6199.76
2020-02-19,6283.88
2020-02-20,6309.1
2020-02-24,6203.65
2020-02-25,6186.77
2020-02-26,6150.39
2020-02-27,6090.54
2020-02-28,5858.34
2020-03-02,5790.35
2020-03-03,5859.4
2020-03-04,5768.55
2020-03-05,5795.22
2020-03-06,5663.56
2020-03-09,5400.6
2020-03-11,5386.57
2020-03-12,4911.61
2020-03-13,4945.46
2020-03-16,4677.61
2020-03-17,4570.1
2020-03-18,4293.66
2020-03-19,4073.1
2020-03-20,4164.75
2020-03-23,3649.74
2020-03-24,3614.88
2020-03-25,3705.15
2020-03-26,3834.21
2020-03-27,3867.88
2020-03-30,3778.05
2020-03-31,3900.5
2020-04-01,3862.36
2020-04-03,3819.82
2020-04-07,3952.76
2020-04-08,4019.9
2020-04-09,4157.69
2020-04-13,4140.27
2020-04-15,4184.4
2020-04-16,4269.24
2020-04-17,4397.65
2020-04-20,4426.59
2020-04-21,4272.26
2020-04-22,4292.79
2020-04-23,4350.35
2020-04-24,4269.44
2020-04-27,4304.36
2020-04-28,4335.7
2020-04-29,4374.51
2020-04-30,4405.21
2020-05-04,4266.6
2020-05-05,4214.26
2020-05-06,4230.83
2020-05-07,4239.23
2020-05-08,4207.42
2020-05-11,4191.47
2020-05-12,4157.7
2020-05-13,4252.96
2020-05-14,4214.27
2020-05-15,4217.21
2020-05-18,4084.83
2020-05-19,4084.83
2020-05-20,4135.39
2020-05-21,4162.62
2020-05-22,4145.22
2020-05-26,4170.39
2020-05-27,4192.35
2020-05-28,4262.61
2020-05-29,4311.8
2020-06-01,4449.73
2020-06-02,4548.65
2020-06-03,4607.53
2020-06-04,4607.46
2020-06-05,4736.99
2020-06-08,4790.08
2020-06-09,4738.79
2020-06-10,4777.84
2020-06-11,4724.18
2020-06-12,4717.4
2020-06-15,4733.65
2020-06-16,4730.06
2020-06-17,4758.59
2020-06-18,4825.74
2020-06-19,4907.23
2020-06-22,5003.02
2020-06-23,5080.57
2020-06-24,5009.0
2020-06-25,5027.57
2020-06-26,5055.53
2020-06-29,4993.84
2020-06-30,4956.55
2020-07-01,4991.35
2020-07-02,5034.44
2020-07-03,5048.24
2020-07-06,5127.85
2020-07-07,5163.26
2020-07-08,5149.2
2020-07-09,5192.07
2020-07-10,5175.08
2020-07-13,5175.57
2020-07-14,5108.03
2020-07-15,5104.7
2020-07-16,5101.71
2020-07-17,5168.93
2020-07-20,5217.96
2020-07-21,5237.01
2020-07-22,5228.68
2020-07-23,5267.5
2020-07-24,5252.62
2020-07-27,5207.4
2020-07-28,5260.6
2020-07-29,5265.69
2020-07-30,5230.46
2020-07-31,5270.39
2020-08-03,5328.32
2020-08-04,5408.04
2020-08-05,5460.02
2020-08-06,5496.67
2020-08-07,5542.19
2020-08-10,5629.45
2020-08-11,5647.05
2020-08-12,5666.37
2020-08-13,5718.57
2020-08-14,5674.53
2020-08-17,5732.01
2020-08-18,5807.21
2020-08-19,5884.04
2020-08-20,5913.61
2020-08-21,6002.95
2020-08-24,6094.1
2020-08-25,6116.97
2020-08-26,6178.11
2020-08-27,6194.51
2020-08-28,6181.46
2020-08-31,5903.63
2020-09-01,5915.51
2020-09-02,6007.43
2020-09-03,6044.79
2020-09-04,5980.13
2020-09-07,5987.64
2020-09-08,5931.88
2020-09-09,5848.63
2020-09-10,5928.92
2020-09-11,5940.88
2020-09-14,6243.16
2020-09-15,6324.05
2020-09-16,6347.61
2020-09-17,6312.63
2020-09-18,6298.54
2020-09-21,6061.05
2020-09-22,5949.57
2020-09-23,5949.96
2020-09-24,5810.62
2020-09-25,5960.08
2020-09-28,6135.01
2020-09-29,6120.12
2020-09-30,6115.18
2020-10-01,6162.66
2020-10-05,6194.1
2020-10-06,6227.22
2020-10-07,6197.96
2020-10-08,6179.61
2020-10-09,6160.08
2020-10-12,6118.15
2020-10-13,6110.15
2020-10-14,6114.77
2020-10-15,6019.16
2020-10-16,6099.48
2020-10-19,6134.29
2020-10-20,6150.05
2020-10-21,6149.96
2020-10-22,6197.61
2020-10-23,6241.41
2020-10-26,6174.16
2020-10-27,6186.24
2020-10-28,6135.5
2020-10-29,6084.53
2020-10-30,6086.06
2020-11-02,6007.88
2020-11-03,6023.1
2020-11-04,6024.4
2020-11-05,6123.11
2020-11-06,6153.32
2020-11-09,6178.64
2020-11-10,6168.12
2020-11-11,6202.24
2020-11-12,6275.51
2020-11-13,6334.62
2020-11-14,6392.78
2020-11-17,6424.9
2020-11-18,6465.88
2020-11-19,6466.34
2020-11-20,6535.56
2020-11-23,6644.57
2020-11-24,6704.75
2020-11-25,6641.48
2020-11-26,6692.85
2020-11-27,6862.18
2020-12-01,6941.98
2020-12-02,6962.55
2020-12-03,7023.48
2020-12-04,7058.78
2020-12-07,7155.68
2020-12-08,7136.8
2020-12-09,7191.08
2020-12-10,7145.29
2020-12-11,7181.67
2020-12-14,7239.68
2020-12-15,7254.95
2020-12-16,7324.39
2020-12-17,7322.18
2020-12-18,7295.12
2020-12-21,6937.09
2020-12-22,7002.78
2020-12-23,7202.23
2020-12-24,7257.0
2020-12-28,7380.07
2020-12-29,7380.1
2020-12-30,7423.66
2020-12-31,7440.28
2021-01-01,7525.92
2021-01-04,7624.31
2021-01-05,7670.83
2021-01-06,7651.47
2021-01-07,7738.14
2021-01-08,7793.25
2021-01-11,7787.2
2021-01-12,7809.58
2021-01-13,7789.25
2021-01-14,7823.52
2021-01-15,7740.44
2021-01-18,7597.54
2021-01-19,7724.75
2021-01-20,7756.36
2021-01-21,7723.17
2021-01-22,7669.56
2021-01-25,7592.39
2021-01-27,7576.21
2021-01-28,7545.36
2021-01-29,7520.47
2021-02-01,7671.61
2021-02-02,7767.82
2021-02-03,7877.83
2021-02-04,7986.75
2021-02-05,8005.87
2021-02-08,8127.95
2021-02-09,8093.46
2021-02-10,8126.77
2021-02-11,8242.12
2021-02-12,8230.57
2021-02-15,8254.08
2021-02-16,8273.1
2021-02-17,8308.12
2021-02-18,8380.21
2021-02-19,8310.76
2021-02-22,8229.67
2021-02-23,8303.04
2021-02-24,8409.35
2021-02-25,8546.16
2021-02-26,8454.68
2021-03-01,8607.66
2021-03-02,8712.39
2021-03-03,8793.71
2021-03-04,8879.35
2021-03-05,8744.41
2021-03-08,8798.53
2021-03-09,8724.25
2021-03-10,8816.94
2021-03-12,8847.46
2021-03-15,8782.3
2021-03-16,8805.54
2021-03-17,8609.24
2021-03-18,8487.68
2021-03-19,8525.09
2021-03-22,8546.81
2021-03-23,8605.9
2021-03-24,8442.38
2021-03-25,8281.07
2021-03-26,8377.56
2021-03-30,8484.92
2021-03-31,8529.76
2021-04-01,8697.4
2021-04-05,8559.56
2021-04-06,8651.91
2021-04-07,8772.24
2021-04-08,8865.73
2021-04-09,8913.35
2021-04-12,8432.69
2021-04-13,8574.17
2021-04-15,8547.05
2021-04-16,8619.95
2021-04-19,8447.12
2021-04-20,8511.24
2021-04-22,8573.9
2021-04-23,8609.1
2021-04-26,8703.01
2021-04-27,8851.57
2021-04-28,8921.87
2021-04-29,8949.4
2021-04-30,8922.5
2021-05-03,9037.47
2021-05-04,8979.59
2021-05-05,9038.56
2021-05-06,9107.61
2021-05-07,9171.65
2021-05-10,9311.32
2021-05-11,9388.49
2021-05-12,9323.53
2021-05-14,9232.36
2021-05-17,9351.65
2021-05-18,9468.79
2021-05-19,9523.47
2021-05-20,9541.94
2021-05-21,9614.14
2021-05-24,9688.29
2021-05-25,9703.87
2021-05-26,9768.83
2021-05-27,9834.16
2021-05-28,9784.17
2021-05-31,9824.52
2021-06-01,9758.89
2021-06-02,9878.31
2021-06-03,9991.13
2021-06-04,10042.92
2021-06-07,10189.9
2021-06-08,10241.89
2021-06-09,10115.99
2021-06-10,10279.31
2021-06-11,10316.45
2021-06-14,10267.27
2021-06-15,10318.38
2021-06-16,10255.52
2021-06-17,10192.26
2021-06-18,10119.02
2021-06-21,10197.73
2021-06-22,10288.62
2021-06-23,10253.05
2021-06-24,10231.61
2021-06-25,10269.25
2021-06-28,10322.58
2021-06-29,10312.48
2021-06-30,10379.14
2021-07-01,10440.38
2021-07-02,10536.95
2021-07-05,10655.5
2021-07-06,10599.57
2021-07-07,10669.93
2021-07-08,10666.35
2021-07-09,10724.84
2021-07-12,10840.96
2021-07-13,10932.69
2021-07-14,10951.94
2021-07-15,11028.81
2021-07-16,11125.6
2021-07-19,11125.04
2021-07-20,10944.0
2021-07-22,11119.23
2021-07-23,11095.38
2021-07-26,11136.21
2021-07-27,11128.38
2021-07-28,11072.2
2021-07-29,11173.15
2021-07-30,11227.38
2021-08-02,11319.86
2021-08-03,11292.01
2021-08-04,11166.26
2021-08-05,11109.8
2021-08-06,11125.87
2021-08-09,11010.9
2021-08-10,10726.01
2021-08-11,10668.47
2021-08-12,10912.14
2021-08-13,10904.7
2021-08-16,10810.73
2021-08-17,10781.2
2021-08-18,10739.35
2021-08-20,10485.61
2021-08-23,10279.28
2021-08-24,10491.65
2021-08-25,10572.36
2021-08-26,10598.63
2021-08-27,10681.97
2021-08-30,10830.68
2021-08-31,10905.36
2021-09-01,10927.82
2021-09-02,11033.05
2021-09-03,11092.93
2021-09-06,11182.16
2021-09-07,11155.38
2021-09-08,11226.54
2021-09-09,11314.34
2021-09-13,11399.66
2021-09-14,11459.16
2021-09-15,11537.57
2021-09-16,11538.42
2021-09-17,11457.59
2021-09-20,11236.96
2021-09-21,11242.93
2021-09-22,11386.22
2021-09-23,11485.03
2021-09-24,11477.72
2021-09-27,11496.33
2021-09-28,11442.21
2021-09-29,11472.97
2021-09-30,11550.98
2021-10-01,11584.4
2021-10-04,11749.93
2021-10-05,11814.54
2021-10-06,11713.34
2021-10-07,11851.11
2021-10-08,11946.25
2021-10-11,12074.99
2021-10-12,12151.49
2021-10-13,12185.04
2021-10-14,12249.93
2021-10-18,12351.72
2021-10-19,12123.85
2021-10-20,11875.6
2021-10-21,11793.63
2021-10-22,11665.32
2021-10-25,11452.05
2021-10-26,11730.53
2021-10-27,11792.1
2021-10-28,11607.71
2021-10-29,11569.87
2021-11-01,11690.87
2021-11-02,11833.95
2021-11-03,11795.37
2021-11-04,11952.93
2021-11-08,12047.52
2021-11-09,12097.04
2021-11-10,12091.76
2021-11-11,12030.87
2021-11-12,12071.72
2021-11-15,12044.16
2021-11-16,12078.87
2021-11-17,12070.15
2021-11-18,11877.8
2021-11-22,11560.2
2021-11-23,11782.02
2021-11-24,11841.01
2021-11-25,11942.49
2021-11-26,11597.25
2021-11-29,11305.22
2021-11-30,11530.27
2021-12-01,11564.55
2021-12-02,11690.4
2021-12-03,11756.41
2021-12-06,11610.02
2021-12-07,11753.49
2021-12-08,11928.79
2021-12-09,12038.05
2021-12-10,12147.43
2021-12-13,12149.91
2021-12-14,12186.72
2021-12-15,12144.54
2021-12-16,12026.28
2021-12-17,11752.01
2021-12-20,11343.69
2021-12-21,11485.14
2021-12-22,11675.22
2021-12-23,11767.54
2021-12-24,11691.27
2021-12-27,11735.93
2021-12-28,11910.35
2021-12-29,11995.03
2021-12-30,12012.65
2021-12-31,12152.65
2022-01-03,12308.71
2022-01-04,12373.07
2022-01-05,12380.28
2022-01-06,12393.75
2022-01-07,12445.19
2022-01-10,12620.18
2022-01-11,12633.18
2022-01-12,12711.69
2022-01-13,12786.09
2022-01-14,12874.26
2022-01-17,12934.83
2022-01-18,12670.44
2022-01-19,12699.33
2022-01-20,12684.8
2022-01-21,12447.19
2022-01-24,11877.25
2022-01-25,12003.23
2022-01-27,11947.78
2022-01-28,12010.98
2022-01-31,12126.84
2022-02-01,12219.16
2022-02-02,12422.77
2022-02-03,12423.59
2022-02-04,12351.95
2022-02-07,12217.55
2022-02-08,12032.85
2022-02-09,12073.88
2022-02-10,12093.7
2022-02-11,11865.5
2022-02-14,11360.36
2022-02-15,11586.14
2022-02-16,11674.39
2022-02-17,11589.96
2022-02-18,11495.01
2022-02-21,11199.14
2022-02-22,10982.53
2022-02-23,11113.83
2022-02-24,10461.8
2022-02-25,10907.54
2022-02-28,10997.19
2022-03-02,11026.17
2022-03-03,11068.52
2022-03-04,10893.77
2022-03-07,10640.46
2022-03-08,10786.31
2022-03-09,11012.52
2022-03-10,11168.64
2022-03-11,11268.29
2022-03-14,11315.35
2022-03-15,11221.8
2022-03-16,11347.23
2022-03-17,11481.37
2022-03-21,11511.74
2022-03-22,11547.56
2022-03-23,11530.37
2022-03-24,11570.79
2022-03-25,11525.49
2022-03-28,11457.88
2022-03-29,11527.21
2022-03-30,11631.76
2022-03-31,11687.4
2022-04-01,11908.62
2022-04-04,12090.22
2022-04-05,12205.57
2022-04-06,12257.48
2022-04-07,12204.72
2022-04-08,12298.64
2022-04-11,12337.98
2022-04-12,12163.02
2022-04-13,12203.88
2022-04-18,12096.01
2022-04-19,11912.08
2022-04-20,11914.63
2022-04-21,12065.8
2022-04-22,12035.41
2022-04-25,11794.87
2022-04-26,11915.84
2022-04-27,11847.51
2022-04-28,11878.73
2022-04-29,11754.35
2022-05-02,11636.01
2022-05-04,11370.64
2022-05-05,11300.39
2022-05-06,11043.81
2022-05-09,10832.73
2022-05-10,10610.02
2022-05-11,10327.46
2022-05-12,10156.46
2022-05-13,10260.81
2022-05-16,10397.78
2022-05-17,10697.37
2022-05-18,10733.4
2022-05-19,10493.68
2022-05-20,10717.77
2022-05-23,10644.69
2022-05-24,10514.06
2022-05-25,10198.33
2022-05-26,10295.03
2022-05-27,10401.02
2022-05-30,10634.08
2022-05-31,10742.59
2022-06-01,10814.89
2022-06-02,10870.61
2022-06-03,10775.74
2022-06-06,10707.43
2022-06-07,10647.43
2022-06-08,10629.02
2022-06-09,10635.95
2022-06-10,10542.77
2022-06-13,10169.75
2022-06-14,10128.1
2022-06-15,10186.85
2022-06-16,9874.6
2022-06-17,9796.32
2022-06-20,9492.41
2022-06-21,9785.23
2022-06-22,9682.96
2022-06-23,9796.47
2022-06-24,9966.26
2022-06-27,10125.96
2022-06-28,10118.05
2022-06-29,10063.08
2022-06-30,10030.82
2022-07-01,10052.37
2022-07-04,10102.28
2022-07-05,10128.44
2022-07-06,10182.41
2022-07-07,10316.66
2022-07-08,10340.67
2022-07-11,10447.95
2022-07-12,10409.61
2022-07-13,10432.16
2022-07-14,10363.68
2022-07-15,10416.46
2022-07-18,10568.42
2022-07-19,10659.36
2022-07-20,10724.41
2022-07-21,10812.3
2022-07-22,10842.46
2022-07-25,10799.25
2022-07-26,10689.46
2022-07-27,10690.62
2022-07-28,10772.2
2022-07-29,10925.13
2022-08-01,11106.22
2022-08-02,11174.77
2022-08-03,11130.58
2022-08-04,11102.48
2022-08-05,11092.24
2022-08-08,11119.64
2022-08-10,11090.19
2022-08-11,11162.56
2022-08-12,11188.52
2022-08-16,11286.57
2022-08-17,11340.83
2022-08-18,11372.48
2022-08-19,11251.5
2022-08-22,11152.28
2022-08-23,11265.85
2022-08-24,11365.32
2022-08-25,11404.82
2022-08-26,11487.58
2022-08-29,11419.32
2022-08-30,11560.74
2022-09-01,11596.14
2022-09-02,11621.55
2022-09-05,11738.1
2022-09-06,11775.15
2022-09-07,11872.24
2022-09-08,11957.47
2022-09-09,11935.41
2022-09-12,12048.41
2022-09-13,12061.92
2022-09-14,12073.54
2022-09-15,12072.09
2022-09-16,11795.76
2022-09-19,11712.42
2022-09-20,11847.73
2022-09-21,11774.93
2022-09-22,11843.56
2022-09-23,11609.76
2022-09-26,11221.51
2022-09-27,11281.24
2022-09-28,11231.49
2022-09-29,11295.22
2022-09-30,11467.99
2022-10-03,11424.64
2022-10-04,11575.9
2022-10-06,11702.93
2022-10-07,11740.62
2022-10-10,11676.22
2022-10-11,11495.94
2022-10-12,11546.18
2022-10-13,11484.6
2022-10-14,11489.15
2022-10-17,11518.51
2022-10-18,11611.26
2022-10-19,11614.68
2022-10-20,11628.45
2022-10-21,11579.01
2022-10-24,11687.38
2022-10-25,11667.25
2022-10-27,11713.63
2022-10-28,11642.84
2022-10-31,11687.81
2022-11-01,11704.78
2022-11-02,11706.8
2022-11-03,11721.97
2022-11-04,11776.09
2022-11-07,11864.29
2022-11-09,11818.22
2022-11-10,11673.09
2022-11-11,11712.52
2022-11-14,11766.24
2022-11-15,11773.72
2022-11-16,11734.96
2022-11-17,11721.34
2022-11-18,11668.61
2022-11-21,11682.03
2022-11-22,11673.93
2022-11-23,11742.11
2022-11-24,11806.6
2022-11-25,11898.03
2022-11-28,12025.34
2022-11-29,11982.46
2022-11-30,12043.37
2022-12-01,12096.78
2022-12-02,12177.03
2022-12-05,12217.39
2022-12-06,12188.69
2022-12-07,12141.55
2022-12-08,12208.76
2022-12-09,12082.27
2022-12-12,12146.43
2022-12-13,12215.65
2022-12-14,12295.44
2022-12-15,12242.77
2022-12-16,12145.56
2022-12-19,12181.94
2022-12-20,12156.75
2022-12-21,11905.57
2022-12-22,11698.23
2022-12-23,11184.91
2022-12-26,11559.53
2022-12-27,11702.2
2022-12-28,11727.2
2022-12-29,11741.31
2022-12-30,11832.26
2023-01-02,11921.56
2023-01-03,11938.69
2023-01-04,11831.81
2023-01-05,11830.08
2023-01-06,11739.3
2023-01-09,11785.94
2023-01-10,11728.37
2023-01-11,11734.87
2023-01-12,11742.6
2023-01-13,11776.12
2023-01-16,11769.89
2023-01-17,11753.25
2023-01-18,11760.89
2023-01-19,11726.97
2023-01-20,11662.19
2023-01-23,11645.85
2023-01-24,11599.7
2023-01-25,11496.66
2023-01-27,11286.79
2023-01-30,11264.03
2023-01-31,11560.07
2023-02-01,11428.21
2023-02-02,11478.31
2023-02-03,11436.68
2023-02-06,11466.14
2023-02-07,11425.32
2023-02-08,11514.08
2023-02-09,11485.25
2023-02-10,11542.88
2023-02-13,11406.13
2023-02-14,11346.64
2023-02-15,11392.68
2023-02-16,11484.69
2023-02-17,11446.12
2023-02-20,11410.34
2023-02-21,11370.49
2023-02-22,11242.71
2023-02-23,11263.59
2023-02-24,11245.2
2023-02-27,11112.98
2023-02-28,11151.53
2023-03-01,11290.11
2023-03-02,11280.17
2023-03-03,11359.6
2023-03-06,11476.38
2023-03-08,11507.23
2023-03-09,11469.03
2023-03-10,11386.82
2023-03-13,11149.91
2023-03-14,11050.18
2023-03-15,11070.43
2023-03-16,10993.03
2023-03-17,11065.91
2023-03-20,10971.18
2023-03-21,11022.08
2023-03-22,11083.56
2023-03-23,11049.68
2023-03-24,10882.04
2023-03-27,10719.34
2023-03-28,10634.51
2023-03-29,10815.74
2023-03-31,10982.49
2023-04-03,11069.19
2023-04-05,11143.67
2023-04-06,11226.49
2023-04-10,11245.93
2023-04-11,11297.62
2023-04-12,11340.66
2023-04-13,11375.83
2023-04-17,11393.69
2023-04-18,11401.85
2023-04-19,11401.95
2023-04-20,11433.08
2023-04-21,11411.7
2023-04-24,11465.8
2023-04-25,11504.47
2023-04-26,11567.62
2023-04-27,11624.23
2023-04-28,11739.54
2023-05-02,11814.83
2023-05-03,11830.96
2023-05-04,11932.39
2023-05-05,11866.58
2023-05-08,11954.23
2023-05-09,11903.79
2023-05-10,11964.22
2023-05-11,12049.94
2023-05-12,12004.66
2023-05-15,12092.13
2023-05-16,12096.73
2023-05-17,12148.41
2023-05-18,12098.73
2023-05-19,12094.92
2023-05-22,12143.28
2023-05-23,12158.17
2023-05-24,12164.95
2023-05-25,12202.13
2023-05-26,12258.38
2023-05-29,12293.14
2023-05-30,12299.83
2023-05-31,12395.45
2023-06-01,12497.92
2023-06-02,12558.38
2023-06-05,12593.2
2023-06-06,12661.26
2023-06-07,12803.18
2023-06-08,12717.63
2023-06-09,12709.52
2023-06-12,12793.22
2023-06-13,12887.1
2023-06-14,12924.0
2023-06-15,12964.37
2023-06-16,13068.86
2023-06-19,13109.5
2023-06-20,13163.28
2023-06-21,13171.96
2023-06-22,13075.39
2023-06-23,12938.93
2023-06-26,13027.19
2023-06-27,13099.76
2023-06-28,13124.15
2023-06-30,13188.32
2023-07-03,13306.16
2023-07-04,13324.41
2023-07-05,13407.62
2023-07-06,13521.61
2023-07-07,13482.68
2023-07-10,13438.88
2023-07-11,13565.98
2023-07-12,13632.94
2023-07-13,13536.45
2023-07-14,13715.34
2023-07-17,13823.43
2023-07-18,13724.15
2023-07-19,13825.02
2023-07-20,13862.52
2023-07-21,13905.94
2023-07-24,13940.07
2023-07-25,13947.13
2023-07-26,13993.43
2023-07-27,14012.67
2023-07-28,14073.98
2023-07-31,14219.45
2023-08-01,14249.01
2023-08-02,14067.17
2023-08-03,14087.5
2023-08-04,14176.88
2023-08-07,14221.48
2023-08-08,14245.13
2023-08-09,14325.78
2023-08-10,14290.2
2023-08-11,14253.66
2023-08-14,14165.59
2023-08-16,14224.93
2023-08-17,14251.63
2023-08-18,14211.95
2023-08-21,14331.64
2023-08-22,14429.06
2023-08-23,14532.26
2023-08-24,14513.98
2023-08-25,14483.33
2023-08-28,14581.66
2023-08-29,14680.22
2023-08-30,14809.36
2023-08-31,14964.03
2023-09-01,15074.43
2023-09-04,15228.35
2023-09-05,15324.18
2023-09-06,15333.09
2023-09-07,15419.25
2023-09-08,15513.95
2023-09-11,15665.54
2023-09-12,15057.64
2023-09-13,15206.04
2023-09-14,15392.76
2023-09-15,15436.47
2023-09-18,15362.25
2023-09-20,15275.83
2023-09-21,15107.17
2023-09-22,15110.9
2023-09-25,15124.08
2023-09-26,15189.11
2023-09-27,15299.19
2023-09-28,15251.22
2023-09-29,15351.8
2023-10-03,15449.15
2023-10-04,15274.35
2023-10-05,15362.03
2023-10-06,15460.21
2023-10-09,15208.76
2023-10-10,15379.25
2023-10-11,15485.41
2023-10-12,15596.35
2023-10-13,15574.08
2023-10-16,15623.4
2023-10-17,15728.4
2023-10-18,15668.06
2023-10-19,15690.97
2023-10-20,15565.84
2023-10-23,14976.01
2023-10-25,14879.7
2023-10-26,14808.77
2023-10-27,15094.61
2023-10-30,15106.05
2023-10-31,15093.39
2023-11-01,15065.5
2023-11-02,15228.45
2023-11-03,15383.34
2023-11-06,15547.68
2023-11-07,15638.69
2023-11-08,15734.02
2023-11-09,15689.56
2023-11-10,15756.89
2023-11-12,15955.89
2023-11-13,15995.09
2023-11-15,16173.38
2023-11-16,16243.52
2023-11-17,16298.52
2023-11-20,16305.16
2023-11-21,16337.97
2023-11-22,16201.0
2023-11-23,16284.69
2023-11-24,16313.73
2023-11-28,16350.12
2023-11-29,16473.48
2023-11-30,16649.27
2023-12-01,16742.96
2023-12-04,16947.04
2023-12-05,16972.19
2023-12-06,17017.89
2023-12-07,17069.09
2023-12-08,16924.15
2023-12-11,17019.05
2023-12-12,16997.98
2023-12-13,17107.46
2023-12-14,17240.69
2023-12-15,17363.41
2023-12-18,17435.56
2023-12-19,17449.55
2023-12-20,16867.0
2023-12-21,17152.5
2023-12-22,17327.72
2023-12-26,17379.28
2023-12-27,17431.25
2023-12-28,17534.45
2023-12-29,17641.14
2024-01-01,17752.2
2024-01-02,17745.36
2024-01-03,17766.45
2024-01-04,17948.96
2024-01-05,18069.74
2024-01-08,17963.9
2024-01-09,18030.16
2024-01-10,18066.52
2024-01-11,18215.63
2024-01-12,18283.72
2024-01-15,18329.3
2024-01-16,18279.1
2024-01-17,18087.55
2024-01-18,18085.45
2024-01-19,18278.45
2024-01-20,18360.96
2024-01-23,17863.18
2024-01-24,18177.24
2024-01-25,18274.36
2024-01-29,18510.5
2024-01-30,18535.27
2024-01-31,18929.24
2024-02-01,18955.35
2024-02-02,19072.06
2024-02-05,19064.01
2024-02-06,19242.83
2024-02-07,19343.94
2024-02-08,19260.33
2024-02-09,19017.2
2024-02-12,18341.41
2024-02-13,18406.88
2024-02-14,18643.65
2024-02-15,18861.1
2024-02-16,18987.72
2024-02-19,19078.38
2024-02-20,19002.59
2024-02-21,18854.99
2024-02-22,18969.98
2024-02-23,19080.69
2024-02-26,19048.11
2024-02-27,19096.61
2024-02-28,18735.97
2024-02-29,18823.79
2024-03-01,18944.92
2024-03-02,19079.26
2024-03-04,18964.71
2024-03-05,18842.06
2024-03-06,18470.74
2024-03-07,18620.98
2024-03-11,18248.59
2024-03-12,17873.11
2024-03-13,16947.96
2024-03-14,17475.66
2024-03-15,17512.97
2024-03-18,17462.5
2024-03-19,17256.64
2024-03-20,17275.7
2024-03-21,17670.42
2024-03-22,17813.92
2024-03-26,17822.06
2024-03-27,17967.65
2024-03-28,18027.57
2024-04-01,18570.61
2024-04-02,18754.41
2024-04-03,18952.0
2024-04-04,19070.15
2024-04-05,19182.05
2024-04-08,19230.24
2024-04-09,19238.91
2024-04-10,19353.49
2024-04-12,19275.06
2024-04-15,18978.8
2024-04-16,19100.86
2024-04-18,19097.01
2024-04-19,19073.82
2024-04-22,19295.21
2024-04-23,19481.35
2024-04-24,19636.34
2024-04-25,19799.85
2024-04-26,19894.61
2024-04-29,19907.29
2024-04-30,19918.39
2024-05-02,19937.79
2024-05-03,19869.77
2024-05-06,19648.19
2024-05-07,19298.54
2024-05-08,19393.71
2024-05-09,18879.71
2024-05-10,19004.04
2024-05-13,18935.89
2024-05-14,19268.92
2024-05-15,19415.36
2024-05-16,19559.47
2024-05-17,19870.58
2024-05-18,20049.95
2024-05-21,19964.74
2024-05-22,19940.03
2024-05-23,19988.85
2024-05-24,19963.43
2024-05-27,20051.38
2024-05-28,19847.46
2024-05-29,19864.0
2024-05-30,19569.19
2024-05-31,19664.65
2024-06-03,20070.23
2024-06-04,18575.64
2024-06-05,19191.54
2024-06-06,19815.64
2024-06-07,20262.3
2024-06-10,20529.75
2024-06-11,20657.62
2024-06-12,20851.5
2024-06-13,21021.5
2024-06-14,21203.05
2024-06-18,21407.8
2024-06-19,21326.3
2024-06-20,21466.27
2024-06-21,21459.1
2024-06-24,21461.06
2024-06-25,21476.2
2024-06-26,21521.88
2024-06-27,21400.88
2024-06-28,21545.32
2024-07-01,21868.42
2024-07-02,21832.82
2024-07-03,22029.01
2024-07-04,22151.59
2024-07-05,22303.63
2024-07-08,22245.93
2024-07-09,22298.84
2024-07-10,22147.62
2024-07-11,22282.09
2024-07-12,22267.11
2024-07-15,22348.41
2024-07-16,22392.36
2024-07-18,22146.46
2024-07-19,21627.58
2024-07-22,21822.33
2024-07-23,21690.59
2024-07-24,22095.1
2024-07-25,22034.07
2024-07-26,22243.81
2024-07-29,22482.62
2024-07-30,22668.48
2024-07-31,22624.73
2024-08-01,22472.05
2024-08-02,22287.45
2024-08-05,21355.37
2024-08-06,21272.65
2024-08-07,21784.24
2024-08-08,21723.0
2024-08-09,21867.51
2024-08-12,21939.08
2024-08-13,21669.36
2024-08-14,21550.87
2024-08-16,21918.7
2024-08-19,22254.24
2024-08-20,22376.64
2024-08-21,22623.4
2024-08-22,22695.3
2024-08-23,22725.25
2024-08-26,22820.05
2024-08-27,22994.76
2024-08-28,22945.49
2024-08-29,22815.26
2024-08-30,22934.49
2024-09-02,22918.64
2024-09-03,23053.88
2024-09-04,23124.96
2024-09-05,23346.43
2024-09-06,23113.65
2024-09-09,22922.98
2024-09-10,23209.78
2024-09-11,23028.62
2024-09-12,23209.03
2024-09-13,23415.65
2024-09-16,23453.23
2024-09-17,23411.6
2024-09-18,23332.66
2024-09-19,23074.31
2024-09-20,23323.86
2024-09-23,23524.82
2024-09-24,23474.51
2024-09-25,23392.12
2024-09-26,23287.12
2024-09-27,23242.76
2024-09-30,23256.45
2024-10-01,23409.41
2024-10-03,22964.06
2024-10-04,22765.03
2024-10-07,22124.55
2024-10-08,22589.83
2024-10-09,22869.11
2024-10-10,22898.67
2024-10-11,23006.92
2024-10-14,23072.73
2024-10-15,23328.56
2024-10-16,23376.96
2024-10-17,23046.43
2024-10-18,23037.1
2024-10-21,22657.48
2024-10-22,21823.05
2024-10-23,22051.01
2024-10-24,21919.67
2024-10-25,21419.26
2024-10-28,21666.28
2024-10-29,21826.31
2024-10-30,22085.49
2024-10-31,22424.5
2024-11-01,22661.58
2024-11-04,22245.98
2024-11-05,22353.8
2024-11-06,22775.3
2024-11-07,22634.01
2024-11-08,22282.26
2024-11-11,22016.49
2024-11-12,21729.02
2024-11-13,21064.28
2024-11-14,21231.61
2024-11-18,21095.49
2024-11-19,21289.19
2024-11-21,21166.06
2024-11-22,21373.93
2024-11-25,21825.83
2024-11-26,21960.17
2024-11-27,22184.43
2024-11-28,22216.29
2024-11-29,22396.2
2024-12-02,22552.51
2024-12-03,22764.13
2024-12-04,22936.66
2024-12-05,23046.47
2024-12-06,23171.08
2024-12-09,23256.39
2024-12-10,23324.82
2024-12-11,23390.65
2024-12-12,23172.77
2024-12-13,23088.61
2024-12-16,23190.08
2024-12-17,23061.18
2024-12-18,22905.13
2024-12-19,22827.49
2024-12-20,22367.9
2024-12-23,22272.43
2024-12-24,22341.14
2024-12-26,22334.78
2024-12-27,22395.19
2024-12-30,22297.75
2024-12-31,22442.03
2025-01-01,22639.89
2025-01-02,22765.23
2025-01-03,22721.16
2025-01-06,22067.12
2025-01-07,22379.17
2025-01-08,22069.9
2025-01-09,21812.55
2025-01-10,21280.42
2025-01-13,20429.01
2025-01-14,20761.31
2025-01-15,20870.2
2025-01-16,21122.85
2025-01-17,21113.52
2025-01-20,21291.62
2025-01-21,20840.68
2025-01-22,20507.82
2025-01-23,20674.68
2025-01-24,20230.87
2025-01-27,19491.3
2025-01-28,19136.03
2025-01-29,19740.69
2025-01-30,19706.05
2025-01-31,20043.67
2025-02-01,20175.68
2025-02-03,19826.34
2025-02-04,20051.83
2025-02-05,20366.25
2025-02-06,20359.23
2025-02-07,20282.19
2025-02-10,19850.43
2025-02-11,19171.65
2025-02-12,19037.15
2025-02-13,18970.46
2025-02-14,18344.37
2025-02-17,18302.76
2025-02-18,18050.79
2025-02-19,18456.53
2025-02-20,18682.5
2025-02-21,18578.94
2025-02-24,18355.02
2025-02-25,18273.12
2025-02-27,17967.56
2025-02-28,17517.56
2025-03-03,17405.4
2025-03-04,17605.54
2025-03-05,18082.51
2025-03-06,18351.06
2025-03-07,18477.12
2025-03-10,18125.65
2025-03-11,18007.8
2025-03-12,17959.29
2025-03-13,17835.56
2025-03-17,17893.88
2025-03-18,18369.54
2025-03-19,18735.68
2025-03-20,18882.37
2025-03-21,19287.23
2025-03-24,19477.16
2025-03-25,19214.05
2025-03-26,18942.67
2025-03-27,19122.0
2025-03-28,19112.41
2025-04-01,19018.8
2025-04-02,19208.24
2025-04-03,19342.03
2025-04-04,18703.06
2025-04-07,17956.13
2025-04-08,18346.1
2025-04-09,18152.89
2025-04-11,18710.42
2025-04-15,19282.56
2025-04-16,19464.74
2025-04-17,19552.91
2025-04-21,19932.22
2025-04-22,20091.92
2025-04-23,20149.01
2025-04-24,20138.96
2025-04-25,19644.06
2025-04-28,19749.07
2025-04-29,19790.29
2025-04-30,19436.17
2025-05-02,19429.72
2025-05-05,19649.84
2025-05-06,19210.92
2025-05-07,19440.81
2025-05-08,19210.37
2025-05-09,19084.76
2025-05-12,19848.82
2025-05-13,20014.88
2025-05-14,20296.89
2025-05-15,20451.2
2025-05-16,20765.02
2025-05-19,20905.61
2025-05-20,20718.1
2025-05-21,20804.76
2025-05-22,20803.94
2025-05-23,20926.24
2025-05-26,21035.24
2025-05-27,21059.67
2025-05-28,21146.36
2025-05-29,21239.0
2025-05-30,21308.95
2025-06-02,21461.78
2025-06-03,21485.06
2025-06-04,21598.48
2025-06-05,21741.65
2025-06-06,21884.14
2025-06-09,22174.62
2025-06-10,22211.51
2025-06-11,22192.04
2025-06-12,21874.89
2025-06-13,21792.49
2025-06-16,21901.28
2025-06-17,21750.61
2025-06-18,21707.92
2025-06-19,21289.6
2025-06-20,21421.19
2025-06-23,21589.11
2025-06-24,21756.79
2025-06-25,22105.71
2025-06-26,22162.56
2025-06-27,22342.93
2025-06-30,22539.86
2025-07-01,22494.94
2025-07-02,22407.63
2025-07-03,22489.9
2025-07-04,22497.36
2025-07-07,22451.92
2025-07-08,22399.3
2025-07-09,22523.01
2025-07-10,22508.01
2025-07-11,22352.01
2025-07-14,22558.94
2025-07-15,22741.86
2025-07-16,22781.78
2025-07-17,22843.59
2025-07-18,22692.65
2025-07-21,22668.52
2025-07-22,22591.28
2025-07-23,22622.28
2025-07-24,22474.98
2025-07-25,22028.83
2025-07-28,21754.29
2025-07-29,21952.49
2025-07-30,21930.88
2025-07-31,21734.93
2025-08-01,21383.66
2025-08-04,21594.29
2025-08-05,21526.53
2025-08-06,21268.92
2025-08-07,21254.06
2025-08-08,20989.35
2025-08-11,21086.56
2025-08-12,21092.11
2025-08-13,21228.36
2025-08-14,21142.3
2025-08-18,21424.25
2025-08-19,21586.78
2025-08-20,21660.44
2025-08-21,21677.19
2025-08-22,21644.61
2025-08-25,21657.97
2025-08-26,21256.13
2025-08-28,21023.49
2025-08-29,20956.89
2025-09-01,21252.36
2025-09-02,21379.44
2025-09-03,21559.37
2025-09-04,21416.04
2025-09-05,21466.31
2025-09-08,21506.53
2025-09-09,21563.16
2025-09-10,21707.88
2025-09-11,21706.21
2025-09-12,21777.45
2025-09-15,21916.48
2025-09-16,22079.03
2025-09-17,22191.9
2025-09-18,22206.38
2025-09-19,22237.55
2025-09-22,22034.45
2025-09-23,21920.59
2025-09-24,21800.98
2025-09-25,21656.8
2025-09-26,21192.48
2025-09-29,21170.94
2025-09-30,21204.77
2025-10-01,21429.13
2025-10-03,21614.49
2025-10-06,21633.35
2025-10-07,21657.08
2025-10-08,21539.86
2025-10-09,21604.94
2025-10-10,21738.49
2025-10-13,21675.4
2025-10-14,21485.24
2025-10-15,21661.3
2025-10-16,21744.16
2025-10-17,21692.76
2025-10-20,21808.19
2025-10-21,21959.74
2025-10-23,21907.48
2025-10-24,21875.87
2025-10-27,22018.46
2025-10-28,22039.07
2025-10-29,22137.15
2025-10-30,22121.86
2025-10-31,21998.15
2025-11-03,22151.94
2025-11-04,22007.04
2025-11-06,21678.33
2025-11-07,21627.94
2025-11-10,21626.99
2025-11-11,21597.51
2025-11-12,21757.89
2025-11-13,21671.57
2025-11-14,21714.05
2025-11-17,21862.49
2025-11-18,21639.88
2025-11-19,21549.14
2025-11-20,21528.95
2025-11-21,21261.29
2025-11-24,21124.13
2025-11-25,21146.48
2025-11-26,21396.16
2025-11-27,21320.16
2025-11-28,21272.59
2025-12-01,21320.85
2025-12-02,21226.62
2025-12-03,21132.81
2025-12-04,21082.57
2025-12-05,20970.69
2025-12-08,20494.05
2025-12-09,20702.08
2025-12-10,20555.05
2025-12-11,20673.75
2025-12-12,20846.02
2025-12-15,20920.53
2025-12-16,20758.78
2025-12-17,20609.32
2025-12-18,20585.79
2025-12-19,20860.45
2025-12-22,21061.3
2025-12-23,21149.42
2025-12-24,21161.84
2025-12-26,21122.77
2025-12-29,21010.36
2025-12-30,20967.51
2025-12-31,21212.7
2026-01-01,21191.27
2026-01-02,21353.78
2026-01-05,21414.31
2026-01-06,21348.39
2026-01-07,21379.54
2026-01-08,20963.88
2026-01-09,20608.4
2026-01-12,20471.0
2026-01-13,20603.04
2026-01-14,20702.67
2026-01-16,20605.64
2026-01-19,20372.66
2026-01-20,19827.41
2026-01-21,19680.99
2026-01-22,19859.02
2026-01-23,19472.58
2026-01-27,19511.91
2026-01-28,19885.77
2026-01-29,19875.29
2026-01-30,20045.46
2026-02-01,19610.07
2026-02-02,19719.72
2026-02-03,20298.91
2026-02-04,20456.03
2026-02-05,20246.49
2026-02-06,20177.52
2026-02-09,20692.02
2026-02-10,20796.39
2026-02-11,20823.64
2026-02-12,20671.56
2026-02-13,20340.44
2026-02-16,20331.37
2026-02-17,20483.05
2026-02-18,20586.86
2026-02-19,20341.55
2026-02-20,20306.87
2026-02-23,20394.88
2026-02-24,20274.13
2026-02-25,20404.86
2026-02-26,20419.85
2026-02-27,20208.09
2026-03-02,19825.52
2026-03-04,19405.87
2026-03-05,19679.65
2026-03-06,19624.68
2026-03-09,19168.18
2026-03-10,19578.45
2026-03-11,19502.98
2026-03-12,19426.62
2026-03-13,18906.31
2026-03-16,18839.08
2026-03-17,18947.03
2026-03-18,19283.01
2026-03-19,18773.62
2026-03-20,18822.88
2026-03-23,18111.42
2026-03-24,18545.86
2026-03-25,19007.7
2026-03-27,18650.26
2026-03-30,18183.31
2026-04-01,18769.58
2026-04-02,18739.42
2026-04-06,18939.74
2026-04-07,18964.06
2026-04-08,19705.42
2026-04-09,19731.19
2026-04-10,20048.48
2026-04-13,19965.6
2026-04-15,20428.19
2026-04-16,20616.37
2026-04-17,20921.76
2026-04-20,20845.73
2026-04-21,21015.9
2026-04-22,21232.57
2026-04-23,21116.75
2026-04-24,20890.47
2026-04-27,21270.86
2026-04-28,21281.45
2026-04-29,21386.53
2026-04-30,21293.37
2026-05-04,21503.56
2026-05-05,21544.58
2026-05-06,21933.61
2026-05-07,22156.53
2026-05-08,22193.53
2026-05-11,21959.6
2026-05-12,21300.72
2026-05-13,21362.08
2026-05-14,21368.43
2026-05-15,21288.41
2026-05-18,20971.13
2026-05-19,21214.2
2026-05-20,21232.58
2026-05-21,21383.13
2026-05-22,21357.09
2026-05-25,21613.08
2026-05-26,21655.48
2026-05-27,21775.07
2026-05-29,21635.09
2026-06-01,21463.2
2026-06-02,21577.18
2026-06-03,21587.15
2026-06-04,21712.27
2026-06-05,21714.66
2026-06-08,21325.53
2026-06-09,21616.58
2026-06-10,21370.76
2026-06-11,21192.19
2026-06-12,21750.66
2026-06-15,22022.69
2026-06-16,22120.38
2026-06-17,22281.48
2026-06-18,22432.42
2026-06-19,22561.31
2026-06-22,22734.45
2026-06-23,22604.44
2026-06-24,22651.53
2026-06-25,22551.49
2026-06-29,22444.43
2026-06-30,22573.38
2026-07-01,22676.88
2026-07-02,22908.51
2026-07-03,22926.55
2026-07-06,23031.48
2026-07-07,22871.59
2026-07-08,22419.09
2026-07-09,22773.0
2026-07-10,23086.09
2026-07-13,23153.56
2026-07-14,22904.84
2026-07-15,23063.2
2026-07-16,23077.68
2026-07-17,22949.9
2026-07-20,22976.51
2026-07-21,23075.64
2026-07-22,22773.52
2026-07-23,22502.92
2026-07-24,22446.21
2026-07-27,22732.2
2026-07-28,22626.27
2026-07-29,22927.99
2026-07-30,22760.31
2026-07-31,22862.22
2026-08-03,23177.0
2026-08-04,23213.21
2026-08-05,23377.49
2026-08-06,23424.28
2026-08-07,23425.64
2026-08-10,23411.81
2026-08-11,23460.82
2026-08-12,23402.64
2026-08-13,23442.45
2026-08-14,23333.72
2026-08-17,23378.56
2026-08-18,23424.41
2026-08-19,23277.92
2026-08-20,23414.18
2026-08-21,23511.13
2026-08-24,23462.09
2026-08-25,23426.67
2026-08-26,23565.32
2026-08-27,23536.07
2026-08-28,23619.07
2026-08-31,23460.62
2026-09-01,23449.34
2026-09-02,23313.26
2026-09-03,23554.23
2026-09-04,23602.76
